LAST UPDATED,FREQUENCY,PERIOD BEGIN,PERIOD END,REGION ID,REGION TYPE,REGION NAME,HOMES SOLD,HOMES SOLD YOY (%),MEDIAN SALE PRICE NSA ($),MEDIAN SALE PRICE NSA YOY (%),MEDIAN DAYS ON MARKET (DAYS),MEDIAN DAYS ON MARKET YOY (DAYS),NEW LISTINGS,NEW LISTINGS YOY (%),ACTIVE LISTINGS,ACTIVE LISTINGS YOY (%),PENDING SALES,PENDING SALES YOY (%),MEDIAN NEW LISTING PRICE PER SQ.FT. ($),MEDIAN NEW LISTING PRICE PER SQ.FT. YOY (%)
2026-09-03,Monthly,2026-08-01,2026-08-31,1,State,Alabama,5201,-1.38,301146,2.12,66,4,6918,4.05,31040,6.16,6421,4.94,159.31,-0.16
2026-09-03,Monthly,2026-08-01,2026-08-31,3,State,Alaska,728,3.76,415271,2.54,30,-2,903,12.35,2788,10.95,798,0.32,256.11,5.43
2026-09-03,Monthly,2026-08-01,2026-08-31,5,State,Arizona,8207,-1.08,428217,-0.88,66,-4,10765,-0.39,48440,-0.03,9513,-3.84,259.61,1.28
2026-09-03,Monthly,2026-08-01,2026-08-31,7,State,Arkansas,2998,-4.37,275901,2.22,57,2,4014,-4.82,19052,5.95,3554,0.12,163.22,1.96
2026-09-03,Monthly,2026-08-01,2026-08-31,9,State,California,23044,1.54,746890,-0.01,42,-5,29718,0.63,106530,-3.45,25918,-3.28,476.07,1.82
2026-09-03,Monthly,2026-08-01,2026-08-31,11,State,Colorado,6663,-6.64,552599,0.47,49,-2,9450,2.93,38950,0.7,7589,-8.92,267.94,0.01
2026-09-03,Monthly,2026-08-01,2026-08-31,17,State,Columbia,480,-15.71,672201,1.46,67,3,865,5.5,3822,-0.44,547,-10.58,505.27,2.49
2026-09-03,Monthly,2026-08-01,2026-08-31,13,State,Connecticut,3088,-1.67,474026,7.73,40,2,3504,-0.25,10367,-1.03,3544,-2.67,256.99,4.49
2026-09-03,Monthly,2026-08-01,2026-08-31,15,State,Delaware,1153,-1.8,401488,3.21,57,9,1431,5.85,5591,8.83,1290,2.32,214.14,0.38
2026-09-03,Monthly,2026-08-01,2026-08-31,19,State,Florida,30212,1.31,383403,0.9,73,-3,41887,-2.69,206508,-8.08,36191,1.67,239.6,0.93
2026-09-03,Monthly,2026-08-01,2026-08-31,21,State,Georgia,10523,-3.41,358507,-0.91,59,-1,17477,9.79,72711,6.03,11911,-6.12,173.05,-4.98
2026-09-03,Monthly,2026-08-01,2026-08-31,25,State,Hawaii,1034,5.62,755853,2.14,89,-11,1445,0.02,8447,1.58,1263,0.3,682.04,0.38
2026-09-03,Monthly,2026-08-01,2026-08-31,27,State,Idaho,2758,10.08,512859,7.85,48,-5,2708,-5.07,10378,-16.07,2650,-4.53,274.7,3.97
2026-09-03,Monthly,2026-08-01,2026-08-31,29,State,Illinois,11526,2.63,328632,4.33,52,1,13760,2.47,45772,2.4,13344,4.61,195.64,5.91
2026-09-03,Monthly,2026-08-01,2026-08-31,31,State,Indiana,7174,1.28,281119,2.23,37,3,8079,-4.57,27862,4.85,7851,-2.94,154.31,2.17
2026-09-03,Monthly,2026-08-01,2026-08-31,33,State,Iowa,3306,1.36,255934,4.46,39,-2,3925,3.28,14031,3.32,3658,7.09,164.55,5.33
2026-09-03,Monthly,2026-08-01,2026-08-31,35,State,Kansas,2693,-0.1,307995,8.07,27,2,3159,-4.93,9818,-3.85,3147,2.69,152.14,4.04
2026-09-03,Monthly,2026-08-01,2026-08-31,37,State,Kentucky,3772,-3.51,283818,3.21,50,4,4675,-5.45,18831,8.11,4542,0.9,169.89,1.88
2026-09-03,Monthly,2026-08-01,2026-08-31,39,State,Louisiana,3350,-4.25,258922,1.71,60,-5,4203,-6.08,19954,-6.79,3855,-1.84,151.35,4.19
2026-09-03,Monthly,2026-08-01,2026-08-31,41,State,Maine,1464,-5.28,423238,2.77,54,-5,1913,4.42,8051,8.31,1675,-4.81,270.45,2.7
2026-09-03,Monthly,2026-08-01,2026-08-31,43,State,Maryland,5467,-2.98,443155,1.87,43,2,7214,3.94,25197,10.29,6333,-3.63,227.51,0.53
2026-09-03,Monthly,2026-08-01,2026-08-31,45,State,Massachusetts,5176,-1.32,657263,1.12,27,2,7389,17.46,21081,17.36,5978,1,379.18,2.01
2026-09-03,Monthly,2026-08-01,2026-08-31,47,State,Michigan,9742,-2.86,297760,6.34,33,0,12389,2.63,40164,7.15,11265,1.58,154.53,-6.97
2026-09-03,Monthly,2026-08-01,2026-08-31,49,State,Minnesota,5976,1.79,368466,1.79,36,3,7292,5.6,27406,9.9,6259,-2.18,194.76,1.12
2026-09-03,Monthly,2026-08-01,2026-08-31,51,State,Mississippi,1841,3.13,277743,4.81,56,11,2512,1.6,11353,8.75,2412,1.33,149.56,2.78
2026-09-03,Monthly,2026-08-01,2026-08-31,2,State,Missouri,6689,0.88,298656,6.68,33,-3,8493,4.48,28486,4.33,7574,-2.7,166,3.44
2026-09-03,Monthly,2026-08-01,2026-08-31,4,State,Montana,1053,5.93,522823,4.59,85,1,1302,-6.57,7157,-1.38,1512,24.51,292.85,3.48
2026-09-03,Monthly,2026-08-01,2026-08-31,6,State,Nebraska,1682,-3.75,321661,5.46,29,-2,2007,-6.69,6304,-8.09,1623,-14.13,164.33,1.26
2026-09-03,Monthly,2026-08-01,2026-08-31,8,State,Nevada,3380,2.89,468051,0.98,63,2,4119,0.84,18001,-2.66,3690,-1.61,263.5,-0.49
2026-09-03,Monthly,2026-08-01,2026-08-31,10,State,New Hampshire,1563,7.92,537761,1.46,44,4,1838,5.45,6130,12.34,1766,4.61,297.09,3.85
2026-09-03,Monthly,2026-08-01,2026-08-31,12,State,New Jersey,7421,3.79,587553,2.18,43,-5,9315,5.2,32750,8.8,8219,-0.38,329.34,3.45
2026-09-03,Monthly,2026-08-01,2026-08-31,14,State,New Mexico,1660,0.76,361495,0.42,56,4,1886,-11.66,8933,-0.73,2003,-1.4,209.16,1.49
2026-09-03,Monthly,2026-08-01,2026-08-31,16,State,New York,10914,3.06,547719,5.88,36,1,14215,2.26,51229,1.25,11626,-4.7,322.52,0.56
2026-09-03,Monthly,2026-08-01,2026-08-31,18,State,North Carolina,12296,-0.25,373465,-0.41,66,9,15636,0.31,70246,9.35,13766,-4.41,204.41,0.9
2026-09-03,Monthly,2026-08-01,2026-08-31,20,State,North Dakota,561,-15.84,318623,-2.41,43,-4,737,-0.42,2820,0.02,684,-1.57,167.84,2.16
2026-09-03,Monthly,2026-08-01,2026-08-31,22,State,Ohio,11236,2.04,274855,4.11,44,1,13019,0.05,44393,7.88,13395,2.2,168.6,2.99
2026-09-03,Monthly,2026-08-01,2026-08-31,23,State,Oklahoma,3862,-4.51,263901,3.49,38,-1,5048,-2.99,21411,2.25,4418,-5.4,157.72,3.23
2026-09-03,Monthly,2026-08-01,2026-08-31,24,State,Oregon,3896,-1.71,506889,-0.61,39,-6,4787,2.85,19996,-1.04,4328,-6.27,295.72,1.25
2026-09-03,Monthly,2026-08-01,2026-08-31,26,State,Pennsylvania,10789,2.65,327636,4.01,37,-1,13081,4.09,43881,7.59,12013,0.2,187.29,1.99
2026-09-03,Monthly,2026-08-01,2026-08-31,58,State,Puerto Rico,NA,NA,NA,NA,NA,NA,NA,NA,NA,NA,NA,NA,NA,NA
2026-09-03,Monthly,2026-08-01,2026-08-31,28,State,Rhode Island,941,-2.69,532781,6.56,31,1,1188,7.35,3345,7.11,963,-6.37,293.7,2.66
2026-09-03,Monthly,2026-08-01,2026-08-31,30,State,South Carolina,7389,-0.74,348549,-0.13,74,-2,9511,1.57,42445,0.99,8641,0.13,193.22,1.81
2026-09-03,Monthly,2026-08-01,2026-08-31,32,State,South Dakota,691,-3.06,337096,-2.29,50,-9,972,4.5,4167,1.36,915,11.71,191.56,2.18
2026-09-03,Monthly,2026-08-01,2026-08-31,34,State,Tennessee,7697,-5.08,378325,0.89,66,0,26474,149.48,64377,38.04,9471,-1.33,141.43,-32.78
2026-09-03,Monthly,2026-08-01,2026-08-31,36,State,Texas,26159,-5.59,333611,-1.3,68,0,39362,-1.45,180524,-3.18,31836,-3.65,176.92,0.54
2026-09-03,Monthly,2026-08-01,2026-08-31,38,State,Utah,2954,-10.62,522823,-0.41,55,3,4639,4.92,19304,6.17,3759,-7.73,243.38,0.17
2026-09-03,Monthly,2026-08-01,2026-08-31,40,State,Vermont,683,6.25,438280,0.75,69,11,862,11.43,3869,14.19,781,2.25,265.85,5.47
2026-09-03,Monthly,2026-08-01,2026-08-31,42,State,Virginia,8753,-1.19,448034,5.42,38,2,10841,3.45,35799,8.48,9956,-1.23,233.18,2.36
2026-09-03,Monthly,2026-08-01,2026-08-31,44,State,Washington,7102,-2.82,597504,-2.81,32,4,9343,5.22,34773,15.3,7700,-6.03,339.02,0.45
2026-09-03,Monthly,2026-08-01,2026-08-31,46,State,West Virginia,1190,1.74,256183,0.47,56,-2,1481,-7.97,5696,-6.45,1366,-6.39,151.88,5.38
2026-09-03,Monthly,2026-08-01,2026-08-31,48,State,Wisconsin,5761,1.04,358507,5.76,51,0,6508,3.02,22825,5.61,6473,5.71,201.61,4.52
2026-09-03,Monthly,2026-08-01,2026-08-31,50,State,Wyoming,653,15.53,387387,1.94,49,3,712,-7.65,2944,-7.33,753,10.34,189.69,3.04
2026-09-03,Monthly,2026-07-01,2026-07-31,1,State,Alabama,5290,3.38,302000,1,64,1,6746,2.19,30601,4.6,6485,4.55,164.01,3.19
2026-09-03,Monthly,2026-07-01,2026-07-31,3,State,Alaska,744,8.58,435000,3.57,32,2,910,17.08,2741,7.64,803,3.32,256.78,5.09
2026-09-03,Monthly,2026-07-01,2026-07-31,5,State,Arizona,8225,1.13,440000,1.15,67,-2,10659,-2.71,47692,-2.94,9304,-8.89,258.28,1.4
2026-09-03,Monthly,2026-07-01,2026-07-31,7,State,Arkansas,3110,-1.33,280000,4.32,57,3,4113,0.25,18811,5.03,3501,-4.92,163.9,3.55
2026-09-03,Monthly,2026-07-01,2026-07-31,9,State,California,22990,1.73,755000,0.67,42,-4,29087,-2.27,105188,-6.17,25893,-0.67,469.74,1.7
2026-09-03,Monthly,2026-07-01,2026-07-31,11,State,Colorado,6985,-0.18,556000,1.09,47,-1,9206,-0.33,38131,-3.27,7895,-5.83,267.66,-0.66
2026-09-03,Monthly,2026-07-01,2026-07-31,17,State,Columbia,541,-0.23,679000,0.3,67,2,812,0.2,3754,-2.1,580,-6.34,489.13,2.33
2026-09-03,Monthly,2026-07-01,2026-07-31,13,State,Connecticut,3138,-0.12,468000,4,39,-1,3484,-0.83,10313,-2.02,3501,-3.52,256.81,5.14
2026-09-03,Monthly,2026-07-01,2026-07-31,15,State,Delaware,1145,3.65,419000,3.03,55,6,1415,6.06,5507,7.66,1257,-5.65,220.9,4.34
2026-09-03,Monthly,2026-07-01,2026-07-31,19,State,Florida,30369,4.44,394900,2.57,72,-4,41546,-3.74,197440,-13.24,35599,1.62,239.27,0.66
2026-09-03,Monthly,2026-07-01,2026-07-31,21,State,Georgia,10598,-1.94,370000,1.37,59,0,16051,0.79,73296,8.81,12415,-0.94,184.5,1.68
2026-09-03,Monthly,2026-07-01,2026-07-31,25,State,Hawaii,1035,9.78,750000,4.38,89,-10,1419,5.44,8347,0.19,1278,3.26,685.03,1.32
2026-09-03,Monthly,2026-07-01,2026-07-31,27,State,Idaho,2573,2.15,495000,4.15,46,-6,2743,-1.08,10473,-15.81,2748,2.42,276.45,3.88
2026-09-03,Monthly,2026-07-01,2026-07-31,29,State,Illinois,11369,-0.8,337000,5.97,50,-1,13712,2.77,45513,1.56,13062,1.05,194.18,4.78
2026-09-03,Monthly,2026-07-01,2026-07-31,31,State,Indiana,7125,2.29,285000,3.54,37,3,8481,3.75,27704,4.95,7888,-3.52,154.43,3.35
2026-09-03,Monthly,2026-07-01,2026-07-31,33,State,Iowa,3222,2.13,265000,8.16,38,-3,3929,1.85,13777,1.78,3549,0.07,166.44,6.99
2026-09-03,Monthly,2026-07-01,2026-07-31,35,State,Kansas,2725,1.58,303345,1.15,26,1,3212,0.4,9688,-3.87,3069,-2.39,154.39,5
2026-09-03,Monthly,2026-07-01,2026-07-31,37,State,Kentucky,3801,-2.64,291800,4.25,50,6,4854,2.05,18843,9.07,4552,0.45,171.4,3.07
2026-09-03,Monthly,2026-07-01,2026-07-31,39,State,Louisiana,3316,-2.77,261883,4.8,62,1,4154,-4.51,19894,-8.38,3815,-3.12,150.83,2.71
2026-09-03,Monthly,2026-07-01,2026-07-31,41,State,Maine,1506,1.1,425000,1.07,52,-8,1944,7.68,7759,3.11,1639,-9.72,272.67,4.54
2026-09-03,Monthly,2026-07-01,2026-07-31,43,State,Maryland,5628,1.11,450000,2.27,43,3,6900,2.18,24765,9.54,6398,-0.9,226.59,-0.6
2026-09-03,Monthly,2026-07-01,2026-07-31,45,State,Massachusetts,5348,2.56,675000,0.75,27,1,6879,8.27,20125,10.47,6067,1.68,378.18,3.35
2026-09-03,Monthly,2026-07-01,2026-07-31,47,State,Michigan,9793,-2.38,299000,3.55,33,2,12372,2.55,39987,7.14,11163,0.63,155.7,-6.88
2026-09-03,Monthly,2026-07-01,2026-07-31,49,State,Minnesota,6021,3.94,375000,2.74,35,0,7306,6.28,27473,8.81,6300,0.2,194.45,1.48
2026-09-03,Monthly,2026-07-01,2026-07-31,51,State,Mississippi,1854,2.22,280000,7.69,50,0,2465,-2.09,11208,7.45,2358,0.99,151.24,2.73
2026-09-03,Monthly,2026-07-01,2026-07-31,2,State,Missouri,6705,2.28,299000,4.91,34,1,8471,4.01,28176,3.79,7703,1.87,165.98,4.05
2026-09-03,Monthly,2026-07-01,2026-07-31,4,State,Montana,1071,4.91,520000,-0.95,84,1,1389,1.24,7142,-1.83,1620,44.82,293.6,3.89
2026-09-03,Monthly,2026-07-01,2026-07-31,6,State,Nebraska,1685,-6.16,320000,4.92,32,3,1972,-7.81,6272,-6.49,1707,-7.74,164.21,2.93
2026-09-03,Monthly,2026-07-01,2026-07-31,8,State,Nevada,3364,3.57,472500,2.72,61,-1,4134,-0.24,17977,-4.72,3863,-0.37,265.23,0.93
2026-09-03,Monthly,2026-07-01,2026-07-31,10,State,New Hampshire,1553,4.12,550000,6.8,44,4,1824,4.8,5963,8.21,1716,1.53,295.79,3.78
2026-09-03,Monthly,2026-07-01,2026-07-31,12,State,New Jersey,7467,3.85,600000,7.14,43,-3,9081,2.04,31971,6.85,8088,-2.19,329.19,3.99
2026-09-03,Monthly,2026-07-01,2026-07-31,14,State,New Mexico,1734,3.23,360000,1.41,53,1,1971,-7.29,8903,-1.49,1974,-1.44,209.25,1.42
2026-09-03,Monthly,2026-07-01,2026-07-31,16,State,New York,11087,3.48,547500,4.29,35,1,14079,0.74,50778,-0.15,11862,-0.68,319.96,0.26
2026-09-03,Monthly,2026-07-01,2026-07-31,18,State,North Carolina,12268,-0.48,380000,1.33,66,13,15570,-0.64,69241,7.98,13710,-2.55,204.48,0.61
2026-09-03,Monthly,2026-07-01,2026-07-31,20,State,North Dakota,643,4,325000,6.56,43,-2,700,-8.38,2752,-4.25,681,-3.43,171.97,5.66
2026-09-03,Monthly,2026-07-01,2026-07-31,22,State,Ohio,11352,4.17,280000,3.8,43,1,13435,5.01,43842,6.63,13282,0.75,168.99,3.66
2026-09-03,Monthly,2026-07-01,2026-07-31,23,State,Oklahoma,3941,-1.17,266267,2.41,37,1,5078,-2.63,21006,0.33,4460,-4.92,158.33,3.31
2026-09-03,Monthly,2026-07-01,2026-07-31,24,State,Oregon,3991,4.4,520500,1.07,40,-2,4832,1.17,19668,-3.86,4486,0.11,295.04,0.49
2026-09-03,Monthly,2026-07-01,2026-07-31,26,State,Pennsylvania,10651,1.5,329000,4.44,38,2,12898,1.34,43154,6.27,12010,2.18,189.62,3.99
2026-09-03,Monthly,2026-07-01,2026-07-31,58,State,Puerto Rico,NA,NA,NA,NA,NA,NA,NA,NA,NA,NA,NA,NA,NA,NA
2026-09-03,Monthly,2026-07-01,2026-07-31,28,State,Rhode Island,898,-4.11,531000,6.2,33,1,1171,8.92,3224,2.94,1019,1.56,298.44,6.01
2026-09-03,Monthly,2026-07-01,2026-07-31,30,State,South Carolina,7434,0.48,352000,-0.28,73,-3,9310,-1.41,41962,-0.09,8487,-2.08,193.9,2.98
2026-09-03,Monthly,2026-07-01,2026-07-31,32,State,South Dakota,731,-3.9,342000,2.09,54,5,970,4.03,4036,-0.93,899,7.53,190.28,-0.97
2026-09-03,Monthly,2026-07-01,2026-07-31,34,State,Tennessee,8093,0.89,380441,1.45,67,1,10803,2.75,47847,1.62,9280,-5.84,217.1,3.31
2026-09-03,Monthly,2026-07-01,2026-07-31,36,State,Texas,26662,-1.73,340000,0,69,0,39370,-3.08,180369,-4.09,32023,-2.92,176.35,0.03
2026-09-03,Monthly,2026-07-01,2026-07-31,38,State,Utah,3197,-0.92,530000,0.95,54,2,4573,0.29,18658,0.46,3794,-8.28,245.64,1.04
2026-09-03,Monthly,2026-07-01,2026-07-31,40,State,Vermont,651,2.24,449000,4.42,67,8,839,-1.29,3754,12,766,2.51,263.86,4.79
2026-09-03,Monthly,2026-07-01,2026-07-31,42,State,Virginia,8825,0.46,447000,2.76,37,1,10526,3.09,35100,6.51,9769,-1.75,233.72,2.97
2026-09-03,Monthly,2026-07-01,2026-07-31,44,State,Washington,7087,-2.89,609280,-0.93,31,3,9374,3.51,33893,10.93,7819,-2.45,338.54,0.36
2026-09-03,Monthly,2026-07-01,2026-07-31,46,State,West Virginia,1183,-2.04,260000,4,56,0,1496,-5.06,5630,-6.14,1437,-3.09,151.54,5.59
2026-09-03,Monthly,2026-07-01,2026-07-31,48,State,Wisconsin,5787,3.46,359700,7.37,51,1,6528,3.51,22695,4.95,6352,2.49,200.15,4.55
2026-09-03,Monthly,2026-07-01,2026-07-31,50,State,Wyoming,611,-1.75,390000,6.19,45,-3,721,-6.72,2949,-7.48,779,18.88,192.58,0.97
2026-09-03,Monthly,2026-06-01,2026-06-30,1,State,Alabama,5374,7.07,305000,2.01,64,3,6686,2.93,30572,5.44,6460,7.62,163.63,2.69
2026-09-03,Monthly,2026-06-01,2026-06-30,3,State,Alaska,695,0.9,445000,8.47,29,0,886,12.82,2657,2.68,784,-2.35,253.6,3.7
2026-09-03,Monthly,2026-06-01,2026-06-30,5,State,Arizona,8267,1.85,445000,2.3,69,0,10755,-1.09,47548,-3.86,9740,2.78,257.88,1.17
2026-09-03,Monthly,2026-06-01,2026-06-30,7,State,Arkansas,3197,2.27,281000,0.93,55,2,4174,-1.22,18870,6.13,3602,1.5,162.82,4
2026-09-03,Monthly,2026-06-01,2026-06-30,9,State,California,23338,5.25,775000,1.64,42,0,29374,-0.32,107014,-6.29,26739,4.22,467.33,0.8
2026-09-03,Monthly,2026-06-01,2026-06-30,11,State,Colorado,7042,-1.7,565000,0,48,1,9885,5.94,38360,-3.39,8134,-1.44,265.86,-1.81
2026-09-03,Monthly,2026-06-01,2026-06-30,17,State,Columbia,534,2.2,700000,-0.99,64,-3,763,-9.06,3767,-3.34,592,-6.18,484.55,-0.18
2026-09-03,Monthly,2026-06-01,2026-06-30,13,State,Connecticut,3113,1.18,477000,6,40,0,3575,2.59,10544,0.57,3592,0.91,256.95,6.07
2026-09-03,Monthly,2026-06-01,2026-06-30,15,State,Delaware,1175,1.55,413000,1.98,56,8,1424,4.06,5500,8.12,1294,2.81,219.71,4.72
2026-09-03,Monthly,2026-06-01,2026-06-30,19,State,Florida,30550,5.76,400000,2.57,73,-2,41722,-4.66,199206,-13.52,36261,5.5,237.52,-0.28
2026-09-03,Monthly,2026-06-01,2026-06-30,21,State,Georgia,10779,-2.44,375000,0.27,59,-1,17059,9.99,75150,14.24,12725,3.14,183.9,0.59
2026-09-03,Monthly,2026-06-01,2026-06-30,54,State,Guam,NA,NA,NA,NA,NA,NA,NA,NA,NA,NA,NA,NA,NA,NA
2026-09-03,Monthly,2026-06-01,2026-06-30,25,State,Hawaii,1019,2.36,749000,-0.13,94,5,1529,9.52,8332,-1.73,1220,-1.88,703.53,5.33
2026-09-03,Monthly,2026-06-01,2026-06-30,27,State,Idaho,2722,11.92,499000,3.42,50,-3,2799,-1.02,10901,-12.29,2940,13.02,274.53,3.24
2026-09-03,Monthly,2026-06-01,2026-06-30,29,State,Illinois,11460,-0.54,345000,6.81,50,-1,13634,1.29,45400,0.93,13238,-0.21,193.98,5.81
2026-09-03,Monthly,2026-06-01,2026-06-30,31,State,Indiana,7185,3.49,289000,5.09,35,1,8374,2.2,27643,5.72,8125,2.7,153.79,2.3
2026-09-03,Monthly,2026-06-01,2026-06-30,33,State,Iowa,3341,3.54,265000,4.75,38,-3,3970,7.02,13764,3.11,3626,3.43,163.47,5.63
2026-09-03,Monthly,2026-06-01,2026-06-30,35,State,Kansas,2811,6.71,305000,5.17,27,3,3157,-2.73,9731,-2.43,3134,1.74,152.49,3.86
2026-09-03,Monthly,2026-06-01,2026-06-30,37,State,Kentucky,3894,1.94,289900,3.54,48,3,4903,4.1,18842,10.86,4527,1.82,170.42,3.02
2026-09-03,Monthly,2026-06-01,2026-06-30,39,State,Louisiana,3418,-0.02,265000,1.15,59,-3,4136,-5.5,20118,-7,3969,2.09,149.4,1.73
2026-09-03,Monthly,2026-06-01,2026-06-30,41,State,Maine,1519,6.02,440000,3.53,51,-8,1978,9.17,7694,2.81,1773,4.92,273.7,3
2026-09-03,Monthly,2026-06-01,2026-06-30,43,State,Maryland,5720,2.06,460000,2.22,45,3,7233,2.79,24976,11.3,6493,0.38,227.1,-0.22
2026-09-03,Monthly,2026-06-01,2026-06-30,45,State,Massachusetts,5258,1.41,689900,1.46,27,2,7122,7.98,20123,10.48,6398,8.88,378.09,2.16
2026-09-03,Monthly,2026-06-01,2026-06-30,47,State,Michigan,9882,-0.76,300000,4.17,33,1,12379,2.84,39967,7.24,13827,24.85,167.23,0.59
2026-09-03,Monthly,2026-06-01,2026-06-30,49,State,Minnesota,6000,2.43,375000,1.35,33,-1,7301,6.93,27268,10.17,6509,4.79,194.71,1.85
2026-09-03,Monthly,2026-06-01,2026-06-30,51,State,Mississippi,1826,-0.86,279000,3.33,50,3,2502,2.21,11136,8.23,2463,9.56,151.41,3.91
2026-09-03,Monthly,2026-06-01,2026-06-30,2,State,Missouri,6718,2.39,299900,3.41,32,-1,8465,4.78,28099,4.31,7802,3.16,164.64,2.97
2026-09-03,Monthly,2026-06-01,2026-06-30,4,State,Montana,1068,9.34,529500,6.11,84,3,1335,-6.14,7151,-1.47,1535,30.9,292.52,1.58
2026-09-03,Monthly,2026-06-01,2026-06-30,6,State,Nebraska,1800,-0.74,325000,4.84,31,2,2049,1.24,6275,-2.88,1745,-1.96,164.94,3.8
2026-09-03,Monthly,2026-06-01,2026-06-30,8,State,Nevada,3459,9.17,480000,3.23,63,4,4223,-2.37,18416,-2.97,4040,9.62,262.68,-1.2
2026-09-03,Monthly,2026-06-01,2026-06-30,10,State,New Hampshire,1549,9.43,545000,2.83,44,6,1823,3.67,5985,10.76,1761,7.4,297.83,3.57
2026-09-03,Monthly,2026-06-01,2026-06-30,12,State,New Jersey,7346,2.45,590000,4.42,43,-2,9312,5.86,31691,7.65,8464,5.21,328.08,3.57
2026-09-03,Monthly,2026-06-01,2026-06-30,14,State,New Mexico,1722,3.27,356500,1.28,54,6,2095,-0.66,9058,0.89,2060,4.28,210.14,1.73
2026-09-03,Monthly,2026-06-01,2026-06-30,16,State,New York,10585,-0.49,545000,5.62,35,1,14157,2.75,52137,2.89,12195,3.53,325.06,3.97
2026-09-03,Monthly,2026-06-01,2026-06-30,18,State,North Carolina,12383,1.64,385000,1.32,65,13,15612,-0.53,69051,9.18,13949,0.05,204.7,0.9
2026-09-03,Monthly,2026-06-01,2026-06-30,20,State,North Dakota,658,14.08,335000,4.69,42,2,749,0.59,2746,-1.44,695,-2.59,166.94,2.08
2026-09-03,Monthly,2026-06-01,2026-06-30,22,State,Ohio,11238,2.81,280000,2.56,43,1,13198,2.04,43446,5.95,13409,3.11,167.44,2.5
2026-09-03,Monthly,2026-06-01,2026-06-30,23,State,Oklahoma,4238,11.85,261995,0.77,37,4,5137,1.17,21152,3.07,4627,2.53,156.51,1.7
2026-09-03,Monthly,2026-06-01,2026-06-30,24,State,Oregon,4053,7.41,520000,-1.7,44,2,4810,-1.72,19991,-2.04,4949,10.04,297.16,1.3
2026-09-03,Monthly,2026-06-01,2026-06-30,26,State,Pennsylvania,10801,3.69,337000,5.31,39,3,13127,6.32,43508,7.89,12283,4.83,187.25,2.2
2026-09-03,Monthly,2026-06-01,2026-06-30,58,State,Puerto Rico,NA,NA,NA,NA,NA,NA,NA,NA,NA,NA,NA,NA,NA,NA
2026-09-03,Monthly,2026-06-01,2026-06-30,28,State,Rhode Island,945,2.08,533500,4.61,31,0,1165,1.86,3211,0.63,1039,5.5,298.86,3.54
2026-09-03,Monthly,2026-06-01,2026-06-30,30,State,South Carolina,7511,2.55,359471,2.71,76,6,9415,0.13,44380,6.3,8571,1.01,193.47,2.04
2026-09-03,Monthly,2026-06-01,2026-06-30,32,State,South Dakota,770,1.62,340000,1.37,54,-3,909,-7.61,3966,0.43,881,3.43,193,3.69
2026-09-03,Monthly,2026-06-01,2026-06-30,34,State,Tennessee,8255,4.9,390000,3.17,67,4,10410,-1.19,47967,2.74,9469,-1.51,213.61,1.5
2026-09-03,Monthly,2026-06-01,2026-06-30,36,State,Texas,27525,2.93,345000,-0.86,70,3,39427,-1.35,181483,-3.25,32444,0.14,176.33,-0.19
2026-09-03,Monthly,2026-06-01,2026-06-30,38,State,Utah,3282,3.58,533250,2.16,54,4,4583,2.52,18996,2.89,3920,-1.15,244.26,0.04
2026-09-03,Monthly,2026-06-01,2026-06-30,40,State,Vermont,621,3.1,425000,-1.73,68,8,845,1.03,3731,14.46,750,3.74,260.07,3.78
2026-09-03,Monthly,2026-06-01,2026-06-30,60,State,Virgin Islands of the U.S.,NA,NA,NA,NA,NA,NA,NA,NA,NA,NA,NA,NA,NA,NA
2026-09-03,Monthly,2026-06-01,2026-06-30,42,State,Virginia,8879,0.94,461000,3.6,38,1,10854,5.93,35073,7.35,10013,-1,233.26,3.03
2026-09-03,Monthly,2026-06-01,2026-06-30,44,State,Washington,7249,-0.66,616000,-1.44,32,7,9318,1.65,33585,10.27,8070,-1.38,338.85,-0.1
2026-09-03,Monthly,2026-06-01,2026-06-30,46,State,West Virginia,1246,4.02,275000,4.56,54,-1,1474,-4.26,5732,-0.9,1416,3.18,151.01,5.51
2026-09-03,Monthly,2026-06-01,2026-06-30,48,State,Wisconsin,5802,3.1,360000,5.88,50,0,6584,5.17,22743,5.82,6451,5.23,199.2,3.22
2026-09-03,Monthly,2026-06-01,2026-06-30,50,State,Wyoming,643,6.74,375000,2.74,45,0,738,-8.45,2969,-4.7,743,12.53,194.07,1.06
2026-09-03,Monthly,2026-05-01,2026-05-31,1,State,Alabama,5376,2.58,305000,3.39,64,3,6909,3.34,30586,6.25,6479,6.36,162.15,1.34
2026-09-03,Monthly,2026-05-01,2026-05-31,3,State,Alaska,664,-3.1,429500,3.87,29,0,891,8.12,2602,-1.47,816,4.78,253.48,3.82
2026-09-03,Monthly,2026-05-01,2026-05-31,5,State,Arizona,8427,4.99,449000,0.9,67,4,10793,-1.84,47502,-3.39,10050,6.55,256.53,0.4
2026-09-03,Monthly,2026-05-01,2026-05-31,7,State,Arkansas,3176,2.86,278950,3.37,54,3,4317,5.39,18903,8.49,3675,3.94,162.32,2.16
2026-09-03,Monthly,2026-05-01,2026-05-31,9,State,California,23187,5.55,778000,2.1,41,0,29576,-4.33,109112,-5.19,26253,2.05,466.96,-0.19
2026-09-03,Monthly,2026-05-01,2026-05-31,11,State,Colorado,7310,2.15,565000,1.8,47,1,9059,-12.37,37638,-6.34,8132,-7.78,272.2,0.44
2026-09-03,Monthly,2026-05-01,2026-05-31,17,State,Columbia,573,17.23,719359,2.18,63,1,890,0.38,3847,-0.36,614,0.62,491.16,-1.74
2026-09-03,Monthly,2026-05-01,2026-05-31,13,State,Connecticut,3044,-3.81,459500,8.12,39,0,3650,4.78,10550,0.54,3611,0.28,253.79,3.42
2026-09-03,Monthly,2026-05-01,2026-05-31,15,State,Delaware,1214,1.55,410000,2.5,51,7,1449,4.43,5474,8.02,1311,5.78,216.94,1.68
2026-09-03,Monthly,2026-05-01,2026-05-31,19,State,Florida,30518,5.65,397000,1.79,73,0,42188,-4.12,200800,-13.61,36383,7.08,238.01,0.13
2026-09-03,Monthly,2026-05-01,2026-05-31,21,State,Georgia,10939,0.78,370000,1.37,61,4,17050,9.31,75888,16.55,12942,1.55,184.44,1.17
2026-09-03,Monthly,2026-05-01,2026-05-31,25,State,Hawaii,937,3.41,725000,-1.86,88,-2,1533,2.43,8264,-2.37,1282,10.67,679,-0.24
2026-09-03,Monthly,2026-05-01,2026-05-31,27,State,Idaho,2819,16.71,494900,4.19,48,-4,2939,-3.76,11300,-8.64,2943,13.46,275.09,3.18
2026-09-03,Monthly,2026-05-01,2026-05-31,29,State,Illinois,11504,1.81,335000,6.01,50,1,13606,-1.34,45498,1.29,13287,2.06,192.58,5.37
2026-09-03,Monthly,2026-05-01,2026-05-31,31,State,Indiana,7241,3.98,280585,3.92,35,2,8636,2.36,27902,6.99,8265,2.12,153.74,2.89
2026-09-03,Monthly,2026-05-01,2026-05-31,33,State,Iowa,3346,1.69,252250,1.92,39,-2,3977,3.18,13810,1.89,3702,5.3,162.18,2.62
2026-09-03,Monthly,2026-05-01,2026-05-31,35,State,Kansas,2821,1.88,295000,5.36,26,3,3273,-3.13,9955,0.59,3159,0.22,151.84,2.92
2026-09-03,Monthly,2026-05-01,2026-05-31,37,State,Kentucky,3997,5.62,282500,2.73,50,6,5127,8,18753,11.86,4648,5.3,168.97,2.57
2026-09-03,Monthly,2026-05-01,2026-05-31,39,State,Louisiana,3526,6.45,260000,1.56,60,-2,4258,-8.08,20491,-5.13,4025,3.51,149.23,1.53
2026-09-03,Monthly,2026-05-01,2026-05-31,41,State,Maine,1494,-1.29,430000,1.18,53,1,2022,9.06,7470,-0.51,1734,-2.84,267.6,-0.89
2026-09-03,Monthly,2026-05-01,2026-05-31,43,State,Maryland,5804,4.09,450000,2.8,47,7,7365,3.94,24894,12.39,6489,-0.53,226.77,-1.18
2026-09-03,Monthly,2026-05-01,2026-05-31,45,State,Massachusetts,5304,-0.19,667000,0.02,27,4,7127,7.73,20124,12.5,6255,6.17,377.35,1.9
2026-09-03,Monthly,2026-05-01,2026-05-31,47,State,Michigan,9856,-1.58,295000,5.39,34,3,12340,2.49,39727,7.06,11559,7.05,169.3,1.83
2026-09-03,Monthly,2026-05-01,2026-05-31,49,State,Minnesota,6095,4.43,365000,1.39,34,2,7425,7.81,26244,9.95,6668,9.08,195.02,2.2
2026-09-03,Monthly,2026-05-01,2026-05-31,51,State,Mississippi,1874,3.11,280000,3.74,49,4,2618,8.41,11030,7.33,2369,1.84,150.58,3.59
2026-09-03,Monthly,2026-05-01,2026-05-31,2,State,Missouri,6682,0.94,295000,5.36,32,-1,8516,-6.13,28261,1.55,7809,0.6,164.46,4.65
2026-09-03,Monthly,2026-05-01,2026-05-31,4,State,Montana,1078,10.59,515000,3.02,85,7,1439,-6.57,7215,0.55,1352,5.43,289.33,-1.76
2026-09-03,Monthly,2026-05-01,2026-05-31,6,State,Nebraska,1893,4.86,315000,1.61,34,6,2071,-2.61,6366,-1.37,1800,-1.77,162.21,2.48
2026-09-03,Monthly,2026-05-01,2026-05-31,8,State,Nevada,3402,5.6,475000,3.26,60,5,4498,-4.24,18774,-0.84,3914,4.08,264.02,-0.53
2026-09-03,Monthly,2026-05-01,2026-05-31,10,State,New Hampshire,1551,9.81,535000,3.02,44,5,1822,6.76,5964,12.4,1744,6.02,291.35,1.66
2026-09-03,Monthly,2026-05-01,2026-05-31,12,State,New Jersey,7243,-2.18,560000,2.75,43,-1,9505,7.03,31441,7.98,8257,0.76,325.95,2.76
2026-09-03,Monthly,2026-05-01,2026-05-31,14,State,New Mexico,1747,7.24,355000,1.14,52,4,2170,-0.27,9195,3.53,2041,1.72,208.1,0.53
2026-09-03,Monthly,2026-05-01,2026-05-31,16,State,New York,10158,-5.74,520000,2.97,37,4,13982,0.59,52516,3.18,12267,3.96,320.65,2
2026-09-03,Monthly,2026-05-01,2026-05-31,18,State,North Carolina,12528,2.21,379900,1.31,63,11,16075,-1.84,68919,10.67,14149,1.37,204.27,0.01
2026-09-03,Monthly,2026-05-01,2026-05-31,20,State,North Dakota,639,1.17,312000,2.61,41,1,762,1.14,2765,1.96,727,7.98,166.06,1.2
2026-09-03,Monthly,2026-05-01,2026-05-31,22,State,Ohio,11494,6.63,275000,5.77,43,1,13604,5.81,43631,7.71,13419,2.42,168.23,3.8
2026-09-03,Monthly,2026-05-01,2026-05-31,23,State,Oklahoma,4217,7.18,265000,2.32,37,0,5392,4.52,21325,4.73,4675,3.27,156.31,1.65
2026-09-03,Monthly,2026-05-01,2026-05-31,24,State,Oregon,4029,3.67,517900,-0.4,47,2,4958,-4.56,20199,-0.37,4750,6.4,297.96,1.05
2026-09-03,Monthly,2026-05-01,2026-05-31,26,State,Pennsylvania,10705,1.54,319000,5.63,37,1,12888,1.64,43326,7.08,12313,5.84,187.26,2.1
2026-09-03,Monthly,2026-05-01,2026-05-31,58,State,Puerto Rico,NA,NA,NA,NA,NA,NA,NA,NA,NA,NA,NA,NA,NA,NA
2026-09-03,Monthly,2026-05-01,2026-05-31,28,State,Rhode Island,867,-11.08,510000,2.51,32,2,1166,2.32,3209,0.36,1044,1.5,291.54,0.93
2026-09-03,Monthly,2026-05-01,2026-05-31,30,State,South Carolina,7571,2.6,350000,1.45,75,5,9567,2.28,44960,8.49,8819,5.43,191.54,0.63
2026-09-03,Monthly,2026-05-01,2026-05-31,32,State,South Dakota,848,9.43,344450,4.38,53,-10,1008,-1.06,4017,-5.49,893,5.23,192.02,3.14
2026-09-03,Monthly,2026-05-01,2026-05-31,34,State,Tennessee,8445,8.75,385000,1.85,68,5,10927,0.27,48919,5.23,9458,-1.76,212.47,1.03
2026-09-03,Monthly,2026-05-01,2026-05-31,36,State,Texas,27662,2.15,341500,0.41,70,6,39441,-3.42,183490,-1.51,32698,-0.7,175.91,-1.09
2026-09-03,Monthly,2026-05-01,2026-05-31,38,State,Utah,3293,-0.97,530000,1.92,53,3,4584,-0.59,19063,2.94,3893,-3.62,247.13,1.58
2026-09-03,Monthly,2026-05-01,2026-05-31,40,State,Vermont,646,2.45,447000,3.35,67,8,887,12.95,3715,16.33,786,10.16,253.35,4.74
2026-09-03,Monthly,2026-05-01,2026-05-31,42,State,Virginia,9000,3.16,450000,2.27,39,4,11044,3.31,34868,7.5,10161,3.5,231.94,1.84
2026-09-03,Monthly,2026-05-01,2026-05-31,44,State,Washington,7310,1.63,615000,-0.05,31,6,9524,-1.78,33479,11.94,8201,2.31,335.3,-2.12
2026-09-03,Monthly,2026-05-01,2026-05-31,46,State,West Virginia,1202,-3.54,270000,5.88,55,2,1568,1.34,5845,2.64,1529,-2.9,150.07,5.46
2026-09-03,Monthly,2026-05-01,2026-05-31,48,State,Wisconsin,5743,1.88,351000,5.66,51,0,6801,7.3,22725,6.49,6564,7.97,199.64,4.79
2026-09-03,Monthly,2026-05-01,2026-05-31,50,State,Wyoming,665,6.76,371000,1.66,49,7,781,-7.2,3068,0.21,747,7.72,192.27,3.58
2026-09-03,Monthly,2026-04-01,2026-04-30,1,State,Alabama,5317,2.87,299900,4.86,62,2,6992,4.68,30537,7.28,6560,10.62,162.06,1.59
2026-09-03,Monthly,2026-04-01,2026-04-30,3,State,Alaska,650,-6.59,419450,7.55,31,-2,838,4.18,2533,-5.59,795,3.52,251.87,3.79
2026-09-03,Monthly,2026-04-01,2026-04-30,5,State,Arizona,8396,3.24,440000,0.58,66,4,10710,-5.24,47610,-1.73,10120,5.34,255.88,-0.94
2026-09-03,Monthly,2026-04-01,2026-04-30,7,State,Arkansas,3372,10.25,270000,2.83,53,1,4381,4.77,18877,10.07,3795,7.9,162.77,3.22
2026-09-03,Monthly,2026-04-01,2026-04-30,9,State,California,23100,1.72,765000,0,40,1,29908,-5.43,109956,-2.72,26979,8.35,468.08,-0.6
2026-09-03,Monthly,2026-04-01,2026-04-30,11,State,Colorado,7439,1.1,550000,-1.79,46,1,9455,-9.68,38491,-0.2,8744,2.98,272.08,0.15
2026-09-03,Monthly,2026-04-01,2026-04-30,17,State,Columbia,538,7.82,654000,-11.77,64,8,897,-4.98,3784,-1.51,618,6.8,495.34,-1.3
2026-09-03,Monthly,2026-04-01,2026-04-30,13,State,Connecticut,3017,-4.36,428950,3.36,41,4,3630,4.56,10253,-2.92,3572,-0.45,256.59,6.21
2026-09-03,Monthly,2026-04-01,2026-04-30,15,State,Delaware,1133,-5.5,399990,3.09,51,10,1472,1.68,5416,7.57,1298,0.88,216.26,-0.28
2026-09-03,Monthly,2026-04-01,2026-04-30,19,State,Florida,29968,3.01,395000,2.33,74,3,41707,-8.07,202878,-12.8,36678,10.64,235.56,-2.6
2026-09-03,Monthly,2026-04-01,2026-04-30,21,State,Georgia,10797,-1.58,367000,1.94,62,6,17075,9.04,75252,17.16,13200,5.52,185.92,1.97
2026-09-03,Monthly,2026-04-01,2026-04-30,25,State,Hawaii,908,-4.24,725000,-0.82,97,8,1432,-9.65,8080,-3.6,1222,6.49,693.11,-0.21
2026-09-03,Monthly,2026-04-01,2026-04-30,27,State,Idaho,2706,11.1,474000,3.07,51,1,3057,-0.13,11652,-3.75,3005,18.08,273.31,3.39
2026-09-03,Monthly,2026-04-01,2026-04-30,29,State,Illinois,11489,2.11,326000,5.16,50,1,13726,0.79,45529,2.51,13908,8.88,192.73,4.62
2026-09-03,Monthly,2026-04-01,2026-04-30,31,State,Indiana,7191,3.85,270800,2.63,35,3,8895,6.43,28301,9.66,8319,4.25,153.62,2.51
2026-09-03,Monthly,2026-04-01,2026-04-30,33,State,Iowa,3333,4.23,242250,3.09,39,-1,3873,-1.86,13955,3.61,3637,5.33,162.76,4.45
2026-09-03,Monthly,2026-04-01,2026-04-30,35,State,Kansas,2783,1.86,285000,4.34,27,-3,3337,3.35,10095,4.65,3205,3.71,151.28,3.05
2026-09-03,Monthly,2026-04-01,2026-04-30,37,State,Kentucky,3927,2.29,275000,5.16,48,5,5234,11.12,18601,12.2,4752,11.29,168.36,1.2
2026-09-03,Monthly,2026-04-01,2026-04-30,39,State,Louisiana,3520,8.01,260000,4,64,0,4425,-4,21112,-1.2,4105,2.27,149.24,1.08
2026-09-03,Monthly,2026-04-01,2026-04-30,41,State,Maine,1490,1.55,417500,0.6,56,-1,1976,2.57,7242,-2.37,1783,3.76,272.91,4.53
2026-09-03,Monthly,2026-04-01,2026-04-30,43,State,Maryland,5748,1.41,431525,0.12,46,10,7525,7.95,24676,14.11,6543,0,228.78,0.75
2026-09-03,Monthly,2026-04-01,2026-04-30,45,State,Massachusetts,5076,-4.7,655000,2.75,27,3,7183,3.98,19797,11.21,6274,6.22,377.09,-0.11
2026-09-03,Monthly,2026-04-01,2026-04-30,47,State,Michigan,9883,-0.04,279900,5.62,33,1,12305,2.67,39014,6.07,11156,0.56,168.89,2.39
2026-09-03,Monthly,2026-04-01,2026-04-30,49,State,Minnesota,5882,-0.91,360000,0,36,4,7501,7.44,23792,11.56,6641,7.72,193.87,1.65
2026-09-03,Monthly,2026-04-01,2026-04-30,51,State,Mississippi,1894,5.86,272700,2.91,47,-1,2617,5.38,10940,7.28,2413,7.32,151.16,3.78
2026-09-03,Monthly,2026-04-01,2026-04-30,2,State,Missouri,6738,4.14,284900,5.52,31,-2,8471,5.55,28019,6.93,7876,4.71,164.4,3.47
2026-09-03,Monthly,2026-04-01,2026-04-30,4,State,Montana,1090,15.56,510000,2.2,86,0,1440,-3.12,7276,3.87,1371,9.92,287.07,-0.86
2026-09-03,Monthly,2026-04-01,2026-04-30,6,State,Nebraska,1928,9.16,295000,-1.01,32,3,2064,-4.94,6497,3.42,1835,2.74,161.99,1.58
2026-09-03,Monthly,2026-04-01,2026-04-30,8,State,Nevada,3371,0.99,460000,0,60,6,4503,-7.84,18912,2.81,3985,5.05,266.15,0.07
2026-09-03,Monthly,2026-04-01,2026-04-30,10,State,New Hampshire,1396,-5.9,510000,4.08,43,6,1836,6.43,5894,11.95,1761,11.01,296.04,2.82
2026-09-03,Monthly,2026-04-01,2026-04-30,12,State,New Jersey,6967,-3.59,540000,2.37,45,4,9756,10.68,31001,7.26,8437,5.07,325.52,2.94
2026-09-03,Monthly,2026-04-01,2026-04-30,14,State,New Mexico,1714,0.91,350000,0.29,50,1,2147,0.96,9329,6.25,2078,8.1,207.66,0.34
2026-09-03,Monthly,2026-04-01,2026-04-30,16,State,New York,10269,-5.2,500000,1.63,39,6,14398,4.63,52042,1.71,11915,-0.35,329.24,7.13
2026-09-03,Monthly,2026-04-01,2026-04-30,18,State,North Carolina,12480,2.78,375000,1.35,63,14,16694,4.21,68404,13.11,14393,5.67,205.1,0.03
2026-09-03,Monthly,2026-04-01,2026-04-30,20,State,North Dakota,642,5.39,319800,1.56,40,-2,743,-3.62,2747,0.17,712,1.87,167.08,1.93
2026-09-03,Monthly,2026-04-01,2026-04-30,22,State,Ohio,10938,-1.38,265000,7.07,43,1,13725,5.63,42999,6.57,13426,2.68,167.66,3.24
2026-09-03,Monthly,2026-04-01,2026-04-30,23,State,Oklahoma,4275,7.18,257750,1.08,47,5,5201,1.52,21287,6.63,4790,9.17,155.96,1.35
2026-09-03,Monthly,2026-04-01,2026-04-30,24,State,Oregon,4074,4.79,508500,0.69,47,4,5283,-3.35,20395,2.97,4751,5.73,295.31,-0.44
2026-09-03,Monthly,2026-04-01,2026-04-30,26,State,Pennsylvania,10447,-3.17,310000,5.8,38,4,13046,4.66,42800,7.46,12137,3.47,187.12,2.8
2026-09-03,Monthly,2026-04-01,2026-04-30,58,State,Puerto Rico,NA,NA,NA,NA,NA,NA,NA,NA,NA,NA,NA,NA,NA,NA
2026-09-03,Monthly,2026-04-01,2026-04-30,28,State,Rhode Island,884,-1.79,525000,10.53,33,8,1184,0.85,3179,0.47,995,-5.2,294.56,3.84
2026-09-03,Monthly,2026-04-01,2026-04-30,30,State,South Carolina,7490,2.87,349000,1.16,76,8,9692,4.17,44770,9.27,8718,3.42,191.16,0.65
2026-09-03,Monthly,2026-04-01,2026-04-30,32,State,South Dakota,870,10.49,339900,6.25,58,-9,944,-8.79,4042,-3.79,885,3.2,189.74,0.23
2026-09-03,Monthly,2026-04-01,2026-04-30,34,State,Tennessee,8293,5.41,375000,0.68,69,6,11127,1.63,49358,7.53,9668,1.25,214.55,1.67
2026-09-03,Monthly,2026-04-01,2026-04-30,36,State,Texas,27575,3.71,336000,-1.18,71,8,39387,-3.44,184674,1.12,33015,0.98,175.66,-1.61
2026-09-03,Monthly,2026-04-01,2026-04-30,38,State,Utah,3407,6.51,520000,0.58,51,3,4688,-0.47,19132,5.34,4087,4.87,242.61,-0.77
2026-09-03,Monthly,2026-04-01,2026-04-30,40,State,Vermont,670,20.48,430000,-2.27,70,15,869,4.72,3650,16.81,738,-1.08,249.39,-1.91
2026-09-03,Monthly,2026-04-01,2026-04-30,60,State,Virgin Islands of the U.S.,NA,NA,NA,NA,NA,NA,NA,NA,NA,NA,NA,NA,NA,NA
2026-09-03,Monthly,2026-04-01,2026-04-30,42,State,Virginia,9012,3.2,438865,3.26,38,5,11403,6.66,34772,9.52,10276,3.21,232.88,2.86
2026-09-03,Monthly,2026-04-01,2026-04-30,44,State,Washington,7190,-1.13,605000,-1.67,32,10,10097,5.98,33216,16.82,8382,5.86,338.26,-1.29
2026-09-03,Monthly,2026-04-01,2026-04-30,46,State,West Virginia,1222,1.09,259000,3.81,58,1,1590,6.64,5879,6.13,1693,3.46,149.32,5.35
2026-09-03,Monthly,2026-04-01,2026-04-30,48,State,Wisconsin,5802,4.24,338500,4.19,51,2,6751,7.72,22526,6,6323,2.59,199.07,4.4
2026-09-03,Monthly,2026-04-01,2026-04-30,50,State,Wyoming,663,5.53,362500,3.6,48,4,789,1.24,3137,4.02,740,6.68,192.45,3.15
2026-09-03,Monthly,2026-03-01,2026-03-31,1,State,Alabama,5209,0.67,296000,3.23,64,4,7165,5.54,30169,6.41,6412,3.85,162.16,1.41
2026-09-03,Monthly,2026-03-01,2026-03-31,3,State,Alaska,619,-8.1,405000,3.45,28,-2,785,-9.94,2460,-10.04,773,-6.52,253.41,5.59
2026-09-03,Monthly,2026-03-01,2026-03-31,5,State,Arizona,8473,4.2,446795,0.07,66,4,10972,-0.74,47587,0.81,10391,4.57,256.65,-0.94
2026-09-03,Monthly,2026-03-01,2026-03-31,7,State,Arkansas,3123,-3.53,275000,5.81,63,11,4278,-2.07,18532,8.88,3696,0.28,162.48,3.72
2026-09-03,Monthly,2026-03-01,2026-03-31,9,State,California,22929,-0.88,750000,-0.66,41,4,30778,-1.07,108668,-1.17,26910,2.74,469.82,-0.49
2026-09-03,Monthly,2026-03-01,2026-03-31,11,State,Colorado,7396,-2.01,549000,-0.9,45,0,9988,-4.4,38546,1.93,9007,-0.57,272.59,0.21
2026-09-03,Monthly,2026-03-01,2026-03-31,17,State,Columbia,512,-7.91,676500,3.28,69,11,913,-2.17,3739,-0.07,627,6.96,504.31,2.18
2026-09-03,Monthly,2026-03-01,2026-03-31,13,State,Connecticut,2999,-4.44,415000,5.06,41,3,3338,-10.27,9881,-7.21,3472,-6.83,254.05,5.38
2026-09-03,Monthly,2026-03-01,2026-03-31,15,State,Delaware,1076,-11.1,395000,2.6,52,13,1454,-1.75,5329,6.16,1283,-3.81,216.28,2.14
2026-09-03,Monthly,2026-03-01,2026-03-31,19,State,Florida,30337,1.09,394989,2.59,75,5,41418,-10.37,205122,-11.18,36058,4.58,236.25,-2.69
2026-09-03,Monthly,2026-03-01,2026-03-31,21,State,Georgia,10968,1.82,359990,0,63,8,16862,8.24,73814,16.91,13244,2.35,185.07,0.44
2026-09-03,Monthly,2026-03-01,2026-03-31,25,State,Hawaii,1016,5.62,750000,1.76,97,10,1370,-18.49,8069,-1.27,1170,-5.46,679.3,0.51
2026-09-03,Monthly,2026-03-01,2026-03-31,27,State,Idaho,2639,11.58,465000,-1.06,52,5,3081,-1.67,11734,-2.38,2874,8.91,267.91,0.09
2026-09-03,Monthly,2026-03-01,2026-03-31,29,State,Illinois,11333,-0.31,312500,5.93,50,1,13652,0.43,45102,1.14,13669,2.77,190.06,3.51
2026-09-03,Monthly,2026-03-01,2026-03-31,31,State,Indiana,7053,1.49,269900,3.81,37,7,8752,1.9,27810,8.04,8109,-1.42,154,3.52
2026-09-03,Monthly,2026-03-01,2026-03-31,33,State,Iowa,3352,2.35,245000,4.03,54,13,3943,2.8,14162,6.08,3628,1.55,159.26,1.97
2026-09-03,Monthly,2026-03-01,2026-03-31,35,State,Kansas,2839,7.57,285000,9.62,27,-1,3291,2.33,10124,4.03,3169,-2.71,149.28,2.8
2026-09-03,Monthly,2026-03-01,2026-03-31,37,State,Kentucky,3815,1.03,275000,4.78,51,9,5123,6.39,18258,10.35,4638,5.87,167.85,1.61
2026-09-03,Monthly,2026-03-01,2026-03-31,39,State,Louisiana,3531,9.05,255000,4.08,66,0,4608,0.35,21453,1.41,4303,11.25,150.15,1.44
2026-09-03,Monthly,2026-03-01,2026-03-31,41,State,Maine,1471,-0.64,384950,-1.29,61,11,1768,-11.43,7140,-1.18,1764,1.66,266.37,-0.69
2026-09-03,Monthly,2026-03-01,2026-03-31,43,State,Maryland,5517,-3.39,426000,1.45,46,11,7298,1.03,23866,12.15,6524,-0.41,228.44,0.44
2026-09-03,Monthly,2026-03-01,2026-03-31,45,State,Massachusetts,5171,-0.51,623498,2.21,29,6,6885,3.31,18870,6.24,5793,-4.46,378.95,1.8
2026-09-03,Monthly,2026-03-01,2026-03-31,47,State,Michigan,9760,-3.07,265000,4.74,34,3,12234,1.6,38301,4.44,11130,0,168.44,2.77
2026-09-03,Monthly,2026-03-01,2026-03-31,49,State,Minnesota,5925,0.5,350000,1.16,35,2,7166,-1.21,20598,7.79,6330,-4.39,193.55,1.14
2026-09-03,Monthly,2026-03-01,2026-03-31,51,State,Mississippi,1799,-1.9,260000,0.44,47,-2,2697,10.35,10830,5.84,2317,0.48,150.85,2.48
2026-09-03,Monthly,2026-03-01,2026-03-31,2,State,Missouri,6664,1.63,277000,4.92,33,0,8436,5.86,27840,7.02,7892,0.8,163.04,2.35
2026-09-03,Monthly,2026-03-01,2026-03-31,4,State,Montana,1083,19.23,499000,-3.11,90,5,1496,-1.09,7297,7.69,1348,9.31,292.33,4.38
2026-09-03,Monthly,2026-03-01,2026-03-31,6,State,Nebraska,1956,10.52,298000,2.76,31,4,2148,5.34,6634,6.82,1868,-0.37,161.31,1.26
2026-09-03,Monthly,2026-03-01,2026-03-31,8,State,Nevada,3463,0.45,465000,0.45,57,8,4656,-3.71,18828,5.51,3924,-0.41,267.14,-0.76
2026-09-03,Monthly,2026-03-01,2026-03-31,10,State,New Hampshire,1497,5.14,495000,-1,43,6,1778,2.5,5632,7.82,1670,0.15,292.63,2.88
2026-09-03,Monthly,2026-03-01,2026-03-31,12,State,New Jersey,6957,-4.52,525000,2.94,45,3,9027,-0.87,30144,4.77,7892,-7,325.89,3.58
2026-09-03,Monthly,2026-03-01,2026-03-31,14,State,New Mexico,1711,-0.27,349900,0.26,56,10,2332,9.37,9293,5.71,2000,-1.95,209.23,2.43
2026-09-03,Monthly,2026-03-01,2026-03-31,16,State,New York,10288,-7,521250,6.38,39,4,13705,-2.31,50053,-2.45,11482,-4.82,327.34,4
2026-09-03,Monthly,2026-03-01,2026-03-31,18,State,North Carolina,12240,-0.06,367000,0,65,15,16536,3.62,67136,12.84,14274,2.84,204.79,0.27
2026-09-03,Monthly,2026-03-01,2026-03-31,20,State,North Dakota,638,1.97,305000,8.54,54,10,749,-2.93,2747,1.64,722,3.48,168.55,3.31
2026-09-03,Monthly,2026-03-01,2026-03-31,22,State,Ohio,10765,-0.77,259900,6.12,43,3,13363,0.69,41933,3.99,13294,0.6,166.02,2.37
2026-09-03,Monthly,2026-03-01,2026-03-31,23,State,Oklahoma,4196,5.74,255000,2.82,61,9,5277,0.65,21395,6.84,4701,3.13,154.66,0.57
2026-09-03,Monthly,2026-03-01,2026-03-31,24,State,Oregon,4081,3.46,500000,0,46,4,5412,2.32,20248,5.35,4842,5.12,297.32,0.19
2026-09-03,Monthly,2026-03-01,2026-03-31,26,State,Pennsylvania,10047,-6.52,299995,5.26,39,5,12851,2.39,41566,3.28,11763,-3.98,186.19,2.3
2026-09-03,Monthly,2026-03-01,2026-03-31,58,State,Puerto Rico,NA,NA,NA,NA,NA,NA,NA,NA,NA,NA,NA,NA,NA,NA
2026-09-03,Monthly,2026-03-01,2026-03-31,28,State,Rhode Island,832,-11.12,516000,7.84,33,7,1050,-15.77,3029,-3.98,928,-11.03,291.19,2.24
2026-09-03,Monthly,2026-03-01,2026-03-31,30,State,South Carolina,7431,1.11,350000,3.24,82,14,9565,2.41,44006,9.06,8678,1.7,191.6,-0.42
2026-09-03,Monthly,2026-03-01,2026-03-31,32,State,South Dakota,832,-0.17,318000,-0.62,66,-4,1094,13.56,4115,-0.01,892,4.34,192.51,4.85
2026-09-03,Monthly,2026-03-01,2026-03-31,34,State,Tennessee,7826,-2.72,370000,0,71,11,11362,4.09,48123,7.27,9575,-0.77,211.87,0.61
2026-09-03,Monthly,2026-03-01,2026-03-31,36,State,Texas,27155,0.02,335000,-1.47,73,11,39909,-1.31,184293,3.59,33224,1.81,176.41,-1.26
2026-09-03,Monthly,2026-03-01,2026-03-31,38,State,Utah,3405,5.45,520050,2.42,53,6,4745,-0.1,18705,5.25,3967,-3.29,245.03,0.58
2026-09-03,Monthly,2026-03-01,2026-03-31,40,State,Vermont,595,-7.69,424950,6.24,69,14,813,3.27,3592,17.11,767,10.18,256.31,3.36
2026-09-03,Monthly,2026-03-01,2026-03-31,60,State,Virgin Islands of the U.S.,NA,NA,NA,NA,NA,NA,NA,NA,NA,NA,NA,NA,NA,NA
2026-09-03,Monthly,2026-03-01,2026-03-31,42,State,Virginia,8934,3.39,425000,1.38,38,6,11043,2.92,33949,9.71,10157,0.54,231.93,2.51
2026-09-03,Monthly,2026-03-01,2026-03-31,44,State,Washington,7247,-2.43,600000,-0.83,29,6,9829,4.23,31903,14.25,8289,-0.84,335.51,-2.26
2026-09-03,Monthly,2026-03-01,2026-03-31,46,State,West Virginia,1212,-2.49,255000,5.15,67,16,1539,1.36,5768,4.28,1617,-0.46,148.54,5.24
2026-09-03,Monthly,2026-03-01,2026-03-31,48,State,Wisconsin,5713,2.18,329900,6.42,50,0,6536,1.1,22267,4.44,6394,2.38,197.14,4.3
2026-09-03,Monthly,2026-03-01,2026-03-31,50,State,Wyoming,636,7.52,350000,4.48,52,-1,762,-6.26,3118,4.15,688,-2.03,194.85,8.32
2026-09-03,Monthly,2026-02-01,2026-02-28,1,State,Alabama,5313,3.9,288220,3.56,65,7,6939,1.18,29697,5.5,6287,3.56,162.31,2.44
2026-09-03,Monthly,2026-02-01,2026-02-28,3,State,Alaska,629,-0.79,415508,7.37,34,6,743,-11.33,2454,-9.56,767,-5.36,251.74,4.28
2026-09-03,Monthly,2026-02-01,2026-02-28,5,State,Arizona,8377,1.72,444000,-0.22,66,5,10857,-3.31,47230,2.89,10294,2.51,256.68,-1.31
2026-09-03,Monthly,2026-02-01,2026-02-28,7,State,Arkansas,3269,6.38,265000,6,63,11,4523,11.14,18507,11.3,3697,3.87,162.71,6.52
2026-09-03,Monthly,2026-02-01,2026-02-28,9,State,California,23309,-1.62,735000,-1.34,41,6,30119,-4.4,106382,-1.48,27164,-1.51,468.67,-1.19
2026-09-03,Monthly,2026-02-01,2026-02-28,11,State,Colorado,7419,0.62,538500,-1.19,55,7,10334,3.04,38065,4.32,9023,3.55,273.91,1.19
2026-09-03,Monthly,2026-02-01,2026-02-28,17,State,Columbia,493,-17.35,590000,-9.22,76,21,888,0.15,3661,-1.64,585,2.58,504.81,-0.35
2026-09-03,Monthly,2026-02-01,2026-02-28,13,State,Connecticut,3053,-5.74,394125,1.64,40,3,3219,-12.72,9912,-5.41,3481,-3.89,251.84,4.81
2026-09-03,Monthly,2026-02-01,2026-02-28,15,State,Delaware,1032,-17.14,380000,-2.56,48,6,1352,-6.25,5238,6.17,1198,-11.32,216.89,-0.35
2026-09-03,Monthly,2026-02-01,2026-02-28,19,State,Florida,30463,3.26,385000,-0.26,74,6,41938,-9.32,207658,-8.3,35460,2.58,237.87,-2.25
2026-09-03,Monthly,2026-02-01,2026-02-28,21,State,Georgia,10982,0.04,350000,0,64,9,16564,6.63,72853,18.5,13119,5.58,185.07,1.08
2026-09-03,Monthly,2026-02-01,2026-02-28,25,State,Hawaii,991,2.75,750959,1.85,92,4,1431,-2.86,8157,3.76,1222,-0.31,663.71,-4.03
2026-09-03,Monthly,2026-02-01,2026-02-28,27,State,Idaho,2615,2.93,465000,2.94,50,2,3073,1.37,11948,1.27,2921,14.31,264.72,1.46
2026-09-03,Monthly,2026-02-01,2026-02-28,29,State,Illinois,11265,-5.44,295000,4.61,51,1,13552,-1.79,44939,0.37,13395,1.63,190.5,4.14
2026-09-03,Monthly,2026-02-01,2026-02-28,31,State,Indiana,7129,2.8,259993,2.36,36,4,8564,2.05,27388,9.65,8096,1.74,151.76,1.49
2026-09-03,Monthly,2026-02-01,2026-02-28,33,State,Iowa,3368,2.55,233000,5.91,43,2,4097,10.81,14344,7.12,3704,9,160.54,4.27
2026-09-03,Monthly,2026-02-01,2026-02-28,35,State,Kansas,2825,6.64,269495,-0.15,29,1,3405,7.6,10257,5.68,3256,8.58,149.61,4.98
2026-09-03,Monthly,2026-02-01,2026-02-28,37,State,Kentucky,3935,3.68,268700,3.35,49,4,4690,-2.59,17820,7.72,4271,-5.47,167.35,1.99
2026-09-03,Monthly,2026-02-01,2026-02-28,39,State,Louisiana,3341,-0.43,255500,3.23,65,0,4522,-1.33,21400,1.87,4197,6.78,148.83,1.22
2026-09-03,Monthly,2026-02-01,2026-02-28,41,State,Maine,1459,-2.76,386000,-0.77,56,4,1769,-5.63,7280,4.03,1766,4.47,258.21,-5.48
2026-09-03,Monthly,2026-02-01,2026-02-28,43,State,Maryland,5777,-0.04,422900,4.42,45,12,6767,-5.58,23698,15.58,6527,0.58,225.26,-2.36
2026-09-03,Monthly,2026-02-01,2026-02-28,45,State,Massachusetts,5175,-4.93,585000,-0.85,29,6,6106,-10.1,18459,5.24,5496,-6.53,377.39,0.85
2026-09-03,Monthly,2026-02-01,2026-02-28,47,State,Michigan,9913,-1.44,258000,3.2,35,5,12244,2.88,37969,4.31,11145,1.41,167.59,2.66
2026-09-03,Monthly,2026-02-01,2026-02-28,49,State,Minnesota,5898,-0.17,343000,-0.58,36,4,7059,6.9,17505,7.37,6434,3.32,192.7,0.92
2026-09-03,Monthly,2026-02-01,2026-02-28,51,State,Mississippi,1820,-2.44,260000,2.26,53,3,2608,3.58,10643,3.67,2338,0.67,150.44,2.96
2026-09-03,Monthly,2026-02-01,2026-02-28,2,State,Missouri,6783,5.16,270000,5.47,33,0,8527,9.4,27714,8.22,7882,3.32,163.6,2.74
2026-09-03,Monthly,2026-02-01,2026-02-28,4,State,Montana,1047,7.7,499000,-2.16,86,6,1621,39.69,7269,9.8,1324,13.74,296.83,7.27
2026-09-03,Monthly,2026-02-01,2026-02-28,6,State,Nebraska,1917,1.81,290000,0.96,34,6,2091,4.6,6704,8.18,1997,14.36,160.9,0.96
2026-09-03,Monthly,2026-02-01,2026-02-28,8,State,Nevada,3337,-7.75,455000,0,65,18,4628,-2.28,18709,7.39,3981,-1.89,264.77,-1.42
2026-09-03,Monthly,2026-02-01,2026-02-28,10,State,New Hampshire,1448,-5.03,490000,2.08,42,6,1774,5.08,5562,9.71,1702,6.57,289.86,0.81
2026-09-03,Monthly,2026-02-01,2026-02-28,12,State,New Jersey,6914,-6.85,520000,5.16,46,6,8005,-12.11,29744,5.24,7966,-2.8,323.92,3.3
2026-09-03,Monthly,2026-02-01,2026-02-28,14,State,New Mexico,1677,-7.48,350000,2.05,52,1,2177,-5.11,9158,3.39,2003,-2.04,207.91,1.23
2026-09-03,Monthly,2026-02-01,2026-02-28,16,State,New York,10635,-1.99,510000,1.29,37,1,13538,-3.69,49557,-2.25,11420,-6.11,321.09,1.2
2026-09-03,Monthly,2026-02-01,2026-02-28,18,State,North Carolina,12412,1.1,360250,1.48,65,17,15649,-1.28,65727,12.77,13724,-1.12,203.71,-0.33
2026-09-03,Monthly,2026-02-01,2026-02-28,20,State,North Dakota,619,-4.18,311606,6.53,51,5,765,9.68,2754,2.83,709,1.31,164.6,-0.53
2026-09-03,Monthly,2026-02-01,2026-02-28,22,State,Ohio,10865,-0.28,250000,5.93,44,5,12726,-3.82,41350,4.43,13116,-0.23,166.34,2.88
2026-09-03,Monthly,2026-02-01,2026-02-28,23,State,Oklahoma,4395,7.67,250000,2.04,66,5,5478,10.07,21436,9.15,4798,9.41,155.28,0.94
2026-09-03,Monthly,2026-02-01,2026-02-28,24,State,Oregon,4074,2.03,499000,1.84,49,12,5658,15.48,20243,6.89,4986,9.9,295.64,0.05
2026-09-03,Monthly,2026-02-01,2026-02-28,26,State,Pennsylvania,10578,-3.25,285000,3.38,36,1,12622,-0.21,40995,2.33,11636,-2.16,185.76,3.36
2026-09-03,Monthly,2026-02-01,2026-02-28,58,State,Puerto Rico,NA,NA,NA,NA,NA,NA,NA,NA,NA,NA,NA,NA,NA,NA
2026-09-03,Monthly,2026-02-01,2026-02-28,28,State,Rhode Island,854,-11.52,480000,2.15,29,1,961,-19.99,3042,-0.66,898,-7.26,292.09,3.45
2026-09-03,Monthly,2026-02-01,2026-02-28,30,State,South Carolina,7492,1.71,335000,0.03,78,10,9410,0.12,43518,9.64,8479,0.7,190.4,0.32
2026-09-03,Monthly,2026-02-01,2026-02-28,32,State,South Dakota,890,11.28,318560,-0.42,67,-1,1009,5.96,4085,-1.62,902,7.3,185.49,-1.5
2026-09-03,Monthly,2026-02-01,2026-02-28,34,State,Tennessee,8302,2.56,360000,0,68,8,10587,-2.15,47625,7.77,9521,-1.66,210.13,-0.52
2026-09-03,Monthly,2026-02-01,2026-02-28,36,State,Texas,26505,-3.9,327500,-0.76,71,11,40037,-1.15,181811,4.58,33335,1.91,176.65,-1.2
2026-09-03,Monthly,2026-02-01,2026-02-28,38,State,Utah,3463,3.08,512738,0.5,56,9,4753,2.09,18512,8.13,4200,10.69,246.33,-0.07
2026-09-03,Monthly,2026-02-01,2026-02-28,40,State,Vermont,634,-1.68,405000,4.47,72,15,780,7.91,3549,15.17,742,9.34,246.17,-4.2
2026-09-03,Monthly,2026-02-01,2026-02-28,42,State,Virginia,9078,4.64,410000,1.23,37,8,10514,4.21,33547,11.81,9979,2.2,231.47,1.85
2026-09-03,Monthly,2026-02-01,2026-02-28,44,State,Washington,7325,-1.28,590000,-1.5,31,10,10229,14.02,31290,13.85,8401,2.5,338.17,-1.74
2026-09-03,Monthly,2026-02-01,2026-02-28,46,State,West Virginia,1398,17.46,250000,2.04,59,1,1423,-1.54,5828,7.26,1576,4.63,147.8,4.98
2026-09-03,Monthly,2026-02-01,2026-02-28,48,State,Wisconsin,5792,1.93,315000,3.28,52,3,6898,9.08,22177,3.97,6443,7.34,197.01,4.32
2026-09-03,Monthly,2026-02-01,2026-02-28,50,State,Wyoming,636,1.95,346550,-0.99,49,4,810,5.54,3156,7.37,722,8.14,189.47,3.69
2026-09-03,Monthly,2026-01-01,2026-01-31,1,State,Alabama,5332,4.05,279335,1.58,64,6,7154,10.26,29626,6.96,6456,10.41,161.8,1.87
2026-09-03,Monthly,2026-01-01,2026-01-31,3,State,Alaska,650,-4.34,410000,5.31,33,8,731,-14.69,2474,-7.22,764,-5.33,250.72,4.89
2026-09-03,Monthly,2026-01-01,2026-01-31,5,State,Arizona,8368,4.5,435000,-2.25,65,6,11102,0.76,46970,5.6,10286,4.53,256.18,-1.73
2026-09-03,Monthly,2026-01-01,2026-01-31,7,State,Arkansas,3223,2.63,265000,3.92,60,10,4149,-3.88,18223,9.55,3602,0.84,160.01,2.58
2026-09-03,Monthly,2026-01-01,2026-01-31,9,State,California,22430,-0.56,705000,-2.08,42,5,30221,-4.58,104616,-0.07,26836,-1.26,472.03,-0.68
2026-09-03,Monthly,2026-01-01,2026-01-31,11,State,Colorado,6857,-9.37,525000,-3.67,56,9,9970,-2.01,36957,3.94,8525,-0.91,272.05,-1.29
2026-09-03,Monthly,2026-01-01,2026-01-31,17,State,Columbia,515,-18.5,652500,18.64,60,4,728,-22.57,3582,-4.09,566,-12.68,475.42,-9.37
2026-09-03,Monthly,2026-01-01,2026-01-31,13,State,Connecticut,3080,-1.45,415000,8.5,39,0,3324,-8.94,10181,-1.35,3502,-5.13,252.29,6.54
2026-09-03,Monthly,2026-01-01,2026-01-31,15,State,Delaware,1122,-11.16,398000,4.74,51,12,1381,-0.31,5205,6.77,1176,-10.39,218.5,3.32
2026-09-03,Monthly,2026-01-01,2026-01-31,19,State,Florida,30025,1.27,385000,0.03,73,5,42239,-9.46,210104,-4.79,35769,4.39,237.78,-2.51
2026-09-03,Monthly,2026-01-01,2026-01-31,21,State,Georgia,10777,-1.69,345000,-0.86,62,6,17087,15.13,72343,21.69,13082,7.73,185.06,1.46
2026-09-03,Monthly,2026-01-01,2026-01-31,25,State,Hawaii,987,-3.15,735000,-5.16,95,10,1512,0.29,8180,4.23,1232,2.4,679.07,-0.57
2026-09-03,Monthly,2026-01-01,2026-01-31,27,State,Idaho,2515,9.33,469990,2.36,50,1,3142,-1.82,12043,1.94,2770,5.25,267.77,0.88
2026-09-03,Monthly,2026-01-01,2026-01-31,29,State,Illinois,11092,-6.9,287000,1.59,50,-1,13565,-0.77,44831,0.33,13164,1.64,190.14,3.07
2026-09-03,Monthly,2026-01-01,2026-01-31,31,State,Indiana,7062,2.79,250000,0.04,35,6,8309,2.77,27040,10.44,8025,2.09,153.13,4.18
2026-09-03,Monthly,2026-01-01,2026-01-31,33,State,Iowa,3249,0.7,229000,4.75,41,2,3910,1,14345,4.94,3643,7.33,163.64,7.79
2026-09-03,Monthly,2026-01-01,2026-01-31,35,State,Kansas,2849,4.3,259450,1.77,28,0,3339,9.81,10280,5.54,3202,6.69,148.77,4.58
2026-09-03,Monthly,2026-01-01,2026-01-31,37,State,Kentucky,3869,1.79,262500,0.96,47,5,4916,9.35,17813,11.19,4462,5.97,167.78,2.02
2026-09-03,Monthly,2026-01-01,2026-01-31,39,State,Louisiana,3436,10.21,248365,0.45,64,5,4418,6.37,21583,4,4284,8.43,148.69,0.34
2026-09-03,Monthly,2026-01-01,2026-01-31,41,State,Maine,1442,-3.1,390438,-0.53,56,4,1819,-7.2,7253,3.91,1713,-2.03,268.13,-2.1
2026-09-03,Monthly,2026-01-01,2026-01-31,43,State,Maryland,5655,-4.21,405258,1.31,42,10,7021,1.32,23795,20.02,6582,2.51,225.68,-1.49
2026-09-03,Monthly,2026-01-01,2026-01-31,45,State,Massachusetts,5168,-1.56,620000,3.33,27,3,6365,-5.28,18484,7.65,5680,-5.66,374.38,0.31
2026-09-03,Monthly,2026-01-01,2026-01-31,47,State,Michigan,9921,-0.14,250000,3.31,35,5,12151,1.69,37626,4.1,11081,1.23,167.73,1.65
2026-09-03,Monthly,2026-01-01,2026-01-31,49,State,Minnesota,5670,-4.16,339450,1.33,33,0,6829,-4.97,16700,4.46,6112,-3.6,191.39,-0.14
2026-09-03,Monthly,2026-01-01,2026-01-31,51,State,Mississippi,1820,1.05,251900,0.8,47,-3,2582,-0.12,10559,3.59,2333,2.47,149.62,3
2026-09-03,Monthly,2026-01-01,2026-01-31,2,State,Missouri,6677,3.27,265000,3.92,33,1,8470,10.25,27517,8.93,8003,9.82,163.43,3.04
2026-09-03,Monthly,2026-01-01,2026-01-31,4,State,Montana,1016,3.88,499000,2.89,85,5,1377,14.26,7151,6.85,1292,11.2,289.08,2.25
2026-09-03,Monthly,2026-01-01,2026-01-31,6,State,Nebraska,1808,0.11,290000,3.94,30,3,2172,4.92,6788,8.9,1908,4.2,160.87,1.36
2026-09-03,Monthly,2026-01-01,2026-01-31,8,State,Nevada,3274,-3.69,455000,0,58,11,4469,-6.92,18492,8.77,3988,-0.1,263.86,-2.67
2026-09-03,Monthly,2026-01-01,2026-01-31,10,State,New Hampshire,1463,3.75,511000,4.29,42,4,1743,0.68,5576,10.87,1671,4.14,286.77,-0.61
2026-09-03,Monthly,2026-01-01,2026-01-31,12,State,New Jersey,7160,-4.03,530000,1.53,47,8,8973,1.98,29870,8.37,7957,-5.01,321.9,2.26
2026-09-03,Monthly,2026-01-01,2026-01-31,14,State,New Mexico,1655,-8.26,340000,1.49,52,3,2104,-4.05,9162,5.19,1982,-2.34,206.41,-0.19
2026-09-03,Monthly,2026-01-01,2026-01-31,16,State,New York,10643,-1.81,516750,3.56,37,3,13845,-1.27,50536,0.64,11544,-3.08,324.58,6.88
2026-09-03,Monthly,2026-01-01,2026-01-31,18,State,North Carolina,12147,-0.56,359990,0.56,62,15,15593,1.03,65187,14.53,13876,3.33,202.69,-1.6
2026-09-03,Monthly,2026-01-01,2026-01-31,20,State,North Dakota,609,-3.58,299450,5.07,49,2,749,5.32,2731,-1.86,701,-1.75,163.49,0.63
2026-09-03,Monthly,2026-01-01,2026-01-31,22,State,Ohio,10756,-1.76,240000,6.67,43,2,12963,2.31,41125,6.16,13155,-0.15,166.19,3.42
2026-09-03,Monthly,2026-01-01,2026-01-31,23,State,Oklahoma,4030,-2.7,246000,2.54,62,7,5118,-0.34,21211,7.44,4652,2.12,155.64,0.84
2026-09-03,Monthly,2026-01-01,2026-01-31,24,State,Oregon,3895,-3.78,474400,-5.1,47,7,5171,-5.97,19665,4.14,4686,-0.97,295.88,-0.41
2026-09-03,Monthly,2026-01-01,2026-01-31,26,State,Pennsylvania,10569,-0.49,290000,5.45,38,5,12799,3.13,41276,4.49,11603,-2.42,184.29,1.78
2026-09-03,Monthly,2026-01-01,2026-01-31,58,State,Puerto Rico,NA,NA,NA,NA,NA,NA,NA,NA,NA,NA,NA,NA,NA,NA
2026-09-03,Monthly,2026-01-01,2026-01-31,28,State,Rhode Island,863,-8.36,500500,4.29,30,2,1090,-3.6,3108,6.16,908,-4.73,298.41,7.75
2026-09-03,Monthly,2026-01-01,2026-01-31,30,State,South Carolina,7427,2.25,340000,0,74,4,9587,6.89,43486,12.47,8552,6.16,193.87,1.61
2026-09-03,Monthly,2026-01-01,2026-01-31,32,State,South Dakota,736,-0.39,310000,-1.73,57,-10,1023,6.82,4160,0.1,886,4.19,190.57,2.11
2026-09-03,Monthly,2026-01-01,2026-01-31,34,State,Tennessee,8065,2.37,362995,0.86,67,7,10325,-2.87,47943,10.63,9642,1.06,210.63,-0.46
2026-09-03,Monthly,2026-01-01,2026-01-31,36,State,Texas,27049,-1.89,325000,-1.49,70,11,39519,-1.48,179579,5.6,32732,1.24,175.4,-2.62
2026-09-03,Monthly,2026-01-01,2026-01-31,38,State,Utah,3284,7.07,514870,2.97,54,10,4744,1.66,18330,11.21,4133,7.83,242.52,-1.35
2026-09-03,Monthly,2026-01-01,2026-01-31,40,State,Vermont,627,3.36,399950,-4.77,64,2,802,2.38,3540,14.08,703,-3.52,259.95,2.58
2026-09-03,Monthly,2026-01-01,2026-01-31,42,State,Virginia,8941,3.1,399500,1.14,36,8,10560,4.79,33609,14.33,10164,9.87,230.75,2.65
2026-09-03,Monthly,2026-01-01,2026-01-31,44,State,Washington,7274,-3.93,563390,-2.81,29,7,9793,1.3,30355,11.17,8331,-1.59,339.08,-1.42
2026-09-03,Monthly,2026-01-01,2026-01-31,46,State,West Virginia,1212,-1.34,230000,-4.17,58,1,1500,9.07,6030,10.24,1583,9.52,146.98,0.09
2026-09-03,Monthly,2026-01-01,2026-01-31,48,State,Wisconsin,5686,2.04,311000,6.87,51,1,6457,-4.85,22002,3.02,6171,-1.33,195.51,3.58
2026-09-03,Monthly,2026-01-01,2026-01-31,50,State,Wyoming,647,2.45,359500,2.74,53,9,805,10.68,3230,7.82,708,4.27,185.85,0.24
2026-09-03,Monthly,2025-12-01,2025-12-31,1,State,Alabama,5284,-0.24,285000,1.79,63,7,6687,0.01,29300,6.39,6129,-0.08,161.87,2.92
2026-09-03,Monthly,2025-12-01,2025-12-31,3,State,Alaska,692,8.74,410000,7.89,28,-6,765,-8.92,2534,-1.55,787,2.74,253.42,8.3
2026-09-03,Monthly,2025-12-01,2025-12-31,5,State,Arizona,8442,4.41,439990,0,65,5,10886,-0.52,46830,8.33,9895,1.76,258.49,-0.63
2026-09-03,Monthly,2025-12-01,2025-12-31,7,State,Arkansas,3246,1.63,264720,2.41,57,6,4100,-4.53,18365,13.22,3604,2.24,161.36,2.58
2026-09-03,Monthly,2025-12-01,2025-12-31,9,State,California,23265,-1.6,725000,-1.36,42,5,29978,-2.34,104443,3.12,26297,-4.06,468.47,-0.37
2026-09-03,Monthly,2025-12-01,2025-12-31,11,State,Colorado,7435,-1.76,534950,-1.66,54,6,9034,-9.82,37128,5.49,7960,-9.75,271.05,-0.11
2026-09-03,Monthly,2025-12-01,2025-12-31,17,State,Columbia,524,-15.53,715000,13.49,56,-5,836,-6.82,3695,-2.14,601,-2.15,485.28,-6.31
2026-09-03,Monthly,2025-12-01,2025-12-31,13,State,Connecticut,3110,-2.27,420000,5,39,0,3427,-3.13,10347,2.3,3539,-3.23,252.42,6.71
2026-09-03,Monthly,2025-12-01,2025-12-31,15,State,Delaware,1178,-3.59,405000,2.53,49,8,1299,-9.8,5208,7.28,1213,-9.12,216.1,-0.61
2026-09-03,Monthly,2025-12-01,2025-12-31,19,State,Florida,30923,1.3,389900,0.23,75,8,41717,-9.48,212679,-1.41,35248,-1.83,238.44,-2.64
2026-09-03,Monthly,2025-12-01,2025-12-31,21,State,Georgia,11064,-0.54,356914,-0.86,63,10,16299,5.51,72592,25.45,13065,2.33,183.94,1.44
2026-09-03,Monthly,2025-12-01,2025-12-31,25,State,Hawaii,1071,13.14,750000,0,96,9,1418,-0.72,8150,6.33,1206,0.45,684.8,-4.18
2026-09-03,Monthly,2025-12-01,2025-12-31,27,State,Idaho,2564,2.81,460000,-0.65,49,3,3030,-3.52,12034,4.99,2692,6.1,265.27,1.27
2026-09-03,Monthly,2025-12-01,2025-12-31,29,State,Illinois,11542,-0.74,299900,6.54,50,0,13191,-5.57,44715,0.29,12525,-4.24,188.61,4.95
2026-09-03,Monthly,2025-12-01,2025-12-31,31,State,Indiana,7147,3.66,262000,3.76,35,6,7882,-5.41,26870,10.8,7827,-2.72,151.25,1.15
2026-09-03,Monthly,2025-12-01,2025-12-31,33,State,Iowa,3355,3.61,230000,0.88,41,2,3742,-2.72,14119,6.54,3499,6.04,156.46,-3.42
2026-09-03,Monthly,2025-12-01,2025-12-31,35,State,Kansas,2912,5.75,266250,-1.77,28,0,3104,-8.44,10208,2.46,3071,-2.15,151.31,7.64
2026-09-03,Monthly,2025-12-01,2025-12-31,37,State,Kentucky,3947,2.25,269800,3.81,46,5,4738,-2.51,17635,9.86,4338,-2.34,167.63,2.04
2026-09-03,Monthly,2025-12-01,2025-12-31,39,State,Louisiana,3561,3.62,246200,-1.52,63,1,4268,-5.24,21508,2.94,3482,-12.1,147.98,1.18
2026-09-03,Monthly,2025-12-01,2025-12-31,41,State,Maine,1538,4.71,392000,-4.39,57,6,1837,-7.26,7355,5.26,1650,-8.2,267.44,-2.37
2026-09-03,Monthly,2025-12-01,2025-12-31,43,State,Maryland,5819,-3.66,427000,1.67,42,10,6978,1.43,24078,23.03,6489,-1.99,226.57,-0.31
2026-09-03,Monthly,2025-12-01,2025-12-31,45,State,Massachusetts,5283,-1.36,620000,0.81,27,4,6388,-3.84,18346,9.6,5667,-3.33,378.37,3.91
2026-09-03,Monthly,2025-12-01,2025-12-31,47,State,Michigan,9926,-0.76,265000,6,34,3,12135,2.15,37596,5.16,10852,-2.18,166.94,2.94
2026-09-03,Monthly,2025-12-01,2025-12-31,49,State,Minnesota,6005,2.09,347000,2.97,32,1,6864,-2.03,17956,7.01,5940,-8.95,192.58,0.8
2026-09-03,Monthly,2025-12-01,2025-12-31,51,State,Mississippi,1862,2.32,260000,0,47,2,2475,2.62,10455,3.56,2286,-1.2,148.12,-0.48
2026-09-03,Monthly,2025-12-01,2025-12-31,2,State,Missouri,6724,2.4,275000,5.77,34,1,7618,-2.37,27362,7.51,7572,-0.92,162.25,3.49
2026-09-03,Monthly,2025-12-01,2025-12-31,4,State,Montana,1023,1.34,475000,-4.98,85,7,1365,4.8,7122,5.03,1144,-1.01,282.95,-0.25
2026-09-03,Monthly,2025-12-01,2025-12-31,6,State,Nebraska,1842,0.86,289995,3.57,28,-1,2106,0.57,6722,10.16,1835,3.63,162.62,3.79
2026-09-03,Monthly,2025-12-01,2025-12-31,8,State,Nevada,3403,-3.36,458995,2,62,13,4309,-2.54,18429,12.64,3819,-4.77,265.57,-1.28
2026-09-03,Monthly,2025-12-01,2025-12-31,10,State,New Hampshire,1559,12.69,500000,1.12,42,6,1782,8.53,5687,18.38,1669,4.98,288.59,4.34
2026-09-03,Monthly,2025-12-01,2025-12-31,12,State,New Jersey,7376,-2.59,540000,2.86,47,10,8829,-0.36,29834,9.78,8194,1.08,322.76,3.38
2026-09-03,Monthly,2025-12-01,2025-12-31,14,State,New Mexico,1746,0.22,347700,-0.63,53,4,2143,-1.82,9167,7.02,1936,-5.57,205.41,0
2026-09-03,Monthly,2025-12-01,2025-12-31,16,State,New York,10893,0.84,495000,5.32,36,1,13956,-0.69,50543,2.69,11755,-3.01,329.31,3.8
2026-09-03,Monthly,2025-12-01,2025-12-31,18,State,North Carolina,12615,3.37,370000,0.86,61,14,15344,0.07,65053,16.44,13700,-1.66,202.97,-1.08
2026-09-03,Monthly,2025-12-01,2025-12-31,20,State,North Dakota,634,-4.12,299950,1.68,50,6,708,-7.41,2703,-3.56,675,-2.61,164.93,3.34
2026-09-03,Monthly,2025-12-01,2025-12-31,22,State,Ohio,11379,5.21,248950,3.73,43,4,12595,-2.14,41254,7.35,12924,-3.85,165.54,2.73
2026-09-03,Monthly,2025-12-01,2025-12-31,23,State,Oklahoma,4200,3.33,250000,3.73,55,5,5145,0.83,21187,8.57,4569,-0.89,154.02,-0.2
2026-09-03,Monthly,2025-12-01,2025-12-31,24,State,Oregon,4130,1.24,494900,0,46,6,4751,-4.81,19621,6.07,4301,-5.28,291.96,-1.38
2026-09-03,Monthly,2025-12-01,2025-12-31,26,State,Pennsylvania,11034,3.14,295000,3.51,37,3,12712,1.65,41198,4.76,11717,-1.36,184.63,2.23
2026-09-03,Monthly,2025-12-01,2025-12-31,58,State,Puerto Rico,NA,NA,NA,NA,NA,NA,NA,NA,NA,NA,NA,NA,NA,NA
2026-09-03,Monthly,2025-12-01,2025-12-31,28,State,Rhode Island,985,4.22,495000,5.1,31,4,1114,-0.11,3065,6.03,1004,3.65,291.58,3.76
2026-09-03,Monthly,2025-12-01,2025-12-31,30,State,South Carolina,7618,4.22,340000,1.62,75,6,9344,1.53,43113,13,8258,-4.27,189.23,0.1
2026-09-03,Monthly,2025-12-01,2025-12-31,32,State,South Dakota,802,-0.66,315000,2.94,64,0,997,5.84,4112,-3.01,849,0.14,188.98,-0.15
2026-09-03,Monthly,2025-12-01,2025-12-31,34,State,Tennessee,8526,5.24,374933,1.52,68,8,10678,2.57,47944,13.63,9494,-0.94,210.95,-0.21
2026-09-03,Monthly,2025-12-01,2025-12-31,36,State,Texas,27866,-0.45,333990,-2.34,70,13,39808,-1.47,180621,7.75,33023,1.17,176.18,-1.9
2026-09-03,Monthly,2025-12-01,2025-12-31,38,State,Utah,3355,5.92,525000,1.94,53,9,4612,4.76,18154,13.27,4063,5.68,243.21,-1.39
2026-09-03,Monthly,2025-12-01,2025-12-31,40,State,Vermont,655,2.9,412000,9.87,68,15,724,-10.74,3517,14.2,731,3.18,258.42,0.79
2026-09-03,Monthly,2025-12-01,2025-12-31,42,State,Virginia,9024,3.81,415000,0,36,7,10102,-7.59,33679,15.92,9963,1.42,229.88,2.37
2026-09-03,Monthly,2025-12-01,2025-12-31,44,State,Washington,7593,0.95,575000,-2.04,28,7,9104,-0.25,30051,12.85,8229,-0.02,336,-2.55
2026-09-03,Monthly,2025-12-01,2025-12-31,46,State,West Virginia,1334,4.78,249900,2.95,56,0,1552,4.01,6207,11.86,1278,2.87,146.24,0.25
2026-09-03,Monthly,2025-12-01,2025-12-31,48,State,Wisconsin,5774,1.37,312000,2.3,50,1,6263,-2.2,22028,5.06,5905,-3.79,195.59,4.86
2026-09-03,Monthly,2025-12-01,2025-12-31,50,State,Wyoming,666,5.71,358800,1.07,48,1,776,-6.02,3226,7.71,700,3.74,190.65,6.72
2026-09-03,Monthly,2025-11-01,2025-11-30,1,State,Alabama,5260,-0.26,289450,3.37,63,6,6624,-5.62,29218,6.79,6144,-0.74,162.16,4.42
2026-09-03,Monthly,2025-11-01,2025-11-30,3,State,Alaska,664,-4.34,405000,3.18,31,2,823,-0.27,2585,1.55,828,5.07,248.44,5.28
2026-09-03,Monthly,2025-11-01,2025-11-30,5,State,Arizona,8450,4.98,440000,0,65,7,10773,-0.36,47213,11.67,10401,9.16,257.74,-1.03
2026-09-03,Monthly,2025-11-01,2025-11-30,7,State,Arkansas,3176,0.38,265000,1.92,58,9,4293,5.2,18536,16.72,3692,3.98,159.11,2.13
2026-09-03,Monthly,2025-11-01,2025-11-30,9,State,California,23796,1.92,749000,-0.13,44,9,29907,-1.43,105205,6.24,27792,1.81,465.13,0.26
2026-09-03,Monthly,2025-11-01,2025-11-30,11,State,Colorado,7183,-4.53,545000,-1.8,55,10,9233,-0.83,37832,8.3,8721,-1.2,271.45,0.02
2026-09-03,Monthly,2025-11-01,2025-11-30,17,State,Columbia,533,-5.66,700000,0.43,56,2,768,-17.21,3701,2.28,568,-20.77,472.25,-3.95
2026-09-03,Monthly,2025-11-01,2025-11-30,13,State,Connecticut,3101,-2.81,425000,8.85,39,1,3493,1.55,10390,2.05,3597,-1.93,248.64,4.54
2026-09-03,Monthly,2025-11-01,2025-11-30,15,State,Delaware,1182,2.5,398352,2.14,47,9,1360,-3.76,5253,10.16,1285,-4.45,216.14,2.01
2026-09-03,Monthly,2025-11-01,2025-11-30,19,State,Florida,30868,7.85,385000,-0.82,74,7,42451,-8.1,215961,1.68,36929,3.35,240.81,-1.44
2026-09-03,Monthly,2025-11-01,2025-11-30,21,State,Georgia,10911,-0.96,358000,-0.53,62,11,16281,7.64,72492,28.53,13108,0.75,183.6,0.65
2026-09-03,Monthly,2025-11-01,2025-11-30,25,State,Hawaii,1076,12.36,729500,-2.73,98,10,1502,2.91,8219,9.13,1288,10.47,669.01,-4.45
2026-09-03,Monthly,2025-11-01,2025-11-30,27,State,Idaho,2569,4.61,469990,4.44,52,5,3133,8.24,12203,8.03,2820,7.1,263.17,-0.15
2026-09-03,Monthly,2025-11-01,2025-11-30,29,State,Illinois,11377,-2.41,300000,5.26,50,1,13360,-2.11,44959,1.67,13331,-2.49,186.54,2.3
2026-09-03,Monthly,2025-11-01,2025-11-30,31,State,Indiana,7062,3.02,265000,1.92,34,4,8304,1.12,27123,14.04,8212,1.75,151.9,2.83
2026-09-03,Monthly,2025-11-01,2025-11-30,33,State,Iowa,3293,2.42,237000,4.41,41,5,3866,-1.44,14203,8.53,3548,2.22,159.5,2.12
2026-09-03,Monthly,2025-11-01,2025-11-30,35,State,Kansas,2876,4.23,279839,3.64,27,0,3330,3.68,10496,7.7,3199,4.92,149.56,5.33
2026-09-03,Monthly,2025-11-01,2025-11-30,37,State,Kentucky,3884,2.29,272000,2.64,45,5,4882,1.16,17739,12.3,4497,1.14,169.32,3.52
2026-09-03,Monthly,2025-11-01,2025-11-30,39,State,Louisiana,3428,-5.13,250000,4.17,58,-7,4646,6.18,21662,2.48,4032,-3.17,147.8,-0.2
2026-09-03,Monthly,2025-11-01,2025-11-30,41,State,Maine,1452,-0.01,400000,2.56,57,6,1894,6.13,7571,11.12,1780,2.17,266.67,-0.49
2026-09-03,Monthly,2025-11-01,2025-11-30,43,State,Maryland,5743,-3.46,425000,0.25,42,10,7066,0.22,23755,21.98,6541,-2.14,226.09,-1.04
2026-09-03,Monthly,2025-11-01,2025-11-30,45,State,Massachusetts,5240,-0.29,635000,3.25,27,5,6365,3.62,18381,14.55,6227,5.41,372.75,1.85
2026-09-03,Monthly,2025-11-01,2025-11-30,47,State,Michigan,10022,0.15,265000,1.92,33,3,12123,1.68,38093,8.04,11218,2.9,168.17,4.82
2026-09-03,Monthly,2025-11-01,2025-11-30,49,State,Minnesota,5894,1.64,352000,3.44,33,0,7194,7.14,21206,5.79,6367,-0.39,192.28,1.49
2026-09-03,Monthly,2025-11-01,2025-11-30,51,State,Mississippi,1809,-2.92,264693,4.11,47,1,2622,6.35,10486,4.49,2453,10.65,147.79,1.51
2026-09-03,Monthly,2025-11-01,2025-11-30,2,State,Missouri,6678,2.58,279950,6.85,34,2,8313,7.51,27652,10.26,7873,3.02,163.04,4.35
2026-09-03,Monthly,2025-11-01,2025-11-30,4,State,Montana,1029,8.54,499000,1.54,84,4,1435,5.02,7151,5.25,1194,5.61,282.17,-1.39
2026-09-03,Monthly,2025-11-01,2025-11-30,6,State,Nebraska,1797,0.27,302000,3.42,30,4,2099,1.19,6832,13.6,1930,10.99,159.56,1.52
2026-09-03,Monthly,2025-11-01,2025-11-30,8,State,Nevada,3362,-2.39,470000,2.17,62,17,4141,-6.62,18497,16.27,4044,-1.19,266.03,-1.47
2026-09-03,Monthly,2025-11-01,2025-11-30,10,State,New Hampshire,1487,4.79,500000,4.29,41,4,1755,6.18,5622,17.46,1702,6.05,291.72,1.82
2026-09-03,Monthly,2025-11-01,2025-11-30,12,State,New Jersey,7368,2.15,550000,4.76,48,12,8812,-2.79,29793,10.14,8317,0.42,321.69,4.09
2026-09-03,Monthly,2025-11-01,2025-11-30,14,State,New Mexico,1608,-7.09,353495,2.41,55,11,2174,1.15,9103,8.45,2036,0.78,207.01,1.98
2026-09-03,Monthly,2025-11-01,2025-11-30,16,State,New York,10622,-0.47,470000,5.62,36,2,14095,0.42,50932,5.11,11986,-3.61,327.51,13.09
2026-09-03,Monthly,2025-11-01,2025-11-30,18,State,North Carolina,12412,3.62,375000,2.74,58,11,15336,-0.6,64989,18.81,14315,3.11,204.95,1.34
2026-09-03,Monthly,2025-11-01,2025-11-30,20,State,North Dakota,600,-13.15,300000,0.03,50,7,732,-4.49,2773,1.32,687,-8.39,164.33,3.47
2026-09-03,Monthly,2025-11-01,2025-11-30,22,State,Ohio,11114,2.51,255000,5.81,43,3,13007,1.21,41640,9.85,13124,-2.85,164.12,2.08
2026-09-03,Monthly,2025-11-01,2025-11-30,23,State,Oklahoma,4117,5.32,250000,2.21,48,6,5195,4.37,21188,10.74,4763,6.82,155.27,1.64
2026-09-03,Monthly,2025-11-01,2025-11-30,24,State,Oregon,4060,-1.91,500000,1.01,47,8,4812,1.51,19831,9.45,4626,3.4,291.91,-2.51
2026-09-03,Monthly,2025-11-01,2025-11-30,26,State,Pennsylvania,10815,4.35,300000,5.19,36,2,12770,2.7,41476,7.3,11940,-0.99,183.91,1.74
2026-09-03,Monthly,2025-11-01,2025-11-30,58,State,Puerto Rico,NA,NA,NA,NA,NA,NA,NA,NA,NA,NA,NA,NA,NA,NA
2026-09-03,Monthly,2025-11-01,2025-11-30,28,State,Rhode Island,897,5.08,500000,4,32,4,1079,-4.87,3105,9.79,1081,5.93,292.07,5.41
2026-09-03,Monthly,2025-11-01,2025-11-30,30,State,South Carolina,7494,4.13,341767,0.24,74,5,9502,4.01,43039,14.59,8772,5.36,190.93,0.92
2026-09-03,Monthly,2025-11-01,2025-11-30,32,State,South Dakota,748,-3.78,325000,3.83,63,-4,873,-14.55,4082,-1.93,852,-1.61,189.4,0.74
2026-09-03,Monthly,2025-11-01,2025-11-30,34,State,Tennessee,8181,1.28,370000,0.37,68,11,10697,3.02,47723,14.4,9662,-0.48,212.34,0.53
2026-09-03,Monthly,2025-11-01,2025-11-30,36,State,Texas,27370,-3.57,330000,-1.49,69,13,39457,-0.24,182531,10.11,33321,1.03,176.05,-1.85
2026-09-03,Monthly,2025-11-01,2025-11-30,38,State,Utah,3216,-1.57,527990,3.53,53,10,4588,5.24,18302,15.06,4225,7.78,243.39,-0.48
2026-09-03,Monthly,2025-11-01,2025-11-30,40,State,Vermont,610,0.32,420000,1.2,64,11,791,10.76,3467,13.61,745,-0.94,261.88,4.8
2026-09-03,Monthly,2025-11-01,2025-11-30,42,State,Virginia,8956,2.46,425000,3.03,36,7,10653,-0.66,33806,18.63,10377,3.66,228.45,1.82
2026-09-03,Monthly,2025-11-01,2025-11-30,44,State,Washington,7265,-5.78,600000,-1.11,28,7,8968,0.51,30432,16.67,8589,2.69,337.64,-1.08
2026-09-03,Monthly,2025-11-01,2025-11-30,46,State,West Virginia,1204,-2.64,260000,4,60,8,1608,10.8,6235,13.27,1528,15.09,145.82,0.7
2026-09-03,Monthly,2025-11-01,2025-11-30,48,State,Wisconsin,5727,3.32,325000,4.84,51,2,6620,4.85,21975,5.86,6430,6.95,194.59,5.72
2026-09-03,Monthly,2025-11-01,2025-11-30,50,State,Wyoming,608,-2.76,359000,1.34,50,6,837,5.69,3240,10.38,689,3.16,189.36,5.87
2026-09-03,Monthly,2025-10-01,2025-10-31,1,State,Alabama,5248,1.85,289500,3.39,64,8,6819,6.31,29324,9.12,6223,0.85,161.61,3.07
2026-09-03,Monthly,2025-10-01,2025-10-31,3,State,Alaska,615,-10.03,385000,0.68,34,4,812,0.96,2569,0.18,811,3.72,246.17,4.03
2026-09-03,Monthly,2025-10-01,2025-10-31,5,State,Arizona,8241,2.26,440000,0.24,68,11,11140,5.3,47669,14.27,10360,8.39,254.09,-3.12
2026-09-03,Monthly,2025-10-01,2025-10-31,7,State,Arkansas,3051,-5.44,270000,5.88,56,5,4306,6.98,18454,17.35,3630,0.28,160.06,2.37
2026-09-03,Monthly,2025-10-01,2025-10-31,9,State,California,23431,2.15,750000,-0.27,43,9,29628,-2.41,106435,9.19,27650,3.17,471,1.09
2026-09-03,Monthly,2025-10-01,2025-10-31,11,State,Colorado,7163,-2.5,550695,0.11,53,9,9238,-5.01,37919,8.8,8544,-2.69,266.39,-1.73
2026-09-03,Monthly,2025-10-01,2025-10-31,17,State,Columbia,519,-7.53,680000,3.03,64,14,833,-5.7,3708,5.55,599,-14.81,507.47,1.98
2026-09-03,Monthly,2025-10-01,2025-10-31,13,State,Connecticut,3155,1.99,425000,7.05,39,1,3527,-0.99,10471,2.66,3545,-3.97,248.24,6.33
2026-09-03,Monthly,2025-10-01,2025-10-31,15,State,Delaware,1136,-7.28,404500,1.77,48,8,1325,-5.38,5174,9.7,1302,3.64,217.82,0.97
2026-09-03,Monthly,2025-10-01,2025-10-31,19,State,Florida,30569,7.86,385000,-1.26,75,11,42913,12.01,218846,6.38,37376,14.58,239.41,-1.61
2026-09-03,Monthly,2025-10-01,2025-10-31,21,State,Georgia,10912,-0.97,355000,-1.66,62,10,16548,11.14,71234,28.23,13079,3.57,183.85,0.51
2026-09-03,Monthly,2025-10-01,2025-10-31,25,State,Hawaii,1151,18.85,765000,4.79,92,10,1553,18.84,8380,14,1368,24.88,762.06,9.16
2026-09-03,Monthly,2025-10-01,2025-10-31,27,State,Idaho,2492,2.59,484990,5.46,53,4,2880,-1.75,12092,6.23,2690,-1.76,264.89,0.18
2026-09-03,Monthly,2025-10-01,2025-10-31,29,State,Illinois,11401,0.53,303000,6.32,50,1,13564,-1.04,44905,2.18,13205,-1.64,188.01,5.13
2026-09-03,Monthly,2025-10-01,2025-10-31,31,State,Indiana,7007,2.06,270000,4.67,34,5,8607,6.66,27034,14.92,8126,1.97,151.2,2.48
2026-09-03,Monthly,2025-10-01,2025-10-31,33,State,Iowa,3232,0.79,245000,4.26,42,5,4055,8.36,14118,9.44,3515,1.98,160.53,2.51
2026-09-03,Monthly,2025-10-01,2025-10-31,35,State,Kansas,2720,-0.37,285000,6.15,26,-3,3427,6.43,10476,7.75,3134,1.09,150.33,3.76
2026-09-03,Monthly,2025-10-01,2025-10-31,37,State,Kentucky,3851,1.49,276000,5.54,45,6,4968,5.7,17667,13.51,4422,-1.13,167.45,3.17
2026-09-03,Monthly,2025-10-01,2025-10-31,39,State,Louisiana,3357,2.11,255000,7.14,60,-8,4719,3.01,21522,-1.2,4116,-1.56,147.51,0.83
2026-09-03,Monthly,2025-10-01,2025-10-31,41,State,Maine,1509,10.18,430000,8.86,57,8,1894,3.73,7537,11.22,1720,-0.71,264.93,1
2026-09-03,Monthly,2025-10-01,2025-10-31,43,State,Maryland,5708,-4.11,435000,3.28,42,10,7212,2.61,23533,21.99,6585,-0.05,227.79,0.29
2026-09-03,Monthly,2025-10-01,2025-10-31,45,State,Massachusetts,5274,-0.09,635000,2.17,26,3,6543,1.81,18161,12.89,6088,-1.1,370.03,2.11
2026-09-03,Monthly,2025-10-01,2025-10-31,47,State,Michigan,9948,0.78,270000,3.85,33,4,12140,2.77,38005,9.26,11055,2.35,167.62,2.85
2026-09-03,Monthly,2025-10-01,2025-10-31,49,State,Minnesota,5838,0.09,354450,1.94,33,1,7015,2.65,24235,5.17,6300,-1.54,192.34,1.2
2026-09-03,Monthly,2025-10-01,2025-10-31,51,State,Mississippi,1786,-3.25,265000,3.13,43,-5,2581,1.58,10424,3.74,2256,-5,150.5,4
2026-09-03,Monthly,2025-10-01,2025-10-31,2,State,Missouri,6623,1.98,285000,5.75,34,2,8271,7.01,27550,10.63,7838,3.59,161.39,3.08
2026-09-03,Monthly,2025-10-01,2025-10-31,4,State,Montana,1000,7.11,508000,1.8,84,7,1404,-0.05,7112,4.85,1130,-3.06,285.05,1.18
2026-09-03,Monthly,2025-10-01,2025-10-31,6,State,Nebraska,1871,11.47,305000,7.02,29,3,2182,6.16,6914,15.45,1855,0.56,161.73,3.15
2026-09-03,Monthly,2025-10-01,2025-10-31,8,State,Nevada,3231,-7.83,455000,-0.27,63,14,4295,-2.48,18382,17.95,3934,-2.87,266.16,-0.99
2026-09-03,Monthly,2025-10-01,2025-10-31,10,State,New Hampshire,1453,4.57,500000,2.35,41,4,1783,8.45,5558,15.54,1687,7.09,286.78,1.8
2026-09-03,Monthly,2025-10-01,2025-10-31,12,State,New Jersey,7182,1.77,545000,4.81,47,11,9085,3.24,29868,10.6,8300,-0.1,321.14,3.95
2026-09-03,Monthly,2025-10-01,2025-10-31,14,State,New Mexico,1677,-1.6,358000,2.29,53,9,2129,0.24,9015,9.14,2029,0.97,207.68,2.03
2026-09-03,Monthly,2025-10-01,2025-10-31,16,State,New York,10597,3.55,480000,4.35,38,4,14033,1.1,50747,6.99,12071,-1.27,317.9,12.43
2026-09-03,Monthly,2025-10-01,2025-10-31,18,State,North Carolina,12330,1.89,372500,1.5,57,11,15955,10.86,64871,20.89,14280,5.21,204.71,1.03
2026-09-03,Monthly,2025-10-01,2025-10-31,20,State,North Dakota,631,-0.88,306750,5.05,46,0,738,-1.46,2758,-0.15,655,-14.94,161.19,0.44
2026-09-03,Monthly,2025-10-01,2025-10-31,22,State,Ohio,11022,2.64,258000,6.39,43,3,13235,4.1,41582,11.53,13198,-1.32,164.63,3.19
2026-09-03,Monthly,2025-10-01,2025-10-31,23,State,Oklahoma,3878,-1.11,254250,4.41,44,4,5273,4.86,21182,10.9,4663,2.31,155.21,2.09
2026-09-03,Monthly,2025-10-01,2025-10-31,24,State,Oregon,4066,2.1,510000,2,47,9,4847,-2.43,19813,9.52,4674,0.7,293.35,-1.45
2026-09-03,Monthly,2025-10-01,2025-10-31,26,State,Pennsylvania,10572,0.22,298000,4.56,36,3,12722,3.32,41239,9.06,12064,4.39,184.74,2.59
2026-09-03,Monthly,2025-10-01,2025-10-31,58,State,Puerto Rico,NA,NA,NA,NA,NA,NA,NA,NA,NA,NA,NA,NA,NA,NA
2026-09-03,Monthly,2025-10-01,2025-10-31,28,State,Rhode Island,840,-10.14,500000,4.17,30,4,1132,7.79,3093,12.76,1051,3.57,287.05,4.03
2026-09-03,Monthly,2025-10-01,2025-10-31,30,State,South Carolina,7420,3.39,345000,0.58,76,9,9616,9.13,42727,15.29,8685,5.85,189.98,-0.94
2026-09-03,Monthly,2025-10-01,2025-10-31,32,State,South Dakota,758,4.18,320000,-2.14,59,-5,974,-7.07,4070,0.73,868,2.79,188.97,2.76
2026-09-03,Monthly,2025-10-01,2025-10-31,34,State,Tennessee,7871,-0.28,375000,2.74,66,7,10871,5.63,47230,13.95,9653,0.28,212.12,0.18
2026-09-03,Monthly,2025-10-01,2025-10-31,36,State,Texas,27031,-3.29,335000,-0.59,68,11,40269,1.06,184036,11.74,34049,5.05,176.09,-1.97
2026-09-03,Monthly,2025-10-01,2025-10-31,38,State,Utah,3215,2.34,530000,2.91,52,8,4526,3.81,18220,16.66,4079,-0.61,244.75,0.58
2026-09-03,Monthly,2025-10-01,2025-10-31,40,State,Vermont,652,12.91,425000,3.66,62,7,821,5.24,3433,13.33,739,3.84,254.31,3.01
2026-09-03,Monthly,2025-10-01,2025-10-31,42,State,Virginia,8934,3.35,430000,3.61,36,6,10851,5.83,33546,19.45,10233,2.3,228.58,2.47
2026-09-03,Monthly,2025-10-01,2025-10-31,44,State,Washington,7235,-4.48,600000,-2.04,27,6,9034,-2.13,30406,17.38,8375,-1.76,338.16,-0.83
2026-09-03,Monthly,2025-10-01,2025-10-31,46,State,West Virginia,1196,-2.39,246250,4.01,57,0,1560,3.24,6152,11.29,1355,-5.62,145.21,0.77
2026-09-03,Monthly,2025-10-01,2025-10-31,48,State,Wisconsin,5674,1,333250,7.5,50,1,6533,1.92,21767,5.23,6143,0.19,193.32,4.49
2026-09-03,Monthly,2025-10-01,2025-10-31,50,State,Wyoming,611,0.49,377250,6.28,52,12,794,1.4,3154,8.4,680,3.71,182.74,1.55
2026-09-03,Monthly,2025-09-01,2025-09-30,1,State,Alabama,5264,6.08,290848,2.05,63,9,6795,5.72,29307,10.36,6664,17.8,160.56,1.6
2026-09-03,Monthly,2025-09-01,2025-09-30,3,State,Alaska,665,-0.46,400000,2.56,31,3,836,0.2,2526,-1.93,754,-7.63,245.51,4.01
2026-09-03,Monthly,2025-09-01,2025-09-30,5,State,Arizona,8325,5.77,439900,1.13,70,11,10991,1.55,47944,15.64,9894,-3.1,256.39,-2.2
2026-09-03,Monthly,2025-09-01,2025-09-30,7,State,Arkansas,3166,2.03,268000,3.4,55,6,4330,9.13,18175,16.42,3543,-2.72,158.41,3.05
2026-09-03,Monthly,2025-09-01,2025-09-30,9,State,California,23286,4.29,747000,1.22,43,7,29713,-3.04,108150,13.12,27178,2.45,470.87,-0.2
2026-09-03,Monthly,2025-09-01,2025-09-30,11,State,Colorado,7284,5.22,550000,0.02,52,10,9184,-6.17,38249,12.42,8474,-3.72,270.46,-0.18
2026-09-03,Monthly,2025-09-01,2025-09-30,17,State,Columbia,540,7.39,675000,12.03,64,12,886,1.22,3736,7.93,590,-13.49,501.44,1.54
2026-09-03,Monthly,2025-09-01,2025-09-30,13,State,Connecticut,3091,1.84,430000,6.7,40,3,3566,0.31,10494,4.81,3578,-2.91,248.99,6.4
2026-09-03,Monthly,2025-09-01,2025-09-30,15,State,Delaware,1130,-1.87,395000,-0.57,50,12,1380,1.93,5206,11.55,1242,-7.16,215.2,0.6
2026-09-03,Monthly,2025-09-01,2025-09-30,19,State,Florida,30322,3.68,384000,-0.26,76,13,42663,-6.04,221584,5.13,35722,-0.09,238.53,-2.37
2026-09-03,Monthly,2025-09-01,2025-09-30,21,State,Georgia,11058,1.3,352500,-3.15,62,13,16133,7.52,69731,26.1,12901,2.13,183.71,0.42
2026-09-03,Monthly,2025-09-01,2025-09-30,25,State,Hawaii,1450,60.42,749000,-0.13,66,-17,1838,30.43,8681,18.08,1394,22.12,827.77,19.47
2026-09-03,Monthly,2025-09-01,2025-09-30,27,State,Idaho,2415,4.07,475000,1.06,55,11,2955,2.35,12244,9.1,2747,6.4,264.93,1.39
2026-09-03,Monthly,2025-09-01,2025-09-30,29,State,Illinois,11273,2,302000,4.14,51,0,13535,0.33,44765,3.08,13367,0.93,186.46,3.51
2026-09-03,Monthly,2025-09-01,2025-09-30,31,State,Indiana,6951,1.27,270000,3.85,35,7,8400,4.99,26698,14.83,8119,1.13,150.53,2.14
2026-09-03,Monthly,2025-09-01,2025-09-30,33,State,Iowa,3280,7.3,239990,4.8,41,4,3897,2.01,13819,9.01,3521,2.03,157.45,0.26
2026-09-03,Monthly,2025-09-01,2025-09-30,35,State,Kansas,2747,7,271436,4.4,27,-1,3297,0.27,10218,5.71,3099,-0.07,146.29,-0.13
2026-09-03,Monthly,2025-09-01,2025-09-30,37,State,Kentucky,3889,4.45,270000,1.89,46,7,4936,6.28,17497,14.16,4424,2.74,168.25,4.56
2026-09-03,Monthly,2025-09-01,2025-09-30,39,State,Louisiana,3502,13.15,251485,2.65,60,-8,4562,9.74,21437,0.32,4158,18.07,148.48,1.98
2026-09-03,Monthly,2025-09-01,2025-09-30,41,State,Maine,1475,4.22,410000,0,58,8,1874,2.43,7479,12.12,1710,-2.03,265.18,0.69
2026-09-03,Monthly,2025-09-01,2025-09-30,43,State,Maryland,5713,1.12,425000,1.19,42,11,7235,4.5,23210,22.47,6544,-2.69,227.98,0.36
2026-09-03,Monthly,2025-09-01,2025-09-30,45,State,Massachusetts,5249,2.73,625000,2.46,26,4,6770,3.47,18116,14.81,6112,1.01,376.75,3.69
2026-09-03,Monthly,2025-09-01,2025-09-30,47,State,Michigan,10007,1.27,279900,6.43,33,5,12083,1.75,37584,9.38,11049,1.76,167.49,3.76
2026-09-03,Monthly,2025-09-01,2025-09-30,49,State,Minnesota,5877,4.62,360000,2.86,33,1,6952,1.23,24834,7.74,6411,3.32,192.87,2.25
2026-09-03,Monthly,2025-09-01,2025-09-30,51,State,Mississippi,1846,3.26,261828,2.68,46,-1,2551,2.66,10406,4.6,2300,1.85,148.04,3.56
2026-09-03,Monthly,2025-09-01,2025-09-30,2,State,Missouri,6643,2.86,279900,5.62,34,2,8222,5.94,27319,10.49,7644,0.67,160.14,1.92
2026-09-03,Monthly,2025-09-01,2025-09-30,4,State,Montana,986,10.47,514500,2.92,82,3,1377,-5.71,7153,7.41,1142,-2.33,278.9,-0.33
2026-09-03,Monthly,2025-09-01,2025-09-30,6,State,Nebraska,1793,9.29,304945,7,31,4,2229,11.69,6899,16.73,1873,4.81,159.19,0.37
2026-09-03,Monthly,2025-09-01,2025-09-30,8,State,Nevada,3297,-2.69,458250,-0.38,61,14,4234,-6.1,18349,20.25,3845,-7,265.5,-1.27
2026-09-03,Monthly,2025-09-01,2025-09-30,10,State,New Hampshire,1497,8.34,510000,2.11,41,6,1761,6.33,5519,16.07,1654,2.71,291.67,4.04
2026-09-03,Monthly,2025-09-01,2025-09-30,12,State,New Jersey,7330,4.74,545000,3.81,49,13,9252,3.66,30046,11.79,8270,1.81,320.02,3.94
2026-09-03,Monthly,2025-09-01,2025-09-30,14,State,New Mexico,1720,7.76,360000,7.46,54,11,2146,-5.98,8966,8.9,1948,-3.66,207.32,2.81
2026-09-03,Monthly,2025-09-01,2025-09-30,16,State,New York,10675,1.15,490000,6.33,36,3,14167,0.49,50835,8.95,12199,1.54,327.86,15.51
2026-09-03,Monthly,2025-09-01,2025-09-30,18,State,North Carolina,12547,6.96,370000,0.41,57,12,15699,4.55,64334,20.86,14195,3.72,204.92,1.72
2026-09-03,Monthly,2025-09-01,2025-09-30,20,State,North Dakota,614,0.49,299000,1.98,46,4,726,-8.88,2795,3.25,686,-6.27,165.19,6.46
2026-09-03,Monthly,2025-09-01,2025-09-30,22,State,Ohio,11135,5.11,255000,3.03,42,3,13022,2.97,41191,12.1,13047,-3.37,164.77,4.5
2026-09-03,Monthly,2025-09-01,2025-09-30,23,State,Oklahoma,3872,4.97,252000,2.02,42,7,5233,4.63,21055,11.9,4657,4.36,152.87,1.01
2026-09-03,Monthly,2025-09-01,2025-09-30,24,State,Oregon,3974,5.05,500000,0,45,8,4931,-1.73,20028,12.12,4739,1.55,293.87,-0.88
2026-09-03,Monthly,2025-09-01,2025-09-30,26,State,Pennsylvania,10632,5.14,296900,2.41,36,3,12747,3.1,41036,9.36,11941,0.85,185.82,4.02
2026-09-03,Monthly,2025-09-01,2025-09-30,58,State,Puerto Rico,NA,NA,NA,NA,NA,NA,NA,NA,NA,NA,NA,NA,NA,NA
2026-09-03,Monthly,2025-09-01,2025-09-30,28,State,Rhode Island,1013,11.77,525000,6.06,32,5,1150,0.24,3120,11.47,1049,1.93,291.24,6.94
2026-09-03,Monthly,2025-09-01,2025-09-30,30,State,South Carolina,7496,6.87,342730,1.4,76,8,9526,6.25,42399,15.02,8640,5.53,191.9,0.43
2026-09-03,Monthly,2025-09-01,2025-09-30,32,State,South Dakota,674,-5.69,320000,1.91,56,-5,919,-4.89,4083,4.32,838,0.39,184.29,-1.45
2026-09-03,Monthly,2025-09-01,2025-09-30,34,State,Tennessee,8021,4.38,374933,2.72,66,8,10575,3.12,46741,15.05,9565,-0.16,211.65,0.84
2026-09-03,Monthly,2025-09-01,2025-09-30,36,State,Texas,27380,2.44,332000,-2.06,68,11,39975,1.48,184782,13.75,32779,-0.46,176.72,-1.34
2026-09-03,Monthly,2025-09-01,2025-09-30,38,State,Utah,3241,3.3,520141,1.44,52,9,4467,4.5,18001,16.46,3942,-2.29,245.47,1.18
2026-09-03,Monthly,2025-09-01,2025-09-30,40,State,Vermont,616,10.55,410375,2.59,61,6,811,-2.51,3385,14.9,736,4.94,247.86,-2.94
2026-09-03,Monthly,2025-09-01,2025-09-30,42,State,Virginia,8900,3.78,420000,1.2,35,7,10727,5.74,33263,19.91,10114,-0.16,227.93,1.33
2026-09-03,Monthly,2025-09-01,2025-09-30,44,State,Washington,7330,2.6,599269,-0.12,28,7,9194,2.03,30453,20.52,8275,-0.77,339.48,-1.15
2026-09-03,Monthly,2025-09-01,2025-09-30,46,State,West Virginia,1199,4.06,248500,2.69,58,2,1607,6.77,6208,15.08,1545,10.14,144.61,0.84
2026-09-03,Monthly,2025-09-01,2025-09-30,48,State,Wisconsin,5672,3.24,332000,7.1,50,2,6524,3.14,21663,6.21,6155,0.21,192.91,5.27
2026-09-03,Monthly,2025-09-01,2025-09-30,50,State,Wyoming,611,8.41,361000,1.55,46,2,756,-2.07,3155,10.37,700,5.09,186.29,4.32
2026-09-03,Monthly,2025-08-01,2025-08-31,1,State,Alabama,5274,5.06,294900,3.47,63,9,6648,4.02,29238,11.17,6119,9.25,159.56,1.73
2026-09-03,Monthly,2025-08-01,2025-08-31,3,State,Alaska,701,9.8,405000,1.5,32,-1,804,-5.01,2513,-1.01,796,2.43,242.92,2.31
2026-09-03,Monthly,2025-08-01,2025-08-31,5,State,Arizona,8296,6.5,432000,0,70,13,10807,1.23,48454,19.55,9893,9.58,256.32,-1.73
2026-09-03,Monthly,2025-08-01,2025-08-31,7,State,Arkansas,3135,0.49,269900,3.41,55,7,4217,4.28,17983,16.7,3550,2.85,160.08,3.95
2026-09-03,Monthly,2025-08-01,2025-08-31,9,State,California,22694,-0.4,747000,0.27,46,13,29532,-0.76,110337,19.92,26797,5.78,467.54,-0.73
2026-09-03,Monthly,2025-08-01,2025-08-31,11,State,Colorado,7137,-2.18,550000,1.85,51,10,9181,-2.37,38679,17.8,8333,-2.09,267.92,-1.8
2026-09-03,Monthly,2025-08-01,2025-08-31,17,State,Columbia,570,10.95,662500,5.16,64,13,820,-1.19,3839,13.01,612,0.07,493.01,-1.8
2026-09-03,Monthly,2025-08-01,2025-08-31,13,State,Connecticut,3140,1.01,440000,6.02,39,2,3513,2.22,10475,6.21,3641,4.26,245.94,5.12
2026-09-03,Monthly,2025-08-01,2025-08-31,15,State,Delaware,1174,7,389000,-1.52,48,10,1352,-4.35,5137,11.95,1261,0.55,213.33,-0.39
2026-09-03,Monthly,2025-08-01,2025-08-31,19,State,Florida,29822,-2.78,380000,-1.3,76,15,43046,-6.46,224648,7.63,35598,4.27,237.4,-2.5
2026-09-03,Monthly,2025-08-01,2025-08-31,21,State,Georgia,10894,-0.72,361805,0.65,60,13,15918,5.55,68574,24.38,12688,1.2,182.12,-0.06
2026-09-03,Monthly,2025-08-01,2025-08-31,25,State,Hawaii,979,1.98,740000,-1.33,101,22,1445,3.73,8316,15.71,1259,7.15,679.46,-3.52
2026-09-03,Monthly,2025-08-01,2025-08-31,27,State,Idaho,2506,15.7,475528,3.4,53,6,2852,1.17,12365,13.25,2776,13.47,264.22,0.36
2026-09-03,Monthly,2025-08-01,2025-08-31,29,State,Illinois,11231,0.28,315000,6.78,51,1,13428,0.4,44699,4.03,12756,0.99,184.73,3.25
2026-09-03,Monthly,2025-08-01,2025-08-31,31,State,Indiana,7083,6.88,275000,3.77,34,7,8466,5.41,26573,15.6,8089,5.59,151.04,3.14
2026-09-03,Monthly,2025-08-01,2025-08-31,33,State,Iowa,3262,6.87,245000,2.08,41,4,3800,1.72,13580,11.32,3416,3.97,156.23,0.82
2026-09-03,Monthly,2025-08-01,2025-08-31,35,State,Kansas,2696,3.61,285000,5.56,26,-3,3323,3.66,10211,8.08,3065,2.26,146.23,3.22
2026-09-03,Monthly,2025-08-01,2025-08-31,37,State,Kentucky,3909,7.08,275000,5.57,46,8,4944,5.96,17418,16.2,4502,8.24,166.76,3.76
2026-09-03,Monthly,2025-08-01,2025-08-31,39,State,Louisiana,3498,7.21,254570,4.76,64,-3,4475,-1.16,21408,-0.62,3928,9,145.26,0.83
2026-09-03,Monthly,2025-08-01,2025-08-31,41,State,Maine,1545,13.07,411812,2.95,59,8,1832,0.32,7433,14.93,1760,13.58,263.35,0.54
2026-09-03,Monthly,2025-08-01,2025-08-31,43,State,Maryland,5635,-1.37,435000,2.56,41,11,6941,2.96,22846,23.07,6572,0.7,226.32,0.03
2026-09-03,Monthly,2025-08-01,2025-08-31,45,State,Massachusetts,5245,2.41,650000,3.17,26,3,6291,5.13,17963,18.73,5919,6.3,371.72,1.73
2026-09-03,Monthly,2025-08-01,2025-08-31,47,State,Michigan,10029,2.73,280000,4.09,32,4,12072,2.42,37483,11.33,11090,4.75,166.11,2.84
2026-09-03,Monthly,2025-08-01,2025-08-31,49,State,Minnesota,5871,3.55,362000,2.7,34,1,6906,4.72,24937,8.11,6399,8.99,192.6,1.6
2026-09-03,Monthly,2025-08-01,2025-08-31,51,State,Mississippi,1785,-3,265000,3.96,46,-2,2473,-0.98,10440,5.24,2381,12.87,145.51,0.43
2026-09-03,Monthly,2025-08-01,2025-08-31,2,State,Missouri,6630,3.17,279950,3.72,36,3,8129,5.13,27303,12.91,7784,10.43,160.47,2.11
2026-09-03,Monthly,2025-08-01,2025-08-31,4,State,Montana,994,5.37,499900,0,84,9,1394,2.72,7257,11.49,1215,11.31,283,0.55
2026-09-03,Monthly,2025-08-01,2025-08-31,6,State,Nebraska,1747,2.31,305000,3.74,31,6,2151,16.2,6859,17.07,1890,13.31,162.28,3.94
2026-09-03,Monthly,2025-08-01,2025-08-31,8,State,Nevada,3285,-6.22,463500,1.4,60,15,4085,-6.19,18493,26.88,3750,-0.78,264.8,-0.78
2026-09-03,Monthly,2025-08-01,2025-08-31,10,State,New Hampshire,1449,4.98,530000,4.48,40,3,1743,6.91,5457,16.17,1688,11.23,286.08,2.14
2026-09-03,Monthly,2025-08-01,2025-08-31,12,State,New Jersey,7151,-0.94,575000,6.63,48,13,8855,3.76,30100,12.92,8250,2.69,318.35,4.32
2026-09-03,Monthly,2025-08-01,2025-08-31,14,State,New Mexico,1648,-2.39,360000,3.57,52,12,2135,-3.18,8999,13.09,2032,6.26,206.1,2.17
2026-09-03,Monthly,2025-08-01,2025-08-31,16,State,New York,10590,1.67,517300,6.66,35,2,13900,1.74,50594,11.59,12200,4.22,320.72,12.58
2026-09-03,Monthly,2025-08-01,2025-08-31,18,State,North Carolina,12327,3.76,375000,0.27,57,14,15587,5.38,64242,23.89,14401,11.3,202.58,-0.55
2026-09-03,Monthly,2025-08-01,2025-08-31,20,State,North Dakota,667,8.8,326500,10.3,46,5,741,-1.47,2819,6.4,695,-6.2,164.29,4.28
2026-09-03,Monthly,2025-08-01,2025-08-31,22,State,Ohio,11012,4.88,264000,5.6,43,3,13013,2.59,41149,14.11,13106,-1.22,163.7,3.45
2026-09-03,Monthly,2025-08-01,2025-08-31,23,State,Oklahoma,4045,2.89,255000,2,39,6,5204,3.44,20940,13.84,4670,7.72,152.78,0.42
2026-09-03,Monthly,2025-08-01,2025-08-31,24,State,Oregon,3964,4.07,510000,0.68,45,10,4654,-1.51,20206,16.81,4617,8.29,292.07,-1.42
2026-09-03,Monthly,2025-08-01,2025-08-31,26,State,Pennsylvania,10510,2.79,315000,5,37,6,12566,2.4,40787,10.47,11989,8.24,183.64,2.83
2026-09-03,Monthly,2025-08-01,2025-08-31,58,State,Puerto Rico,NA,NA,NA,NA,NA,NA,NA,NA,NA,NA,NA,NA,NA,NA
2026-09-03,Monthly,2025-08-01,2025-08-31,28,State,Rhode Island,967,5.5,500000,3.55,31,2,1107,2.88,3123,17.42,1029,11.47,286.09,3.05
2026-09-03,Monthly,2025-08-01,2025-08-31,30,State,South Carolina,7444,5.75,349000,1.19,76,10,9363,4.96,42031,14.59,8630,10.76,189.79,0.44
2026-09-03,Monthly,2025-08-01,2025-08-31,32,State,South Dakota,713,-2.65,345000,6.19,59,-4,930,-2.72,4111,5.95,819,1.27,187.48,0.56
2026-09-03,Monthly,2025-08-01,2025-08-31,34,State,Tennessee,8109,5.19,375000,1.35,66,7,10612,4.39,46636,15.89,9598,1.93,210.4,0.18
2026-09-03,Monthly,2025-08-01,2025-08-31,36,State,Texas,27708,6.05,338015,-0.58,68,11,39940,0.52,186453,17,33043,3.71,175.98,-1.74
2026-09-03,Monthly,2025-08-01,2025-08-31,38,State,Utah,3305,7.47,525000,2.54,52,9,4422,5.27,18182,20.68,4073,5.38,242.96,-0.27
2026-09-03,Monthly,2025-08-01,2025-08-31,40,State,Vermont,643,16.85,435000,8.75,58,5,774,0.37,3388,19.3,764,18.02,252.07,2.79
2026-09-03,Monthly,2025-08-01,2025-08-31,42,State,Virginia,8858,4,425000,2.41,36,8,10479,7.04,33002,20.82,10080,7.64,227.79,2.79
2026-09-03,Monthly,2025-08-01,2025-08-31,44,State,Washington,7308,1.27,614800,1.62,28,8,8880,2.25,30160,22.76,8194,5.68,337.5,-0.43
2026-09-03,Monthly,2025-08-01,2025-08-31,46,State,West Virginia,1169,-5.02,254995,4.08,57,2,1609,11.82,6089,14.75,1459,11.02,144.12,0.94
2026-09-03,Monthly,2025-08-01,2025-08-31,48,State,Wisconsin,5702,4.61,338995,5.11,50,2,6318,0.59,21612,7.66,6124,6.03,192.89,5
2026-09-03,Monthly,2025-08-01,2025-08-31,50,State,Wyoming,565,-10.9,380000,8.57,46,3,771,0.52,3177,11.8,682,2.3,184.1,-0.03
2026-09-03,Monthly,2025-07-01,2025-07-31,1,State,Alabama,5117,0.36,299000,3.39,63,8,6601,2.75,29254,12.07,6203,8.27,158.95,1.82
2026-09-03,Monthly,2025-07-01,2025-07-31,3,State,Alaska,685,4.73,420000,7.69,29,2,777,-2.84,2546,1.97,777,0.37,244.34,5.46
2026-09-03,Monthly,2025-07-01,2025-07-31,5,State,Arizona,8133,3.44,435000,0,69,13,10956,5.52,49136,23.62,10212,10.06,254.7,-2.29
2026-09-03,Monthly,2025-07-01,2025-07-31,7,State,Arkansas,3152,0.96,268400,5.25,54,6,4102,-0.1,17909,18.2,3682,6.94,158.28,3.12
2026-09-03,Monthly,2025-07-01,2025-07-31,9,State,California,22598,-2.03,750000,-0.66,47,14,29762,2.14,112110,23.61,26068,-0.86,461.89,-2.3
2026-09-03,Monthly,2025-07-01,2025-07-31,11,State,Colorado,6998,0.05,550000,0,48,8,9236,-0.22,39419,22.4,8384,0.12,269.44,-1.17
2026-09-03,Monthly,2025-07-01,2025-07-31,17,State,Columbia,542,6.4,677000,0.3,65,12,810,-0.22,3835,13.95,619,7.72,478.01,-4.91
2026-09-03,Monthly,2025-07-01,2025-07-31,13,State,Connecticut,3142,1.83,450000,7.14,40,3,3513,1.92,10525,6.21,3629,1.54,244.26,5.5
2026-09-03,Monthly,2025-07-01,2025-07-31,15,State,Delaware,1105,-5.11,406690,6.21,49,9,1334,-0.68,5115,13.18,1332,10.38,211.72,-0.09
2026-09-03,Monthly,2025-07-01,2025-07-31,19,State,Florida,29078,-5.81,384990,-1.28,76,14,43162,-6.02,227579,10.18,35032,-3.78,237.71,-2.59
2026-09-03,Monthly,2025-07-01,2025-07-31,21,State,Georgia,10807,-2.9,365000,1.14,59,13,15926,6.31,67359,22.82,12533,-0.04,181.45,-0.61
2026-09-03,Monthly,2025-07-01,2025-07-31,25,State,Hawaii,943,-4.82,718500,-6.08,99,19,1346,-7.46,8331,18.54,1237,6.77,676.14,-1.68
2026-09-03,Monthly,2025-07-01,2025-07-31,27,State,Idaho,2519,9.46,475266,1.12,52,4,2773,4.9,12439,16.74,2683,13.72,266.12,2.88
2026-09-03,Monthly,2025-07-01,2025-07-31,29,State,Illinois,11461,1.36,318000,3.58,51,2,13343,1.09,44816,5.04,12926,0.1,185.32,4.41
2026-09-03,Monthly,2025-07-01,2025-07-31,31,State,Indiana,6965,2.62,275250,3.87,34,8,8174,5.57,26397,17.83,8176,7.24,149.43,2.02
2026-09-03,Monthly,2025-07-01,2025-07-31,33,State,Iowa,3155,2.87,245000,0.62,41,6,3857,11.09,13536,14.17,3546,8.91,155.56,0.41
2026-09-03,Monthly,2025-07-01,2025-07-31,35,State,Kansas,2683,3.2,299900,7.59,25,-4,3199,1.4,10077,9.09,3144,8.53,147.04,2.28
2026-09-03,Monthly,2025-07-01,2025-07-31,37,State,Kentucky,3904,5.01,279900,5.62,44,5,4757,5.1,17276,17.46,4532,10.16,166.29,4.76
2026-09-03,Monthly,2025-07-01,2025-07-31,39,State,Louisiana,3411,-0.23,249900,0.67,61,-6,4350,0.03,21713,1.72,3938,9.66,146.86,2.37
2026-09-03,Monthly,2025-07-01,2025-07-31,41,State,Maine,1490,7.31,420500,5.13,60,8,1805,5.31,7525,18.89,1816,11.65,260.82,-0.85
2026-09-03,Monthly,2025-07-01,2025-07-31,43,State,Maryland,5566,-4.73,440000,2.33,40,9,6753,2.06,22608,21.42,6457,-2.84,227.95,1.45
2026-09-03,Monthly,2025-07-01,2025-07-31,45,State,Massachusetts,5215,1.4,670000,3.08,25,3,6353,4.14,18218,20.24,5967,5.11,365.92,0.64
2026-09-03,Monthly,2025-07-01,2025-07-31,47,State,Michigan,10032,1.88,288750,6.16,31,3,12065,2.16,37321,12.6,11094,4.19,167.21,4.8
2026-09-03,Monthly,2025-07-01,2025-07-31,49,State,Minnesota,5793,1.75,365000,2.82,35,4,6875,4.95,25249,11.51,6287,6.39,191.61,1.38
2026-09-03,Monthly,2025-07-01,2025-07-31,51,State,Mississippi,1814,-0.2,260000,0.96,49,6,2517,8.17,10430,6.23,2335,7.56,147.22,2.38
2026-09-03,Monthly,2025-07-01,2025-07-31,2,State,Missouri,6555,1.77,285000,5.56,32,0,8144,7.99,27146,13.64,7561,3.1,159.53,2.61
2026-09-03,Monthly,2025-07-01,2025-07-31,4,State,Montana,1021,19.74,525000,7.16,83,6,1372,2.74,7275,12.8,1119,-4,282.62,1.01
2026-09-03,Monthly,2025-07-01,2025-07-31,6,State,Nebraska,1796,3.48,305000,3.39,29,4,2139,9.47,6708,13.62,1850,8.39,159.55,2.65
2026-09-03,Monthly,2025-07-01,2025-07-31,8,State,Nevada,3248,-7.02,460000,0,62,15,4144,-3.9,18868,32.05,3878,-5.21,262.77,-1.39
2026-09-03,Monthly,2025-07-01,2025-07-31,10,State,New Hampshire,1492,8.55,515000,1.98,40,5,1741,6.32,5511,17.43,1690,8.49,285.02,2.41
2026-09-03,Monthly,2025-07-01,2025-07-31,12,State,New Jersey,7191,-0.11,560000,3.7,47,11,8899,1.5,29920,13.37,8269,1.25,316.55,4.3
2026-09-03,Monthly,2025-07-01,2025-07-31,14,State,New Mexico,1680,2.11,355000,1.43,52,9,2126,4.87,9038,16.15,2003,0.16,206.31,2.65
2026-09-03,Monthly,2025-07-01,2025-07-31,16,State,New York,10714,0.82,525000,8.53,35,3,13976,2.63,50855,10.94,11943,0.26,319.13,13.91
2026-09-03,Monthly,2025-07-01,2025-07-31,18,State,North Carolina,12327,3.09,375000,1.35,53,11,15670,8.38,64125,26.63,14069,5.02,203.24,0.4
2026-09-03,Monthly,2025-07-01,2025-07-31,20,State,North Dakota,618,2.89,305000,0.51,45,0,764,5.61,2874,9.06,705,-6,162.75,7.39
2026-09-03,Monthly,2025-07-01,2025-07-31,22,State,Ohio,10897,3.43,269750,5.99,42,3,12794,4.69,41116,16.76,13182,-1.13,163.02,4.11
2026-09-03,Monthly,2025-07-01,2025-07-31,23,State,Oklahoma,3988,7.97,260000,4.42,36,7,5214,7.03,20937,16.76,4691,7.36,153.26,1.88
2026-09-03,Monthly,2025-07-01,2025-07-31,24,State,Oregon,3823,0.53,515000,0,43,6,4776,2.19,20459,19.08,4481,3.09,293.6,-1.53
2026-09-03,Monthly,2025-07-01,2025-07-31,26,State,Pennsylvania,10493,0.74,315000,5,36,5,12727,4.7,40607,10.99,11754,3.31,182.34,3.31
2026-09-03,Monthly,2025-07-01,2025-07-31,58,State,Puerto Rico,NA,NA,NA,NA,NA,NA,NA,NA,NA,NA,NA,NA,NA,NA
2026-09-03,Monthly,2025-07-01,2025-07-31,28,State,Rhode Island,937,-3.92,500000,2.58,32,5,1075,-3.31,3132,14.91,1004,-1.64,281.52,2.65
2026-09-03,Monthly,2025-07-01,2025-07-31,30,State,South Carolina,7399,3.64,353000,2.32,75,12,9444,6.81,42001,14.69,8668,8.43,188.29,-1.85
2026-09-03,Monthly,2025-07-01,2025-07-31,32,State,South Dakota,761,4.79,335000,1.75,49,-12,933,2.78,4073,6.84,837,3.58,192.14,4.28
2026-09-03,Monthly,2025-07-01,2025-07-31,34,State,Tennessee,8021,4.33,375000,1.38,66,9,10515,5.03,47083,19.12,9855,5.01,210.14,0.78
2026-09-03,Monthly,2025-07-01,2025-07-31,36,State,Texas,27131,3.12,340000,-1.97,68,14,40622,7.12,188060,20.22,32984,6.12,176.3,-1.86
2026-09-03,Monthly,2025-07-01,2025-07-31,38,State,Utah,3227,4.92,525000,1.94,52,8,4559,7.86,18572,24.37,4137,10.3,243.11,0.96
2026-09-03,Monthly,2025-07-01,2025-07-31,40,State,Vermont,636,-12.58,430000,-3.37,60,8,850,9.5,3352,19.86,747,8.01,251.8,0.86
2026-09-03,Monthly,2025-07-01,2025-07-31,42,State,Virginia,8784,2.88,435000,1.75,37,9,10210,5.47,32954,22.2,9943,3.85,226.98,2.95
2026-09-03,Monthly,2025-07-01,2025-07-31,44,State,Washington,7298,0.87,615000,0,28,9,9056,7.68,30553,26.37,8015,1.65,337.34,-1.36
2026-09-03,Monthly,2025-07-01,2025-07-31,46,State,West Virginia,1208,1.33,250000,4.41,55,-7,1576,12.56,5999,11.28,1483,9.84,143.51,1.23
2026-09-03,Monthly,2025-07-01,2025-07-31,48,State,Wisconsin,5594,0.92,335000,3.08,50,2,6307,5.02,21624,8.88,6198,6.77,191.44,3.91
2026-09-03,Monthly,2025-07-01,2025-07-31,50,State,Wyoming,622,7.16,367250,8.01,48,4,773,4.62,3188,13.74,655,-2.89,190.72,5.87
2026-09-03,Monthly,2025-06-01,2025-06-30,1,State,Alabama,5019,0.83,299000,1.7,60,7,6495,-0.91,28994,12.91,6002,2.62,159.34,2.52
2026-09-03,Monthly,2025-06-01,2025-06-30,3,State,Alaska,689,9.37,410250,3.86,29,-1,786,-3.76,2587,3.65,803,2.57,244.56,4.35
2026-09-03,Monthly,2025-06-01,2025-06-30,5,State,Arizona,8117,4.5,435000,-2.02,68,11,10874,3.33,49457,25.73,9476,0.99,254.89,-1.89
2026-09-03,Monthly,2025-06-01,2025-06-30,7,State,Arkansas,3126,3.21,278400,3.11,53,7,4226,8.11,17780,20.26,3549,0.41,156.55,1.98
2026-09-03,Monthly,2025-06-01,2025-06-30,9,State,California,22174,-1.57,762500,-0.33,43,10,29468,-1.15,114200,26.85,25657,-1.71,463.62,-2.45
2026-09-03,Monthly,2025-06-01,2025-06-30,11,State,Colorado,7164,3.74,565000,0.18,47,6,9331,1.65,39707,24.99,8253,-0.76,270.77,-1.04
2026-09-03,Monthly,2025-06-01,2025-06-30,17,State,Columbia,522,1.68,707000,-1.12,67,14,839,0.56,3897,16.03,631,6.1,485.44,-4.2
2026-09-03,Monthly,2025-06-01,2025-06-30,13,State,Connecticut,3077,1.49,450000,4.65,39,2,3485,3.46,10484,7.13,3560,-1.77,242.24,5.02
2026-09-03,Monthly,2025-06-01,2025-06-30,15,State,Delaware,1157,1.62,405000,3.58,48,8,1369,3.54,5087,13.92,1258,-1.76,209.81,-0.51
2026-09-03,Monthly,2025-06-01,2025-06-30,19,State,Florida,28887,-6.05,389990,-2.48,75,13,43761,-5.42,230360,12.59,34371,-6.72,238.2,-2.42
2026-09-03,Monthly,2025-06-01,2025-06-30,21,State,Georgia,11049,1.81,374000,2.47,59,14,15510,1.95,65782,21.19,12338,-4.72,182.82,0.31
2026-09-03,Monthly,2025-06-01,2025-06-30,25,State,Hawaii,995,6.18,750000,-6.25,89,13,1396,1.45,8479,25.59,1244,6.16,667.96,-5.11
2026-09-03,Monthly,2025-06-01,2025-06-30,27,State,Idaho,2432,9.75,482490,1.98,53,6,2828,3.38,12429,16.18,2601,3.19,265.91,0.32
2026-09-03,Monthly,2025-06-01,2025-06-30,29,State,Illinois,11523,6.42,323000,2.54,51,1,13460,2.56,44982,6.5,13266,3.01,183.34,3.25
2026-09-03,Monthly,2025-06-01,2025-06-30,31,State,Indiana,6943,4.6,275000,1.85,34,7,8194,5.85,26148,18.91,7911,0.18,150.33,4.05
2026-09-03,Monthly,2025-06-01,2025-06-30,33,State,Iowa,3227,7.12,252990,2.84,41,8,3709,3.16,13349,13.45,3505,5.5,154.76,-1.31
2026-09-03,Monthly,2025-06-01,2025-06-30,35,State,Kansas,2635,2.86,290000,5.45,24,-5,3246,2.33,9973,9.25,3081,2.27,146.83,3.03
2026-09-03,Monthly,2025-06-01,2025-06-30,37,State,Kentucky,3820,3.9,280000,3.7,45,6,4710,6.02,16996,17.31,4446,3.27,165.43,3.98
2026-09-03,Monthly,2025-06-01,2025-06-30,39,State,Louisiana,3418,4.71,262000,4.93,63,-2,4377,-1.64,21631,2.26,3888,6.43,146.86,1.34
2026-09-03,Monthly,2025-06-01,2025-06-30,41,State,Maine,1433,2.91,425000,3.79,59,9,1812,1.88,7483,18.91,1690,6.03,265.72,4.09
2026-09-03,Monthly,2025-06-01,2025-06-30,43,State,Maryland,5605,-2.1,449990,3.45,41,10,7037,3.93,22439,20.06,6469,-2.58,227.6,2.17
2026-09-03,Monthly,2025-06-01,2025-06-30,45,State,Massachusetts,5185,0.77,680000,3.03,25,2,6596,7.22,18215,20.49,5876,2.91,370.09,2.57
2026-09-03,Monthly,2025-06-01,2025-06-30,47,State,Michigan,9958,1.71,288000,4.73,32,4,12036,2.73,37267,12.45,11074,4.35,166.25,4.5
2026-09-03,Monthly,2025-06-01,2025-06-30,49,State,Minnesota,5858,4.82,370000,2.78,35,3,6828,5.02,24751,13.1,6212,5.33,191.17,1.22
2026-09-03,Monthly,2025-06-01,2025-06-30,51,State,Mississippi,1842,0.23,270000,3.85,46,3,2447,-1.35,10289,4.93,2248,-0.76,145.71,0.51
2026-09-03,Monthly,2025-06-01,2025-06-30,2,State,Missouri,6561,2.7,290000,3.57,33,0,8079,5.39,26938,13.32,7563,2.11,159.9,4.23
2026-09-03,Monthly,2025-06-01,2025-06-30,4,State,Montana,976,5.96,499000,0,81,6,1422,3.84,7258,13.69,1173,-1.6,287.96,3.73
2026-09-03,Monthly,2025-06-01,2025-06-30,6,State,Nebraska,1813,6.8,310000,1.64,29,5,2024,3.39,6461,9.56,1780,1.91,158.9,2.41
2026-09-03,Monthly,2025-06-01,2025-06-30,8,State,Nevada,3169,-9.22,465000,2.2,59,10,4326,0.06,18980,34.06,3685,-10.79,265.88,-0.07
2026-09-03,Monthly,2025-06-01,2025-06-30,10,State,New Hampshire,1416,3.93,530000,3.92,38,5,1758,9.5,5403,17.55,1640,6.86,287.56,5.68
2026-09-03,Monthly,2025-06-01,2025-06-30,12,State,New Jersey,7170,1.42,565000,6,45,9,8796,4.02,29438,12.71,8045,1.36,316.79,5.24
2026-09-03,Monthly,2025-06-01,2025-06-30,14,State,New Mexico,1667,4.91,352000,2.42,49,7,2109,2.52,8978,16.59,1975,-0.75,206.57,4.34
2026-09-03,Monthly,2025-06-01,2025-06-30,16,State,New York,10637,0.11,516000,3.2,34,1,13778,1.94,50673,11.4,11779,-0.42,312.65,12.13
2026-09-03,Monthly,2025-06-01,2025-06-30,18,State,North Carolina,12183,2.75,380000,1.33,52,10,15695,5.61,63244,27.02,13942,1.19,202.87,0.47
2026-09-03,Monthly,2025-06-01,2025-06-30,20,State,North Dakota,576,-3.23,320000,8.47,40,-5,745,8.62,2786,6.57,713,1.04,163.54,8.06
2026-09-03,Monthly,2025-06-01,2025-06-30,22,State,Ohio,10931,3.85,273000,7.06,42,2,12935,6.47,41008,17.04,13005,-3.3,163.36,4.57
2026-09-03,Monthly,2025-06-01,2025-06-30,23,State,Oklahoma,3789,-1.8,260000,1.4,33,3,5078,3.54,20522,16.28,4513,1.45,153.89,2.71
2026-09-03,Monthly,2025-06-01,2025-06-30,24,State,Oregon,3773,-2.01,529000,1.39,42,4,4894,1.38,20408,19.56,4497,2.69,293.34,-1.42
2026-09-03,Monthly,2025-06-01,2025-06-30,26,State,Pennsylvania,10417,3.94,320000,5.82,35,5,12347,0.16,40325,10.55,11717,1.43,183.21,3.25
2026-09-03,Monthly,2025-06-01,2025-06-30,58,State,Puerto Rico,NA,NA,NA,NA,NA,NA,NA,NA,NA,NA,NA,NA,NA,NA
2026-09-03,Monthly,2025-06-01,2025-06-30,28,State,Rhode Island,926,7.44,510000,3.24,31,8,1144,6.63,3191,20.44,985,-5.54,288.64,7.55
2026-09-03,Monthly,2025-06-01,2025-06-30,30,State,South Carolina,7325,3.36,349990,0.28,70,7,9403,5.07,41751,15.09,8485,0.83,189.6,0.41
2026-09-03,Monthly,2025-06-01,2025-06-30,32,State,South Dakota,758,6.83,335400,2.82,57,-4,984,9.9,3949,6.02,852,3.72,186.14,1.27
2026-09-03,Monthly,2025-06-01,2025-06-30,34,State,Tennessee,7869,5.71,378000,0.8,64,7,10536,4.06,46686,19.72,9614,1.43,210.45,1.23
2026-09-03,Monthly,2025-06-01,2025-06-30,36,State,Texas,26741,1.74,348000,0.14,68,13,39967,2.21,187575,20.17,32399,1.15,176.68,-1.7
2026-09-03,Monthly,2025-06-01,2025-06-30,38,State,Utah,3169,0.79,522000,1.75,50,8,4471,4.43,18462,25.88,3965,3.75,244.15,0.34
2026-09-03,Monthly,2025-06-01,2025-06-30,40,State,Vermont,602,3.82,432500,9.49,60,9,836,9.67,3260,19.37,723,1.37,250.61,-1.31
2026-09-03,Monthly,2025-06-01,2025-06-30,42,State,Virginia,8797,4.39,445000,3.16,36,9,10246,5.69,32672,22.04,10114,6.4,226.41,2.51
2026-09-03,Monthly,2025-06-01,2025-06-30,44,State,Washington,7297,1.55,625000,3.14,25,7,9167,5.58,30457,25.5,8183,3.1,339.18,0.18
2026-09-03,Monthly,2025-06-01,2025-06-30,46,State,West Virginia,1198,-0.19,263000,8.68,55,-9,1540,5.99,5784,5.23,1372,0.83,143.12,1.5
2026-09-03,Monthly,2025-06-01,2025-06-30,48,State,Wisconsin,5627,3.26,340000,4.62,50,3,6261,6.46,21493,9.08,6131,4.38,192.98,6.54
2026-09-03,Monthly,2025-06-01,2025-06-30,50,State,Wyoming,603,6.68,365000,4.29,44,-1,807,8.09,3115,11.1,660,-1.75,192.03,2.97
2026-09-03,Monthly,2025-05-01,2025-05-31,1,State,Alabama,5241,4.58,295000,2.08,60,9,6686,4.48,28786,13.96,6091,3.45,160.01,3.45
2026-09-03,Monthly,2025-05-01,2025-05-31,3,State,Alaska,685,5.08,413500,6.03,30,1,824,2.14,2641,7.15,779,3.64,244.15,6.5
2026-09-03,Monthly,2025-05-01,2025-05-31,5,State,Arizona,8027,2.17,445000,0,63,8,10995,5.24,49168,26.99,9432,1.18,255.51,-1.75
2026-09-03,Monthly,2025-05-01,2025-05-31,7,State,Arkansas,3088,-1.03,269850,4.19,51,4,4096,4.05,17424,18.04,3536,1.05,158.88,4.73
2026-09-03,Monthly,2025-05-01,2025-05-31,9,State,California,21967,-3.15,762000,-0.39,41,9,30916,4.68,115090,30.29,25726,-0.38,467.84,-1.68
2026-09-03,Monthly,2025-05-01,2025-05-31,11,State,Colorado,7156,1.92,555000,-0.89,46,6,10338,8.57,40184,28.46,8818,8.31,271,-0.58
2026-09-03,Monthly,2025-05-01,2025-05-31,17,State,Columbia,489,-9.68,704000,2.03,62,13,887,4.94,3861,17.54,611,6,499.84,-0.84
2026-09-03,Monthly,2025-05-01,2025-05-31,13,State,Connecticut,3165,4.5,425000,7.59,39,2,3484,4.02,10493,5.84,3601,3.73,245.4,8.14
2026-09-03,Monthly,2025-05-01,2025-05-31,15,State,Delaware,1195,4.84,400000,0.01,45,5,1387,1.13,5067,14.95,1240,-0.74,213.36,0.26
2026-09-03,Monthly,2025-05-01,2025-05-31,19,State,Florida,28886,-8.45,390000,-1.89,73,12,43999,-4.99,232427,15.09,33977,-5.99,237.7,-2.54
2026-09-03,Monthly,2025-05-01,2025-05-31,21,State,Georgia,10854,-2.28,365000,-1.08,57,12,15598,3.68,65114,22.35,12745,0.55,182.31,0.05
2026-09-03,Monthly,2025-05-01,2025-05-31,25,State,Hawaii,906,-12.71,738750,-1.43,90,12,1496,2.32,8465,27.3,1159,-1.15,680.65,-8.95
2026-09-03,Monthly,2025-05-01,2025-05-31,27,State,Idaho,2416,8.04,475000,0.92,51,5,3054,13.58,12368,18.03,2594,8.55,266.6,1.93
2026-09-03,Monthly,2025-05-01,2025-05-31,29,State,Illinois,11299,0.64,316000,5.33,49,0,13790,5.25,44920,6.8,13018,4.09,182.77,3.09
2026-09-03,Monthly,2025-05-01,2025-05-31,31,State,Indiana,6964,4.73,270000,1.89,33,6,8438,9.41,26078,19.8,8094,6.91,149.43,2.7
2026-09-03,Monthly,2025-05-01,2025-05-31,33,State,Iowa,3290,7.81,247500,3.77,41,9,3855,9,13554,17.05,3515,10.43,158.03,3.31
2026-09-03,Monthly,2025-05-01,2025-05-31,35,State,Kansas,2769,4.31,280000,6.46,24,-5,3378,13.35,9897,10.13,3152,8.4,147.53,3.65
2026-09-03,Monthly,2025-05-01,2025-05-31,37,State,Kentucky,3785,2.92,275000,3.77,44,6,4747,7.1,16765,17.92,4414,6.05,164.74,2.69
2026-09-03,Monthly,2025-05-01,2025-05-31,39,State,Louisiana,3312,-2.83,256000,4.07,62,-4,4632,3.87,21600,2.63,3889,6.64,146.99,2.14
2026-09-03,Monthly,2025-05-01,2025-05-31,41,State,Maine,1514,9.83,425000,6.4,52,0,1854,7.83,7508,19.6,1785,11.8,270,4.79
2026-09-03,Monthly,2025-05-01,2025-05-31,43,State,Maryland,5576,-3.46,437750,2.25,40,9,7086,5.38,22149,20.46,6523,0.18,229.49,3.07
2026-09-03,Monthly,2025-05-01,2025-05-31,45,State,Massachusetts,5314,3.88,666894,5.19,24,1,6615,4.91,17887,18.74,5891,5.31,370.32,3.09
2026-09-03,Monthly,2025-05-01,2025-05-31,47,State,Michigan,10013,1.37,279900,3.67,31,4,12041,2.37,37107,10.72,10798,1.33,166.25,5.54
2026-09-03,Monthly,2025-05-01,2025-05-31,49,State,Minnesota,5837,1.41,360000,2.13,32,0,6888,7.68,23868,11.73,6113,3.36,190.82,1.49
2026-09-03,Monthly,2025-05-01,2025-05-31,51,State,Mississippi,1818,-2.99,269900,3.81,45,2,2415,-0.17,10277,6.57,2326,5.08,145.35,1.57
2026-09-03,Monthly,2025-05-01,2025-05-31,2,State,Missouri,6619,3.23,280000,4.09,33,3,9072,18.66,27831,18.69,7763,7.95,157.14,1.21
2026-09-03,Monthly,2025-05-01,2025-05-31,4,State,Montana,975,4.86,499900,1,78,3,1540,9.36,7175,14.37,1282,7.98,294.52,4.45
2026-09-03,Monthly,2025-05-01,2025-05-31,6,State,Nebraska,1805,1.21,310000,4.55,28,6,2127,7.52,6454,11.1,1833,9.23,158.29,1.67
2026-09-03,Monthly,2025-05-01,2025-05-31,8,State,Nevada,3222,-8.92,460000,2.22,56,9,4697,5.74,18933,34.85,3760,-8.59,265.41,0.36
2026-09-03,Monthly,2025-05-01,2025-05-31,10,State,New Hampshire,1412,-1.89,519300,3.86,39,4,1706,3.85,5306,15.49,1645,8.27,286.6,4.65
2026-09-03,Monthly,2025-05-01,2025-05-31,12,State,New Jersey,7404,2.27,545000,5.83,44,6,8881,5.49,29117,11.11,8195,-0.86,317.19,5.94
2026-09-03,Monthly,2025-05-01,2025-05-31,14,State,New Mexico,1629,-2.81,351000,0.29,48,7,2176,4.66,8882,17.49,2006,2.88,207.01,3.79
2026-09-03,Monthly,2025-05-01,2025-05-31,16,State,New York,10776,-0.05,505000,6.32,33,1,13900,1.61,50897,8.5,11799,2.52,314.34,14.64
2026-09-03,Monthly,2025-05-01,2025-05-31,18,State,North Carolina,12257,2.91,375000,1.35,51,11,16376,15.61,62274,28.6,13958,5.72,204.24,1.12
2026-09-03,Monthly,2025-05-01,2025-05-31,20,State,North Dakota,631,-0.99,304075,2.73,40,-10,754,7.21,2712,0.6,673,-8.25,164.1,5.52
2026-09-03,Monthly,2025-05-01,2025-05-31,22,State,Ohio,10779,0.85,260000,4,42,3,12857,5.06,40508,15.54,13102,-2.24,162.06,4.3
2026-09-03,Monthly,2025-05-01,2025-05-31,23,State,Oklahoma,3934,0.75,259000,3.6,37,8,5159,6.43,20362,16.52,4527,2.71,153.77,2.69
2026-09-03,Monthly,2025-05-01,2025-05-31,24,State,Oregon,3886,0.92,520000,0.39,44,9,5194,6.74,20273,19.48,4465,1.49,294.85,-0.1
2026-09-03,Monthly,2025-05-01,2025-05-31,26,State,Pennsylvania,10542,0.87,302000,5.96,35,4,12680,3.96,40460,10.57,11633,3.23,183.41,3.02
2026-09-03,Monthly,2025-05-01,2025-05-31,58,State,Puerto Rico,NA,NA,NA,NA,NA,NA,NA,NA,NA,NA,NA,NA,NA,NA
2026-09-03,Monthly,2025-05-01,2025-05-31,28,State,Rhode Island,975,8.46,497500,6.99,30,7,1139,5.31,3197,20.92,1029,8.81,288.86,5.48
2026-09-03,Monthly,2025-05-01,2025-05-31,30,State,South Carolina,7379,4.67,345010,-0.58,70,7,9354,5.28,41442,15.83,8365,4.16,190.35,0.61
2026-09-03,Monthly,2025-05-01,2025-05-31,32,State,South Dakota,775,5.43,330000,-1.27,63,1,1019,14.76,4251,16.97,849,6.94,186.18,0.41
2026-09-03,Monthly,2025-05-01,2025-05-31,34,State,Tennessee,7765,-5.82,378000,3,63,6,10898,9.21,46485,20.06,9627,2.33,210.3,1.26
2026-09-03,Monthly,2025-05-01,2025-05-31,36,State,Texas,27080,2.34,340098,-2.55,65,12,40837,7.03,186308,20.34,32927,4.67,177.84,-0.62
2026-09-03,Monthly,2025-05-01,2025-05-31,38,State,Utah,3326,6.58,520000,0.58,50,8,4611,8.62,18519,28.68,4039,7.38,243.3,0.75
2026-09-03,Monthly,2025-05-01,2025-05-31,40,State,Vermont,631,12.71,432500,5.75,59,2,785,10.12,3194,21.41,713,9.36,241.88,-3.12
2026-09-03,Monthly,2025-05-01,2025-05-31,42,State,Virginia,8724,2.07,440000,3.53,35,7,10691,10.61,32436,22.47,9818,5.02,227.76,4.06
2026-09-03,Monthly,2025-05-01,2025-05-31,44,State,Washington,7192,-0.2,615280,0.05,25,9,9696,10.3,29907,24.41,8016,0.39,342.58,1.14
2026-09-03,Monthly,2025-05-01,2025-05-31,46,State,West Virginia,1246,1.42,255000,4.08,53,-9,1548,11.32,5695,3.48,1575,-6.17,142.3,1.26
2026-09-03,Monthly,2025-05-01,2025-05-31,48,State,Wisconsin,5637,1.72,332200,5.29,50,3,6339,4.15,21339,7.06,6079,4.37,190.52,5.31
2026-09-03,Monthly,2025-05-01,2025-05-31,50,State,Wyoming,623,7.79,364950,5.17,42,-7,842,16.09,3062,11.82,693,3.9,185.62,1.26
2026-09-03,Monthly,2025-04-01,2025-04-30,1,State,Alabama,5169,2.54,286000,4,60,8,6679,3.48,28466,14.39,5930,-3.58,159.53,2.54
2026-09-03,Monthly,2025-04-01,2025-04-30,3,State,Alaska,695,13.93,390000,4,33,8,805,3.22,2683,12.63,768,-1.3,242.66,5.34
2026-09-03,Monthly,2025-04-01,2025-04-30,5,State,Arizona,8132,4.6,437480,-1.91,62,9,11302,10.98,48446,28.18,9607,1.32,258.3,-0.45
2026-09-03,Monthly,2025-04-01,2025-04-30,7,State,Arkansas,3058,-2.95,262575,2.97,52,7,4182,5.16,17150,17.12,3517,-2.03,157.7,3.61
2026-09-03,Monthly,2025-04-01,2025-04-30,9,State,California,22711,1.09,765000,0.79,39,7,31626,11.06,113030,32.53,24900,-1.53,470.91,0.27
2026-09-03,Monthly,2025-04-01,2025-04-30,11,State,Colorado,7359,4.01,560000,0,45,8,10468,15.52,38568,28.31,8490,1.78,271.68,0.37
2026-09-03,Monthly,2025-04-01,2025-04-30,17,State,Columbia,499,-8.58,741250,5.91,56,3,944,17.63,3842,19.31,579,-4.08,501.88,0.59
2026-09-03,Monthly,2025-04-01,2025-04-30,13,State,Connecticut,3154,4.06,415000,8.14,36,-1,3472,2.75,10562,5.39,3588,1.16,241.58,7.45
2026-09-03,Monthly,2025-04-01,2025-04-30,15,State,Delaware,1199,6.15,388000,-0.51,40,1,1447,13.09,5035,16.3,1287,-0.04,216.87,3.6
2026-09-03,Monthly,2025-04-01,2025-04-30,19,State,Florida,29091,-6.47,386000,-3.39,71,12,45366,-0.66,232647,17.37,33151,-10.51,241.86,-1.14
2026-09-03,Monthly,2025-04-01,2025-04-30,21,State,Georgia,10971,-1.93,360000,0,56,14,15659,2.58,64231,22.07,12509,-5.61,182.34,0.58
2026-09-03,Monthly,2025-04-01,2025-04-30,25,State,Hawaii,948,-9.83,731000,-6.7,89,16,1585,17.29,8382,30.47,1147,-6.8,694.59,-1.71
2026-09-03,Monthly,2025-04-01,2025-04-30,27,State,Idaho,2436,6.22,459900,-1.09,50,6,3061,6.68,12106,15.64,2545,3.8,264.34,0.79
2026-09-03,Monthly,2025-04-01,2025-04-30,29,State,Illinois,11251,-0.94,310000,6.53,49,0,13618,4.88,44413,5.57,12775,0.52,184.23,4.94
2026-09-03,Monthly,2025-04-01,2025-04-30,31,State,Indiana,6924,2.55,263850,5.54,32,7,8357,10.29,25808,19.7,7979,2.22,149.87,4
2026-09-03,Monthly,2025-04-01,2025-04-30,33,State,Iowa,3197,2.21,235000,2.17,40,7,3947,9.73,13468,15.43,3453,0.32,155.83,2.41
2026-09-03,Monthly,2025-04-01,2025-04-30,35,State,Kansas,2732,-2.7,273150,10.14,29,1,3229,5.94,9646,5.19,3091,3.33,146.8,3.15
2026-09-03,Monthly,2025-04-01,2025-04-30,37,State,Kentucky,3839,4.16,261500,2.55,44,6,4710,8.26,16577,16.78,4270,2.93,166.35,5.32
2026-09-03,Monthly,2025-04-01,2025-04-30,39,State,Louisiana,3259,-7.27,250000,2.04,64,1,4610,-0.61,21368,2.67,4014,9.2,147.65,3.12
2026-09-03,Monthly,2025-04-01,2025-04-30,41,State,Maine,1467,3.47,415000,7.79,57,12,1927,17.07,7417,20.45,1718,10.55,261.08,1.83
2026-09-03,Monthly,2025-04-01,2025-04-30,43,State,Maryland,5668,-1.93,431000,4.61,37,5,6970,8.93,21625,19.28,6543,0.22,227.08,1.84
2026-09-03,Monthly,2025-04-01,2025-04-30,45,State,Massachusetts,5326,3.16,637500,3.66,24,2,6907,16.05,17802,21.17,5907,4.43,377.49,5.74
2026-09-03,Monthly,2025-04-01,2025-04-30,47,State,Michigan,9887,-2.32,265000,3.92,32,6,11985,1.66,36782,8.15,11094,3.91,164.95,4.62
2026-09-03,Monthly,2025-04-01,2025-04-30,49,State,Minnesota,5937,2.57,360000,2.56,32,2,6982,6.3,21327,10.32,6165,-0.38,190.72,1.28
2026-09-03,Monthly,2025-04-01,2025-04-30,51,State,Mississippi,1789,-4.43,265000,11.81,48,6,2483,-3.61,10198,6.56,2249,1.12,145.66,1.97
2026-09-03,Monthly,2025-04-01,2025-04-30,2,State,Missouri,6470,-0.15,270000,3.85,33,4,8025,4.55,26204,11.69,7521,-2.08,158.88,3.29
2026-09-03,Monthly,2025-04-01,2025-04-30,4,State,Montana,943,-2.43,499000,0.81,85,11,1487,9.13,7005,13.18,1247,4.31,289.57,3.2
2026-09-03,Monthly,2025-04-01,2025-04-30,6,State,Nebraska,1767,-2.3,298000,4.56,28,6,2171,7.35,6283,8.49,1786,-0.93,159.47,2.29
2026-09-03,Monthly,2025-04-01,2025-04-30,8,State,Nevada,3337,-4.56,460000,2.91,54,10,4887,19.25,18394,33.44,3793,-7.51,265.95,1.54
2026-09-03,Monthly,2025-04-01,2025-04-30,10,State,New Hampshire,1484,3.54,490000,4.26,37,4,1725,8.26,5265,17.6,1586,2.66,287.91,6.85
2026-09-03,Monthly,2025-04-01,2025-04-30,12,State,New Jersey,7227,-0.75,527500,7.32,42,4,8815,7.57,28902,10.43,8030,-2.22,316.22,6.6
2026-09-03,Monthly,2025-04-01,2025-04-30,14,State,New Mexico,1698,3.01,349000,2.74,49,9,2126,1.43,8780,18.64,1923,-4.86,206.96,4.13
2026-09-03,Monthly,2025-04-01,2025-04-30,16,State,New York,10832,0.98,492000,6.96,32,0,13760,4.9,51168,8.76,11957,2.35,307.31,12.18
2026-09-03,Monthly,2025-04-01,2025-04-30,18,State,North Carolina,12142,1.84,370000,0.69,49,10,16020,13.27,60478,26.42,13621,1.04,205.04,2.22
2026-09-03,Monthly,2025-04-01,2025-04-30,20,State,North Dakota,610,-7.38,314900,10.49,43,-23,771,-0.33,2742,-13.81,699,-8.96,163.92,5.85
2026-09-03,Monthly,2025-04-01,2025-04-30,22,State,Ohio,11090,2.14,247500,7.61,42,2,12994,8.67,40348,15.84,13076,-2.63,162.4,5.19
2026-09-03,Monthly,2025-04-01,2025-04-30,23,State,Oklahoma,3989,0.01,254990,5.15,42,10,5123,2.11,19963,16.2,4388,-0.82,153.88,2.57
2026-09-03,Monthly,2025-04-01,2025-04-30,24,State,Oregon,3888,-0.05,505000,0,43,4,5466,10,19806,18.65,4494,1.16,296.63,-0.04
2026-09-03,Monthly,2025-04-01,2025-04-30,26,State,Pennsylvania,10788,3.06,293000,6.76,33,1,12465,3.96,39830,7.04,11730,0.83,182.02,3.29
2026-09-03,Monthly,2025-04-01,2025-04-30,58,State,Puerto Rico,NA,NA,NA,NA,NA,NA,NA,NA,NA,NA,NA,NA,NA,NA
2026-09-03,Monthly,2025-04-01,2025-04-30,28,State,Rhode Island,900,-0.76,475000,5.56,25,1,1174,11.5,3164,17.53,1050,5.26,283.67,5.16
2026-09-03,Monthly,2025-04-01,2025-04-30,30,State,South Carolina,7281,2.37,345000,0,68,5,9304,5.4,40972,15.15,8430,3.71,189.92,-0.12
2026-09-03,Monthly,2025-04-01,2025-04-30,32,State,South Dakota,787,2.65,319900,2.86,68,0,1035,10.45,4201,14.41,858,4.06,189.31,3.57
2026-09-03,Monthly,2025-04-01,2025-04-30,34,State,Tennessee,7867,-4.24,372475,3.47,62,7,10949,9.17,45900,19.86,9549,-0.55,211.02,1.66
2026-09-03,Monthly,2025-04-01,2025-04-30,36,State,Texas,26589,-3.08,340000,-1.33,63,11,40790,5.57,182628,19.6,32696,1.54,178.52,-0.8
2026-09-03,Monthly,2025-04-01,2025-04-30,38,State,Utah,3199,2.27,517000,1.37,48,5,4710,10.96,18162,27.74,3897,3.03,244.48,0.53
2026-09-03,Monthly,2025-04-01,2025-04-30,40,State,Vermont,556,-1.32,440000,3.59,56,10,830,25.87,3125,21.96,746,13.06,254.25,5.49
2026-09-03,Monthly,2025-04-01,2025-04-30,42,State,Virginia,8733,2.83,425000,1.92,33,6,10691,15.17,31750,22.09,9957,3.7,226.42,4.25
2026-09-03,Monthly,2025-04-01,2025-04-30,44,State,Washington,7272,0.33,615280,0.87,22,6,9527,8.72,28434,19.44,7919,-3.94,342.69,1.81
2026-09-03,Monthly,2025-04-01,2025-04-30,46,State,West Virginia,1209,8.76,249500,1.85,57,2,1491,5.41,5540,2.71,1637,38.81,141.74,1.12
2026-09-03,Monthly,2025-04-01,2025-04-30,48,State,Wisconsin,5566,0.05,324900,6.54,49,2,6267,2.06,21251,5.92,6163,2.22,190.69,7.35
2026-09-03,Monthly,2025-04-01,2025-04-30,50,State,Wyoming,628,0.24,349900,6.03,44,-8,780,3.14,3015,9.13,694,-2.7,186.56,3.69
2026-09-03,Monthly,2025-03-01,2025-03-31,1,State,Alabama,5174,3.09,286735,2.41,60,10,6789,7.53,28351,15.8,6174,2.47,159.9,2.71
2026-09-03,Monthly,2025-03-01,2025-03-31,3,State,Alaska,674,3.84,391500,4.4,29,10,872,17.14,2735,18.43,827,7.74,239.99,3.61
2026-09-03,Monthly,2025-03-01,2025-03-31,5,State,Arizona,8131,5.56,446500,1.71,62,8,11053,7.14,47203,27.39,9937,3.48,259.09,-0.54
2026-09-03,Monthly,2025-03-01,2025-03-31,7,State,Arkansas,3237,7.32,259900,3.96,53,10,4368,12.18,17020,18.1,3686,7.02,156.65,3.73
2026-09-03,Monthly,2025-03-01,2025-03-31,9,State,California,23133,3.92,755000,3.42,37,6,31110,8.35,109957,30.62,26192,2.82,472.12,1.98
2026-09-03,Monthly,2025-03-01,2025-03-31,11,State,Colorado,7547,4.2,554000,0.73,45,6,10448,17.34,37816,27.78,9059,7.42,272.02,0.11
2026-09-03,Monthly,2025-03-01,2025-03-31,17,State,Columbia,556,1.56,655000,1.87,58,12,934,10.35,3742,17.57,586,-7.19,493.55,-1.7
2026-09-03,Monthly,2025-03-01,2025-03-31,13,State,Connecticut,3138,1.9,395000,6.76,38,4,3720,11.51,10649,5.47,3726,2.62,241.09,7.65
2026-09-03,Monthly,2025-03-01,2025-03-31,15,State,Delaware,1210,9.68,385000,2.12,39,1,1480,13.28,5020,17.79,1334,10.36,211.74,0.92
2026-09-03,Monthly,2025-03-01,2025-03-31,19,State,Florida,30011,-3.25,385000,-2.26,70,13,46213,1.31,230952,19.26,34479,-4.39,242.78,-1.3
2026-09-03,Monthly,2025-03-01,2025-03-31,21,State,Georgia,10773,-4.51,360000,1.41,55,14,15578,3.87,63136,20.6,12939,-1.74,184.25,1.88
2026-09-03,Monthly,2025-03-01,2025-03-31,25,State,Hawaii,962,-2.39,737000,-7.3,88,13,1681,19.7,8173,29.93,1238,-0.1,675.87,-5.27
2026-09-03,Monthly,2025-03-01,2025-03-31,27,State,Idaho,2365,5.65,470000,3.47,47,2,3133,15.3,12020,16.69,2638,3.82,267.66,2.88
2026-09-03,Monthly,2025-03-01,2025-03-31,29,State,Illinois,11368,-1.1,295000,5.36,49,4,13593,3.65,44594,6.3,13301,2.24,183.62,5.17
2026-09-03,Monthly,2025-03-01,2025-03-31,31,State,Indiana,6950,3.08,260000,4.04,31,5,8589,10.76,25739,19.76,8226,3.86,148.76,3.15
2026-09-03,Monthly,2025-03-01,2025-03-31,33,State,Iowa,3275,6.02,235500,7.05,41,7,3836,4.21,13350,14.63,3572,4.44,156.18,0.7
2026-09-03,Monthly,2025-03-01,2025-03-31,35,State,Kansas,2640,-4.94,260000,4.84,29,2,3216,-1.58,9731,4.28,3258,9.04,145.22,1.44
2026-09-03,Monthly,2025-03-01,2025-03-31,37,State,Kentucky,3776,0.65,262450,3.74,42,7,4815,6.83,16546,14.48,4381,2.18,165.19,5.3
2026-09-03,Monthly,2025-03-01,2025-03-31,39,State,Louisiana,3238,-9.58,245000,2.08,66,4,4592,4.12,21156,3.55,3868,1.95,148.02,3.65
2026-09-03,Monthly,2025-03-01,2025-03-31,41,State,Maine,1480,-0.72,390000,1.43,50,9,1996,16.5,7226,14.67,1735,4.31,268.22,7.16
2026-09-03,Monthly,2025-03-01,2025-03-31,43,State,Maryland,5710,-3.33,419900,4.97,34,7,7223,12.68,21280,16.83,6551,-1.11,227.43,2.09
2026-09-03,Monthly,2025-03-01,2025-03-31,45,State,Massachusetts,5197,-0.34,610000,1.67,23,2,6664,12.06,17762,12.86,6064,2.11,372.24,5.85
2026-09-03,Monthly,2025-03-01,2025-03-31,47,State,Michigan,10069,1.63,253000,3.27,31,7,12042,2.37,36671,7.76,11130,2.44,163.89,4.7
2026-09-03,Monthly,2025-03-01,2025-03-31,49,State,Minnesota,5896,1.86,346000,3.28,33,3,7254,8.96,19109,10.03,6621,5.63,191.37,1.89
2026-09-03,Monthly,2025-03-01,2025-03-31,51,State,Mississippi,1833,-1.34,258870,3.55,49,7,2444,-4.24,10233,8.07,2306,-1.39,147.2,4.28
2026-09-03,Monthly,2025-03-01,2025-03-31,2,State,Missouri,6557,0.59,264000,5.64,33,5,7969,2.86,26013,11.34,7829,3.74,159.3,3.91
2026-09-03,Monthly,2025-03-01,2025-03-31,4,State,Montana,909,-9.98,515000,3.43,84,13,1513,20.23,6776,10.19,1233,-2.23,280.07,0.18
2026-09-03,Monthly,2025-03-01,2025-03-31,6,State,Nebraska,1770,0.34,290000,1.75,27,6,2039,-3.37,6211,7.5,1875,7,159.3,2.21
2026-09-03,Monthly,2025-03-01,2025-03-31,8,State,Nevada,3447,2.05,462933,4.91,49,8,4835,14.2,17845,27.48,3940,-6.76,269.18,2.6
2026-09-03,Monthly,2025-03-01,2025-03-31,10,State,New Hampshire,1423,-2.16,500000,5.28,37,5,1735,8.57,5224,15.71,1667,6.8,284.44,3.92
2026-09-03,Monthly,2025-03-01,2025-03-31,12,State,New Jersey,7286,0.67,510000,7.37,42,5,9106,8.06,28772,9.03,8486,1.34,314.63,7.49
2026-09-03,Monthly,2025-03-01,2025-03-31,14,State,New Mexico,1716,5.04,349000,5.77,46,8,2132,8.06,8791,22.42,2040,3.13,204.27,2.47
2026-09-03,Monthly,2025-03-01,2025-03-31,16,State,New York,11062,6.89,490000,15.29,35,2,14029,3.73,51311,4.95,12063,0.3,314.76,15.36
2026-09-03,Monthly,2025-03-01,2025-03-31,18,State,North Carolina,12248,1.67,367000,1.94,50,13,15958,11.58,59498,25.16,13880,0.85,204.23,1.84
2026-09-03,Monthly,2025-03-01,2025-03-31,20,State,North Dakota,625,-3.86,281000,-1.37,44,-21,772,1.71,2702,-15.12,698,-5.54,163.15,6.44
2026-09-03,Monthly,2025-03-01,2025-03-31,22,State,Ohio,10849,-1.86,244900,8.84,40,8,13270,9.62,40325,15.24,13214,-2.26,162.17,5.69
2026-09-03,Monthly,2025-03-01,2025-03-31,23,State,Oklahoma,3968,-0.57,248000,3.33,52,10,5243,6.96,20024,17.77,4558,0.36,153.78,2.98
2026-09-03,Monthly,2025-03-01,2025-03-31,24,State,Oregon,3945,3.5,500000,2.04,43,4,5289,9.88,19221,16.53,4606,1.24,296.75,0.6
2026-09-03,Monthly,2025-03-01,2025-03-31,26,State,Pennsylvania,10748,-0.46,285000,7.55,34,2,12551,3.14,40246,6.55,12250,5.5,182.01,4.58
2026-09-03,Monthly,2025-03-01,2025-03-31,58,State,Puerto Rico,NA,NA,NA,NA,NA,NA,NA,NA,NA,NA,NA,NA,NA,NA
2026-09-03,Monthly,2025-03-01,2025-03-31,28,State,Rhode Island,936,-0.31,478500,7.53,27,5,1247,22.46,3155,14.7,1043,5.32,284.81,7.76
2026-09-03,Monthly,2025-03-01,2025-03-31,30,State,South Carolina,7350,3.62,339000,-0.27,68,9,9340,6.6,40352,15.11,8534,3.59,192.41,3.36
2026-09-03,Monthly,2025-03-01,2025-03-31,32,State,South Dakota,833,9.51,320000,1.64,70,3,964,9.34,4115,13.49,854,-0.01,183.61,0.17
2026-09-03,Monthly,2025-03-01,2025-03-31,34,State,Tennessee,8045,-1.71,370000,4.23,60,4,10915,8.34,44861,17.07,9649,-0.09,210.59,1.56
2026-09-03,Monthly,2025-03-01,2025-03-31,36,State,Texas,27150,-0.96,340000,0.03,62,13,40439,5.21,177915,18.84,32633,1.8,178.66,-0.8
2026-09-03,Monthly,2025-03-01,2025-03-31,38,State,Utah,3229,0.32,507745,1.57,47,6,4749,12.24,17773,25.41,4102,7.64,243.62,-0.15
2026-09-03,Monthly,2025-03-01,2025-03-31,40,State,Vermont,644,7.19,400000,7.38,56,10,788,8.86,3067,15.16,696,0.6,247.97,1.85
2026-09-03,Monthly,2025-03-01,2025-03-31,60,State,Virgin Islands of the U.S.,NA,NA,NA,NA,NA,NA,NA,NA,NA,NA,NA,NA,NA,NA
2026-09-03,Monthly,2025-03-01,2025-03-31,42,State,Virginia,8641,1.41,419230,4.83,32,6,10730,13.2,30946,17.67,10103,4.34,226.25,4.98
2026-09-03,Monthly,2025-03-01,2025-03-31,44,State,Washington,7428,4.93,605000,1.17,23,7,9430,10.01,27924,18.37,8359,3.39,343.26,2.51
2026-09-03,Monthly,2025-03-01,2025-03-31,46,State,West Virginia,1243,10.61,242500,3.19,51,-5,1518,3.89,5532,4.31,1624,39.97,141.14,0.98
2026-09-03,Monthly,2025-03-01,2025-03-31,48,State,Wisconsin,5592,0.53,310000,3.71,50,3,6465,3.86,21321,6.74,6245,0.73,189.01,6.41
2026-09-03,Monthly,2025-03-01,2025-03-31,50,State,Wyoming,592,-8.31,335000,0.15,53,5,813,18.9,2994,8.48,702,-5.67,179.88,3.51
2026-09-03,Monthly,2025-02-01,2025-02-28,1,State,Alabama,5113,0.03,278301,1.24,58,8,6858,5.83,28149,15.83,6071,-0.96,158.45,1.94
2026-09-03,Monthly,2025-02-01,2025-02-28,3,State,Alaska,634,1.76,387000,7.5,28,5,837,11.96,2713,16.45,810,10.31,241.41,5.77
2026-09-03,Monthly,2025-02-01,2025-02-28,5,State,Arizona,8235,4.93,445000,2.49,60,9,11229,12.68,45901,26.15,10042,3.08,260.09,-0.15
2026-09-03,Monthly,2025-02-01,2025-02-28,7,State,Arkansas,3073,0.34,250000,4.6,52,9,4070,5.4,16628,16.22,3559,0.3,152.74,1.46
2026-09-03,Monthly,2025-02-01,2025-02-28,9,State,California,23693,5.71,745000,4.2,36,6,31506,14.3,107982,29.52,27581,8.48,474.3,2.78
2026-09-03,Monthly,2025-02-01,2025-02-28,11,State,Colorado,7373,-2.21,545000,1.88,48,9,10029,11,36490,22.68,8714,2.7,270.68,-0.6
2026-09-03,Monthly,2025-02-01,2025-02-28,17,State,Columbia,596,6.51,649900,10.34,55,9,886,5.19,3722,17.51,570,-12.72,506.56,2.1
2026-09-03,Monthly,2025-02-01,2025-02-28,13,State,Connecticut,3239,7.92,387750,9.23,37,2,3688,10.82,10480,1.68,3622,0.08,240.27,9.43
2026-09-03,Monthly,2025-02-01,2025-02-28,15,State,Delaware,1245,8.3,390000,5.12,42,6,1442,7.84,4934,16.47,1351,13.95,217.65,5.68
2026-09-03,Monthly,2025-02-01,2025-02-28,19,State,Florida,29502,-5.24,386000,-0.11,68,13,46248,2.32,226460,20.45,34568,-6.92,243.34,-1
2026-09-03,Monthly,2025-02-01,2025-02-28,21,State,Georgia,10977,-1.86,350000,0,56,15,15534,0.68,61480,18.54,12426,-8.11,183.1,1
2026-09-03,Monthly,2025-02-01,2025-02-28,25,State,Hawaii,965,-8.99,737350,0.32,89,15,1473,15.84,7862,28.34,1226,-0.78,691.6,-0.42
2026-09-03,Monthly,2025-02-01,2025-02-28,27,State,Idaho,2541,12.89,451733,1.74,48,5,3032,17.62,11798,14.62,2555,9.27,260.92,0.31
2026-09-03,Monthly,2025-02-01,2025-02-28,29,State,Illinois,11914,5.44,282000,5.42,49,3,13799,5.01,44774,7.57,13179,4.38,182.92,6.02
2026-09-03,Monthly,2025-02-01,2025-02-28,31,State,Indiana,6935,2.35,254000,5.88,32,5,8392,5.77,24977,13.78,7958,-1.45,149.54,4.86
2026-09-03,Monthly,2025-02-01,2025-02-28,33,State,Iowa,3284,9.78,220000,2.33,40,6,3697,-0.28,13391,16.78,3398,0.77,153.96,1.45
2026-09-03,Monthly,2025-02-01,2025-02-28,35,State,Kansas,2649,-3.63,269900,7.96,28,0,3164,2.66,9705,5.75,2999,-1.97,142.51,0.28
2026-09-03,Monthly,2025-02-01,2025-02-28,37,State,Kentucky,3795,3.31,260000,4,44,7,4814,2.87,16543,13.65,4518,4.19,164.08,3.6
2026-09-03,Monthly,2025-02-01,2025-02-28,39,State,Louisiana,3356,-0.47,247500,5.32,65,2,4583,5.8,21007,3.52,3931,6.22,147.03,2.75
2026-09-03,Monthly,2025-02-01,2025-02-28,41,State,Maine,1500,3,389000,9.73,51,6,1874,1.42,6998,11.14,1690,-3.48,273.19,7.18
2026-09-03,Monthly,2025-02-01,2025-02-28,43,State,Maryland,5780,1.32,405000,1.5,33,6,7167,5.22,20503,11.98,6489,-2.1,230.7,4.61
2026-09-03,Monthly,2025-02-01,2025-02-28,45,State,Massachusetts,5443,7.53,590000,7.27,23,2,6792,10.45,17540,7.06,5879,0.34,374.19,6.74
2026-09-03,Monthly,2025-02-01,2025-02-28,47,State,Michigan,10058,1.64,250000,6.38,30,5,11901,1.19,36400,8.99,10990,2.6,163.25,5.82
2026-09-03,Monthly,2025-02-01,2025-02-28,49,State,Minnesota,5909,1.91,345000,4.55,32,3,6603,-3.95,16303,4.19,6228,-1.85,190.94,1.58
2026-09-03,Monthly,2025-02-01,2025-02-28,51,State,Mississippi,1865,-0.19,254250,1.9,50,12,2518,-0.91,10266,8.91,2322,0.27,146.11,2.57
2026-09-03,Monthly,2025-02-01,2025-02-28,2,State,Missouri,6450,0.63,256000,7.11,33,5,7794,1.63,25609,10.82,7629,-0.73,159.24,4.11
2026-09-03,Monthly,2025-02-01,2025-02-28,4,State,Montana,972,-2.77,510000,7.37,80,8,1161,-9.64,6620,7.66,1164,-4.55,276.71,-1.48
2026-09-03,Monthly,2025-02-01,2025-02-28,6,State,Nebraska,1883,11.08,287250,4.45,27,6,1999,-4.75,6197,8.42,1747,-1.37,159.37,4.41
2026-09-03,Monthly,2025-02-01,2025-02-28,8,State,Nevada,3618,3.01,455000,3.41,47,9,4736,12.56,17421,24.19,4058,-0.25,268.59,2.96
2026-09-03,Monthly,2025-02-01,2025-02-28,10,State,New Hampshire,1524,4.56,480000,6.67,36,3,1689,4.67,5070,9.07,1597,1.01,287.53,7.32
2026-09-03,Monthly,2025-02-01,2025-02-28,12,State,New Jersey,7422,4.79,494500,7.5,40,4,9108,4.15,28262,6.88,8195,-2.37,313.57,7.13
2026-09-03,Monthly,2025-02-01,2025-02-28,14,State,New Mexico,1813,8.81,342975,5.56,51,9,2294,17.66,8858,24.42,2045,6.57,205.38,4.26
2026-09-03,Monthly,2025-02-01,2025-02-28,16,State,New York,10851,9.84,503500,18.47,36,2,14057,3.58,50699,1.92,12163,2.18,317.3,18.96
2026-09-03,Monthly,2025-02-01,2025-02-28,18,State,North Carolina,12277,3.16,355000,0.25,47,10,15852,5.62,58282,22.82,13880,0.59,204.38,1.61
2026-09-03,Monthly,2025-02-01,2025-02-28,20,State,North Dakota,646,5.64,292500,14.71,46,-18,698,-9.54,2678,-15.98,700,-2.47,165.48,10.47
2026-09-03,Monthly,2025-02-01,2025-02-28,22,State,Ohio,10896,-1.33,236000,7.27,39,7,13232,6.21,39598,12.4,13146,-4.03,161.69,6.29
2026-09-03,Monthly,2025-02-01,2025-02-28,23,State,Oklahoma,4082,6.26,245000,3.38,61,12,4977,-0.74,19639,16.81,4385,-3.68,153.84,4.04
2026-09-03,Monthly,2025-02-01,2025-02-28,24,State,Oregon,3993,2.85,490000,1.03,37,0,4899,6.13,18938,15.49,4537,5.47,295.49,-0.17
2026-09-03,Monthly,2025-02-01,2025-02-28,26,State,Pennsylvania,10933,4.83,275688,8.11,35,4,12649,4.9,40061,6.48,11893,-0.19,179.71,3.64
2026-09-03,Monthly,2025-02-01,2025-02-28,58,State,Puerto Rico,NA,NA,NA,NA,NA,NA,NA,NA,NA,NA,NA,NA,NA,NA
2026-09-03,Monthly,2025-02-01,2025-02-28,28,State,Rhode Island,965,7.29,469900,8.3,28,1,1201,14.38,3062,9.46,969,-4.17,282.35,8.09
2026-09-03,Monthly,2025-02-01,2025-02-28,30,State,South Carolina,7366,3.13,334900,1.18,68,10,9398,6.3,39691,14.05,8420,2.33,189.79,0.72
2026-09-03,Monthly,2025-02-01,2025-02-28,32,State,South Dakota,800,7.36,319900,6.67,68,5,952,4.35,4152,15,840,4.62,188.32,2.02
2026-09-03,Monthly,2025-02-01,2025-02-28,34,State,Tennessee,8095,1.37,360000,2.86,60,4,10820,4.51,44191,16.5,9682,1.81,211.22,2.43
2026-09-03,Monthly,2025-02-01,2025-02-28,36,State,Texas,27580,0.87,330000,-1.49,60,11,40503,6.51,173851,18.57,32710,1.71,178.81,-0.87
2026-09-03,Monthly,2025-02-01,2025-02-28,38,State,Utah,3359,6.96,510200,3.35,47,8,4656,11.85,17119,18.74,3794,-0.5,246.49,1.38
2026-09-03,Monthly,2025-02-01,2025-02-28,40,State,Vermont,645,8.9,387682,12.37,57,14,722,-5,3082,18.91,679,-4.25,256.96,6.33
2026-09-03,Monthly,2025-02-01,2025-02-28,42,State,Virginia,8675,2.84,405000,6.58,29,2,10089,0.4,30005,11.85,9764,1.55,227.27,5.65
2026-09-03,Monthly,2025-02-01,2025-02-28,44,State,Washington,7420,5.61,599000,3.28,20,3,8971,5.89,27483,17.12,8196,4.69,344.17,2.84
2026-09-03,Monthly,2025-02-01,2025-02-28,46,State,West Virginia,1191,3.97,245000,6.52,58,-1,1445,-1.01,5434,7.46,1506,28.09,140.79,1.29
2026-09-03,Monthly,2025-02-01,2025-02-28,48,State,Wisconsin,5682,3.32,305000,10.91,49,2,6324,2.71,21331,8.17,6003,-0.63,188.85,6.37
2026-09-03,Monthly,2025-02-01,2025-02-28,50,State,Wyoming,624,6.69,350000,9.38,45,-9,767,9.82,2939,4.74,668,-8.01,182.73,3.13
2026-09-03,Monthly,2025-01-01,2025-01-31,1,State,Alabama,5125,2.13,275000,3.19,59,9,6489,6.94,27698,15.75,5847,-4.3,158.84,2.79
2026-09-03,Monthly,2025-01-01,2025-01-31,3,State,Alaska,679,10.35,389330,11.56,25,4,857,15.21,2667,11.1,807,8.59,239.02,3.24
2026-09-03,Monthly,2025-01-01,2025-01-31,5,State,Arizona,8007,4.01,445000,4.71,59,8,11018,10.15,44478,24.12,9840,-0.42,260.68,-0.7
2026-09-03,Monthly,2025-01-01,2025-01-31,7,State,Arkansas,3141,4.41,255000,6.69,50,8,4316,20.82,16634,18.04,3572,2.59,155.98,4.09
2026-09-03,Monthly,2025-01-01,2025-01-31,9,State,California,22557,1.45,720000,6.67,37,6,31672,14.97,104693,22.9,27180,2.59,475.24,2.96
2026-09-03,Monthly,2025-01-01,2025-01-31,11,State,Colorado,7566,8.88,545000,3.83,47,11,10174,14.56,35556,20.11,8604,-2.29,275.6,1.06
2026-09-03,Monthly,2025-01-01,2025-01-31,17,State,Columbia,632,22.64,550000,-9.84,56,8,940,7.04,3735,21.72,648,5.6,524.61,5.26
2026-09-03,Monthly,2025-01-01,2025-01-31,13,State,Connecticut,3125,2.26,382500,7.07,39,3,3650,5.01,10320,1.84,3691,6.36,236.81,7.85
2026-09-03,Monthly,2025-01-01,2025-01-31,15,State,Delaware,1263,18.4,380000,4.11,39,4,1385,4.95,4875,16.97,1313,2.76,211.47,2.99
2026-09-03,Monthly,2025-01-01,2025-01-31,19,State,Florida,29648,0.1,384900,0.78,68,16,46650,4.12,220682,21.5,34266,-6.73,243.91,-2.07
2026-09-03,Monthly,2025-01-01,2025-01-31,21,State,Georgia,10962,-2.03,348000,1.9,55,15,14842,-3.39,59450,15.81,12143,-10.83,182.4,1.07
2026-09-03,Monthly,2025-01-01,2025-01-31,25,State,Hawaii,1019,2.92,775000,4.73,85,11,1508,16.77,7848,29.85,1203,-6.2,682.94,-1.53
2026-09-03,Monthly,2025-01-01,2025-01-31,27,State,Idaho,2300,5.71,459137,5.55,49,7,3200,32.18,11815,14.28,2631,13.28,265.45,2.81
2026-09-03,Monthly,2025-01-01,2025-01-31,29,State,Illinois,11914,5.65,282500,9.71,51,5,13671,7.99,44685,7.01,12951,4.24,184.47,8.15
2026-09-03,Monthly,2025-01-01,2025-01-31,31,State,Indiana,6871,2.59,249900,6.36,29,2,8085,3.77,24484,12.82,7860,-1.84,146.99,3.19
2026-09-03,Monthly,2025-01-01,2025-01-31,33,State,Iowa,3226,3.98,218625,1.69,39,7,3872,27.42,13670,22.41,3395,4.89,151.81,-1.39
2026-09-03,Monthly,2025-01-01,2025-01-31,35,State,Kansas,2732,2.46,254950,8.49,28,2,3040,2.31,9741,7.75,3001,-0.92,142.26,0.42
2026-09-03,Monthly,2025-01-01,2025-01-31,37,State,Kentucky,3800,5.52,260000,8.33,42,6,4495,2.71,16020,12.3,4211,-1.25,164.46,4.75
2026-09-03,Monthly,2025-01-01,2025-01-31,39,State,Louisiana,3118,-5.88,247250,7.5,60,-4,4153,-2.27,20753,3.63,3951,7.29,148.19,2.81
2026-09-03,Monthly,2025-01-01,2025-01-31,41,State,Maine,1488,7.58,392500,8.43,51,7,1960,7,6980,14.58,1748,2.87,273.88,10.34
2026-09-03,Monthly,2025-01-01,2025-01-31,43,State,Maryland,5904,6.74,400000,5.26,32,4,6930,3.32,19826,10.91,6421,-3.62,229.09,4
2026-09-03,Monthly,2025-01-01,2025-01-31,45,State,Massachusetts,5249,5.73,600000,7.14,24,3,6720,2.93,17170,7.52,6021,1.51,373.21,5.08
2026-09-03,Monthly,2025-01-01,2025-01-31,47,State,Michigan,9936,-0.29,242000,7.8,30,5,11949,14.52,36143,9.65,10946,1.51,165.01,7.57
2026-09-03,Monthly,2025-01-01,2025-01-31,49,State,Minnesota,5916,2.95,335000,5.68,33,4,7186,2.86,15987,8.1,6340,-0.12,191.65,2.42
2026-09-03,Monthly,2025-01-01,2025-01-31,51,State,Mississippi,1801,-3.65,249900,8.65,50,7,2585,7.94,10193,9.3,2277,-4.32,145.27,2.08
2026-09-03,Monthly,2025-01-01,2025-01-31,2,State,Missouri,6465,0.34,255000,6.29,32,4,7682,7.23,25260,12.79,7287,-1.58,158.61,4.35
2026-09-03,Monthly,2025-01-01,2025-01-31,4,State,Montana,978,0.51,485000,3.41,80,11,1205,-0.15,6692,10.66,1162,-3.14,282.72,2.32
2026-09-03,Monthly,2025-01-01,2025-01-31,6,State,Nebraska,1806,0.78,279000,1.45,27,4,2070,24.99,6233,14.65,1831,9.38,158.72,4.89
2026-09-03,Monthly,2025-01-01,2025-01-31,8,State,Nevada,3400,1.58,455000,7.06,47,5,4801,14.81,17000,22.17,3992,-4.42,271.09,3.41
2026-09-03,Monthly,2025-01-01,2025-01-31,10,State,New Hampshire,1410,-3.81,490000,11.36,38,7,1731,7.52,5029,10.62,1605,2.46,288.54,9.04
2026-09-03,Monthly,2025-01-01,2025-01-31,12,State,New Jersey,7461,8.55,522000,9.89,39,3,8799,2.1,27563,6.98,8376,4.42,314.78,8.61
2026-09-03,Monthly,2025-01-01,2025-01-31,14,State,New Mexico,1805,14.56,335000,3.08,49,10,2192,9.79,8710,22.69,2029,1.46,206.8,5.77
2026-09-03,Monthly,2025-01-01,2025-01-31,16,State,New York,10839,6.71,499000,11.38,34,0,14023,4.94,50217,2.73,11911,-2.95,303.69,16.23
2026-09-03,Monthly,2025-01-01,2025-01-31,18,State,North Carolina,12215,2.31,358000,2.29,47,10,15435,3.51,56916,22.21,13428,-3.91,205.99,2.92
2026-09-03,Monthly,2025-01-01,2025-01-31,20,State,North Dakota,632,-5.97,285000,8.37,47,-21,711,-8.16,2783,-12.42,714,-3.81,162.47,8.3
2026-09-03,Monthly,2025-01-01,2025-01-31,22,State,Ohio,10949,-0.23,225000,7.81,40,9,12670,0.88,38739,11.15,13175,-3.47,160.69,6.55
2026-09-03,Monthly,2025-01-01,2025-01-31,23,State,Oklahoma,4141,9.19,239900,5.9,55,10,5136,22.5,19742,21.31,4555,3.8,154.34,4.68
2026-09-03,Monthly,2025-01-01,2025-01-31,24,State,Oregon,4048,7.04,499900,5.24,40,7,5499,26.94,18883,14.69,4732,12.99,297.11,0.98
2026-09-03,Monthly,2025-01-01,2025-01-31,26,State,Pennsylvania,10621,4.12,275000,8.74,33,2,12410,3.44,39504,5.79,11890,0.22,181.07,4.88
2026-09-03,Monthly,2025-01-01,2025-01-31,58,State,Puerto Rico,NA,NA,NA,NA,NA,NA,NA,NA,NA,NA,NA,NA,NA,NA
2026-09-03,Monthly,2025-01-01,2025-01-31,28,State,Rhode Island,942,10.4,479900,8.94,28,2,1131,6.48,2928,3.75,953,-10.85,276.94,7.79
2026-09-03,Monthly,2025-01-01,2025-01-31,30,State,South Carolina,7263,3.66,340000,3.34,70,12,8969,1.61,38665,12.66,8056,-5.21,190.81,1.37
2026-09-03,Monthly,2025-01-01,2025-01-31,32,State,South Dakota,739,1.51,315450,1.76,67,4,957,14.32,4156,18.16,850,7.08,186.64,4.02
2026-09-03,Monthly,2025-01-01,2025-01-31,34,State,Tennessee,7879,1.12,359900,1.38,60,6,10630,21.85,43336,19.37,9541,2.35,211.6,2.26
2026-09-03,Monthly,2025-01-01,2025-01-31,36,State,Texas,27570,0.87,329900,1.51,60,12,40113,7.09,170055,18.05,32330,-0.04,180.12,0.12
2026-09-03,Monthly,2025-01-01,2025-01-31,38,State,Utah,3068,-5.17,500000,2.04,44,5,4666,10.32,16482,14.62,3833,-0.87,245.85,1.16
2026-09-03,Monthly,2025-01-01,2025-01-31,40,State,Vermont,606,5.67,420000,9.02,62,20,783,4.52,3103,25.22,728,2.67,253.41,0.73
2026-09-03,Monthly,2025-01-01,2025-01-31,42,State,Virginia,8673,3.07,395000,6.76,29,2,10077,3.81,29396,11.71,9251,-6.92,224.8,4.24
2026-09-03,Monthly,2025-01-01,2025-01-31,44,State,Washington,7571,10.18,579669,3.51,22,2,9667,22.11,27305,17.03,8465,8.3,343.95,3.27
2026-09-03,Monthly,2025-01-01,2025-01-31,46,State,West Virginia,1228,16.66,240000,6.67,56,-5,1375,-1.27,5470,14.33,1446,23.6,146.85,5.97
2026-09-03,Monthly,2025-01-01,2025-01-31,48,State,Wisconsin,5572,1.08,291000,9.81,50,4,6786,12.17,21356,10.08,6254,5.48,188.74,8.12
2026-09-03,Monthly,2025-01-01,2025-01-31,50,State,Wyoming,631,9.56,349900,9.86,45,-8,728,7.99,2995,6.35,679,-4.41,185.4,8.16
2026-09-03,Monthly,2024-12-01,2024-12-31,1,State,Alabama,5297,8.59,280000,3.7,56,7,6686,3.65,27539,17.52,6134,5.45,157.28,2.01
2026-09-03,Monthly,2024-12-01,2024-12-31,3,State,Alaska,636,14.77,380000,2.7,33,14,840,9.24,2574,6.84,766,5.82,234.01,2.05
2026-09-03,Monthly,2024-12-01,2024-12-31,5,State,Arizona,8085,6.87,440000,3.53,60,12,10942,10.13,43230,24.61,9724,8.25,260.14,0.2
2026-09-03,Monthly,2024-12-01,2024-12-31,7,State,Arkansas,3195,11.39,258500,6.38,51,9,4295,6.69,16221,15.54,3526,2.56,157.29,7.9
2026-09-03,Monthly,2024-12-01,2024-12-31,9,State,California,23644,13.42,735000,6.06,37,8,30694,8.46,101284,19.29,27410,1.73,470.21,3.31
2026-09-03,Monthly,2024-12-01,2024-12-31,11,State,Colorado,7568,12.3,544000,4.62,48,11,10017,15.38,35195,20.24,8820,4.17,271.34,0.5
2026-09-03,Monthly,2024-12-01,2024-12-31,17,State,Columbia,620,16.49,630000,5,61,14,897,7.51,3776,28.19,614,-7.54,517.95,5.1
2026-09-03,Monthly,2024-12-01,2024-12-31,13,State,Connecticut,3183,3.48,400000,12.68,39,4,3537,-2.69,10115,1.69,3657,0.95,236.55,8.8
2026-09-03,Monthly,2024-12-01,2024-12-31,15,State,Delaware,1222,20.28,395000,9.42,41,6,1440,1.56,4855,18.21,1334,7.35,217.42,3.17
2026-09-03,Monthly,2024-12-01,2024-12-31,19,State,Florida,30525,5.1,389000,0.67,67,19,46084,4.33,215730,22.73,35905,-1.64,244.9,-1.67
2026-09-03,Monthly,2024-12-01,2024-12-31,21,State,Georgia,11124,1.71,360000,5.49,53,14,15448,1.81,57868,12.6,12767,-0.7,181.33,-0.18
2026-09-03,Monthly,2024-12-01,2024-12-31,25,State,Hawaii,946,7.22,750000,-0.83,87,19,1428,5.01,7666,31.46,1201,-0.22,714.66,-2.15
2026-09-03,Monthly,2024-12-01,2024-12-31,27,State,Idaho,2494,25.82,463000,5.47,47,5,3141,13.26,11462,9.19,2537,7.09,261.94,0.84
2026-09-03,Monthly,2024-12-01,2024-12-31,29,State,Illinois,11628,3.52,281500,10.39,50,3,13970,2.49,44586,5.28,13079,-1.19,179.71,4.16
2026-09-03,Monthly,2024-12-01,2024-12-31,31,State,Indiana,6895,6.17,252500,7.45,29,3,8333,3.72,24252,14.2,8046,2.81,149.53,6.64
2026-09-03,Monthly,2024-12-01,2024-12-31,33,State,Iowa,3238,8.63,228000,6.05,39,6,3847,2.22,13253,18.18,3300,2.9,162,6.87
2026-09-03,Monthly,2024-12-01,2024-12-31,35,State,Kansas,2753,4.55,271050,12.94,28,2,3390,7.55,9963,10.53,3138,6.64,140.58,-2.07
2026-09-03,Monthly,2024-12-01,2024-12-31,37,State,Kentucky,3860,6.56,259900,6.84,41,7,4860,5.53,16052,13.86,4442,5.03,164.28,6.3
2026-09-03,Monthly,2024-12-01,2024-12-31,39,State,Louisiana,3437,6.46,250000,6.38,63,3,4504,-3.22,20893,3.89,3962,8.73,146.26,2.88
2026-09-03,Monthly,2024-12-01,2024-12-31,41,State,Maine,1469,12.66,410000,13.89,51,8,1980,16.07,6988,18.14,1797,6.08,273.91,11.24
2026-09-03,Monthly,2024-12-01,2024-12-31,43,State,Maryland,6040,11.82,420000,6.33,32,5,6879,-3.1,19571,11.62,6621,0.34,227.27,3.17
2026-09-03,Monthly,2024-12-01,2024-12-31,45,State,Massachusetts,5356,9.66,615000,9.82,24,3,6644,8.7,16738,8.3,5863,0.09,364.13,2.87
2026-09-03,Monthly,2024-12-01,2024-12-31,47,State,Michigan,10002,1.38,250000,8.7,30,5,11880,1.1,35753,8.12,11094,3.71,162.18,4.38
2026-09-03,Monthly,2024-12-01,2024-12-31,49,State,Minnesota,5882,5.78,337000,6.98,31,1,7006,-0.91,16779,8.31,6524,1.94,191.06,2.88
2026-09-03,Monthly,2024-12-01,2024-12-31,51,State,Mississippi,1820,-1,260000,13.04,45,2,2412,-9.16,10095,8.98,2314,3.06,148.82,6.37
2026-09-03,Monthly,2024-12-01,2024-12-31,2,State,Missouri,6567,4.33,259995,9.24,33,7,7804,2.87,25451,15.36,7642,0.41,156.78,4.41
2026-09-03,Monthly,2024-12-01,2024-12-31,4,State,Montana,1010,15.77,499900,4.36,78,6,1303,-11.52,6781,15.83,1156,6.74,283.65,-4.11
2026-09-03,Monthly,2024-12-01,2024-12-31,6,State,Nebraska,1826,10.01,280000,2.56,29,8,2094,4.75,6102,7.67,1771,2.06,156.68,2.4
2026-09-03,Monthly,2024-12-01,2024-12-31,8,State,Nevada,3521,12.33,450000,5.14,49,9,4421,9.93,16361,21.07,4011,-0.16,269.02,2.01
2026-09-03,Monthly,2024-12-01,2024-12-31,10,State,New Hampshire,1384,4.54,494467,9.9,36,6,1642,1.77,4804,9.2,1590,-0.72,276.6,2.01
2026-09-03,Monthly,2024-12-01,2024-12-31,12,State,New Jersey,7572,11.8,525000,12.9,38,0,8861,0.93,27176,7.96,8107,0.38,312.21,8.78
2026-09-03,Monthly,2024-12-01,2024-12-31,14,State,New Mexico,1742,10.87,349900,7.66,49,12,2183,7.64,8566,24.18,2051,0.76,205.41,4.15
2026-09-03,Monthly,2024-12-01,2024-12-31,16,State,New York,10803,7.86,470000,11.9,35,1,14052,1.94,49218,1.94,12119,3.17,317.24,25.07
2026-09-03,Monthly,2024-12-01,2024-12-31,18,State,North Carolina,12203,6.17,366838,4.51,46,9,15333,2.98,55868,23.26,13931,2.68,205.18,2.99
2026-09-03,Monthly,2024-12-01,2024-12-31,20,State,North Dakota,661,7.44,295000,11.32,45,-22,765,-1.05,2802,-11.19,693,-3.42,159.6,16.31
2026-09-03,Monthly,2024-12-01,2024-12-31,22,State,Ohio,10815,4.03,240000,11.63,39,8,12870,-1.24,38431,13.28,13441,-1.09,161.13,7.78
2026-09-03,Monthly,2024-12-01,2024-12-31,23,State,Oklahoma,4065,10.88,241000,5.24,51,15,5102,2.86,19514,17.78,4610,0.92,154.33,4.53
2026-09-03,Monthly,2024-12-01,2024-12-31,24,State,Oregon,4079,18.97,494900,3.1,39,6,4991,6.81,18499,11.3,4540,7.15,296.04,0.58
2026-09-03,Monthly,2024-12-01,2024-12-31,26,State,Pennsylvania,10698,5.26,285000,8.78,34,1,12506,2.95,39324,6.07,11879,0.05,180.6,5.09
2026-09-03,Monthly,2024-12-01,2024-12-31,58,State,Puerto Rico,NA,NA,NA,NA,NA,NA,NA,NA,NA,NA,NA,NA,NA,NA
2026-09-03,Monthly,2024-12-01,2024-12-31,28,State,Rhode Island,945,16.56,471000,9.53,27,2,1116,2.15,2890,5.46,968,2.46,281.01,9.74
2026-09-03,Monthly,2024-12-01,2024-12-31,30,State,South Carolina,7310,5.29,334580,2.76,69,13,9203,4.56,38152,18.18,8627,14.26,189.03,0.67
2026-09-03,Monthly,2024-12-01,2024-12-31,32,State,South Dakota,807,28.14,306000,3.42,64,6,942,8.9,4239,22.08,848,7.01,189.27,2.96
2026-09-03,Monthly,2024-12-01,2024-12-31,34,State,Tennessee,8101,10.3,369320,5.52,60,7,10410,2.27,42194,16.58,9585,2.64,211.39,3.36
2026-09-03,Monthly,2024-12-01,2024-12-31,36,State,Texas,27992,10.65,342000,1.8,57,11,40404,7.92,167624,18.3,32641,0.39,179.59,-0.11
2026-09-03,Monthly,2024-12-01,2024-12-31,38,State,Utah,3168,14.55,514990,7.29,44,5,4403,-2.48,16027,11.85,3845,-2.59,246.64,3.42
2026-09-03,Monthly,2024-12-01,2024-12-31,40,State,Vermont,637,18.1,375000,1.35,53,11,812,3.89,3080,30.61,709,3.51,256.38,5.58
2026-09-03,Monthly,2024-12-01,2024-12-31,42,State,Virginia,8692,5.32,415000,9.21,29,2,10932,10.56,29054,13.15,9824,3,224.55,4.87
2026-09-03,Monthly,2024-12-01,2024-12-31,44,State,Washington,7521,16.42,587000,5.77,21,3,9127,8.36,26630,13.98,8230,5.78,344.79,4.79
2026-09-03,Monthly,2024-12-01,2024-12-31,46,State,West Virginia,1273,22.02,242750,5.54,56,-5,1492,5.32,5548,18.22,1242,4.73,145.88,5.55
2026-09-03,Monthly,2024-12-01,2024-12-31,48,State,Wisconsin,5696,7.48,305000,12.13,50,4,6404,-2.12,20968,9.47,6138,1.28,186.53,6.34
2026-09-03,Monthly,2024-12-01,2024-12-31,50,State,Wyoming,630,20.9,355000,7.58,47,-3,825,18.98,2995,7.77,675,8.61,178.65,1.34
2026-09-03,Monthly,2024-11-01,2024-11-30,1,State,Alabama,5274,7.87,280000,3.7,57,11,7019,13.36,27360,20.19,6190,9.4,155.3,0.49
2026-09-03,Monthly,2024-11-01,2024-11-30,3,State,Alaska,694,15.57,392500,11.82,29,10,826,5.44,2545,7.44,788,10.91,235.98,4.41
2026-09-03,Monthly,2024-11-01,2024-11-30,5,State,Arizona,8048,6.43,440000,2.13,58,12,10812,9.34,42280,28.3,9528,12.72,260.43,0.32
2026-09-03,Monthly,2024-11-01,2024-11-30,7,State,Arkansas,3164,8.62,260000,9.24,49,9,4081,4.48,15881,18.24,3551,7.58,155.8,2.06
2026-09-03,Monthly,2024-11-01,2024-11-30,9,State,California,23347,14.1,750000,3.45,35,7,30340,9.82,99027,23.34,27298,8.72,463.91,0.87
2026-09-03,Monthly,2024-11-01,2024-11-30,11,State,Colorado,7523,14.57,555000,4.72,45,10,9310,3.16,34934,25.01,8827,13.26,271.39,1.02
2026-09-03,Monthly,2024-11-01,2024-11-30,17,State,Columbia,565,6.49,697000,9.76,54,6,928,22.3,3618,25.24,717,15.11,491.65,-0.76
2026-09-03,Monthly,2024-11-01,2024-11-30,13,State,Connecticut,3191,4.87,390450,6.97,38,4,3439,-7.64,10182,4.18,3667,3.14,237.84,10.41
2026-09-03,Monthly,2024-11-01,2024-11-30,15,State,Delaware,1153,0.46,390000,1.3,38,6,1413,0.04,4768,18.02,1344,9.76,211.89,2.63
2026-09-03,Monthly,2024-11-01,2024-11-30,19,State,Florida,28622,-6.33,388200,-0.44,67,23,46191,4.11,212397,25.27,35731,-0.74,244.33,-1.32
2026-09-03,Monthly,2024-11-01,2024-11-30,21,State,Georgia,11017,-1.2,359900,2.85,51,14,15126,-2.69,56402,10.86,13010,3.68,182.41,0.25
2026-09-03,Monthly,2024-11-01,2024-11-30,25,State,Hawaii,958,9.37,750000,10.29,88,15,1459,17.81,7531,34.21,1166,-0.31,700.2,1.47
2026-09-03,Monthly,2024-11-01,2024-11-30,27,State,Idaho,2456,23.6,450000,0.9,47,8,2894,7.4,11296,11.21,2633,21.5,263.56,2.96
2026-09-03,Monthly,2024-11-01,2024-11-30,29,State,Illinois,11658,4.61,285000,7.55,49,2,13648,-0.12,44219,6.37,13672,6.79,182.35,6.93
2026-09-03,Monthly,2024-11-01,2024-11-30,31,State,Indiana,6855,3.32,260000,8.33,29,5,8213,3.9,23784,15.39,8071,10.07,147.72,1.74
2026-09-03,Monthly,2024-11-01,2024-11-30,33,State,Iowa,3215,6.07,227000,7.08,36,5,3923,10.08,13087,19.86,3471,10.15,156.19,2.91
2026-09-03,Monthly,2024-11-01,2024-11-30,35,State,Kansas,2759,4.52,270000,10.2,27,2,3211,3.25,9746,11.54,3049,3.19,141.99,1.6
2026-09-03,Monthly,2024-11-01,2024-11-30,37,State,Kentucky,3797,6.43,265000,7.29,40,6,4826,8.49,15796,17.59,4446,10.93,163.56,5.55
2026-09-03,Monthly,2024-11-01,2024-11-30,39,State,Louisiana,3613,11.23,240000,2.13,65,5,4375,-2.25,21137,6.95,4164,15.71,148.1,4.52
2026-09-03,Monthly,2024-11-01,2024-11-30,41,State,Maine,1452,3.81,390000,8.33,51,12,1785,-0.69,6814,19.44,1742,7.54,267.98,12.69
2026-09-03,Monthly,2024-11-01,2024-11-30,43,State,Maryland,5949,6.52,423945,6.25,32,6,7051,1.14,19473,13.45,6684,2.47,228.46,3.62
2026-09-03,Monthly,2024-11-01,2024-11-30,45,State,Massachusetts,5255,4.62,615000,6.03,22,1,6143,-2.53,16046,11.73,5907,9.56,366,5.5
2026-09-03,Monthly,2024-11-01,2024-11-30,47,State,Michigan,10007,1.41,260000,10.64,30,6,11923,2.48,35259,10.59,10902,1.72,160.44,4.61
2026-09-03,Monthly,2024-11-01,2024-11-30,49,State,Minnesota,5799,2.91,340300,4.07,32,5,6715,-1.39,20045,10.13,6392,7.45,189.46,1.37
2026-09-03,Monthly,2024-11-01,2024-11-30,51,State,Mississippi,1863,1.17,254250,6.83,46,7,2466,-1.92,10036,11.38,2217,-0.85,145.59,3.51
2026-09-03,Monthly,2024-11-01,2024-11-30,2,State,Missouri,6510,1.77,262000,6.94,32,7,7732,2.14,25079,17.66,7642,5.56,156.23,3.41
2026-09-03,Monthly,2024-11-01,2024-11-30,4,State,Montana,948,6.94,491431,7.07,80,15,1367,0.26,6794,20.76,1131,-0.46,286.14,4.02
2026-09-03,Monthly,2024-11-01,2024-11-30,6,State,Nebraska,1792,6,292000,7.35,26,5,2074,-3.75,6014,7.11,1739,0.62,157.17,1.72
2026-09-03,Monthly,2024-11-01,2024-11-30,8,State,Nevada,3444,13.16,460000,6.98,45,7,4435,5.37,15909,25.25,4093,13.2,269.99,3.7
2026-09-03,Monthly,2024-11-01,2024-11-30,10,State,New Hampshire,1419,1.79,479450,8.97,37,5,1653,2.62,4786,10.61,1605,7.39,286.51,10.81
2026-09-03,Monthly,2024-11-01,2024-11-30,12,State,New Jersey,7213,3.65,525000,11.7,37,1,9065,2.41,27050,8.29,8282,4.91,309.06,8.3
2026-09-03,Monthly,2024-11-01,2024-11-30,14,State,New Mexico,1731,7.27,345177,2.88,44,11,2149,5.26,8393,24.41,2020,4.23,203,3.1
2026-09-03,Monthly,2024-11-01,2024-11-30,16,State,New York,10672,3.1,445000,9.88,34,-1,14036,3.76,48455,2.63,12435,10.54,289.61,12.23
2026-09-03,Monthly,2024-11-01,2024-11-30,18,State,North Carolina,11978,0.72,365000,2.82,47,10,15429,5.85,54701,23.76,13883,5.1,202.24,1.24
2026-09-03,Monthly,2024-11-01,2024-11-30,20,State,North Dakota,691,15.36,299900,13.21,43,-22,766,4.24,2737,-11.74,750,13.48,158.82,10.12
2026-09-03,Monthly,2024-11-01,2024-11-30,22,State,Ohio,10842,2.37,241000,9.55,40,9,12851,0.38,37907,17,13509,1.82,160.78,7.62
2026-09-03,Monthly,2024-11-01,2024-11-30,23,State,Oklahoma,3909,1.33,244601,6.35,42,9,4978,-0.33,19133,19.65,4459,0.15,152.76,3.94
2026-09-03,Monthly,2024-11-01,2024-11-30,24,State,Oregon,4139,21.29,495000,3.15,38,6,4741,-3.71,18118,13.36,4474,9.74,299.43,1.77
2026-09-03,Monthly,2024-11-01,2024-11-30,26,State,Pennsylvania,10364,0.42,285200,9.69,34,4,12434,3.05,38655,7.88,12059,6.29,180.76,5.41
2026-09-03,Monthly,2024-11-01,2024-11-30,58,State,Puerto Rico,NA,NA,NA,NA,NA,NA,NA,NA,NA,NA,NA,NA,NA,NA
2026-09-03,Monthly,2024-11-01,2024-11-30,28,State,Rhode Island,854,-0.11,480750,10.52,28,5,1134,5.85,2829,13.84,1021,11.97,277.09,8.22
2026-09-03,Monthly,2024-11-01,2024-11-30,30,State,South Carolina,7197,1.34,340945,4.28,69,13,9136,5.83,37560,18.76,8326,5.16,189.18,0.17
2026-09-03,Monthly,2024-11-01,2024-11-30,32,State,South Dakota,778,6.77,313000,2.62,67,13,1021,3.49,4163,19.93,866,12.12,188.01,1.68
2026-09-03,Monthly,2024-11-01,2024-11-30,34,State,Tennessee,8077,5.09,368650,5.33,58,6,10383,1.84,41715,18.2,9709,4.72,211.23,2.6
2026-09-03,Monthly,2024-11-01,2024-11-30,36,State,Texas,28385,9.94,335000,1.52,57,14,39551,3.75,165775,20.48,32983,5.85,179.37,-0.51
2026-09-03,Monthly,2024-11-01,2024-11-30,38,State,Utah,3267,24.71,510000,3.14,42,3,4360,14.9,15906,16.9,3920,10.74,244.57,1.78
2026-09-03,Monthly,2024-11-01,2024-11-30,40,State,Vermont,608,5.49,415000,7.79,54,11,714,-8.85,3052,32.92,752,17.5,249.88,6.07
2026-09-03,Monthly,2024-11-01,2024-11-30,42,State,Virginia,8742,5.67,412500,7.14,29,5,10724,8.41,28498,13.36,10011,9.53,224.37,5.3
2026-09-03,Monthly,2024-11-01,2024-11-30,44,State,Washington,7711,21.35,606750,5.52,21,4,8923,6.39,26084,18.53,8364,17.64,341.32,3.61
2026-09-03,Monthly,2024-11-01,2024-11-30,46,State,West Virginia,1237,8.43,250000,8.74,52,-8,1452,12.05,5505,19.51,1328,13.81,144.8,5.67
2026-09-03,Monthly,2024-11-01,2024-11-30,48,State,Wisconsin,5543,1.61,310000,11.71,49,3,6313,-1.24,20758,9.74,6012,5.52,184.07,5.57
2026-09-03,Monthly,2024-11-01,2024-11-30,50,State,Wyoming,625,12.88,354250,10.7,44,-12,792,13.34,2935,3.15,667,6.39,178.86,5.57
2026-09-03,Monthly,2024-10-01,2024-10-31,1,State,Alabama,5153,5.96,280000,2.48,55,9,6414,-0.07,26874,20.54,6170,10.57,156.8,2.12
2026-09-03,Monthly,2024-10-01,2024-10-31,3,State,Alaska,684,4.97,382400,9.57,29,13,804,-4.87,2565,10.97,782,11.17,236.64,5.59
2026-09-03,Monthly,2024-10-01,2024-10-31,5,State,Arizona,8058,5.38,438945,2.08,57,13,10579,8.72,41717,33.54,9559,12.77,262.27,0.46
2026-09-03,Monthly,2024-10-01,2024-10-31,7,State,Arkansas,3226,10.61,255000,6.25,51,12,4025,3.73,15726,21.82,3620,12.07,156.35,4.52
2026-09-03,Monthly,2024-10-01,2024-10-31,9,State,California,22937,7.97,752000,3.72,35,7,30360,12.84,97481,29.17,26800,10.83,465.92,0.73
2026-09-03,Monthly,2024-10-01,2024-10-31,11,State,Colorado,7346,11.07,550085,0.93,45,11,9726,10.32,34852,30.89,8780,13.15,271.08,0.01
2026-09-03,Monthly,2024-10-01,2024-10-31,17,State,Columbia,562,10.38,660000,-2.22,50,3,883,14.87,3513,21.51,703,15.89,497.63,-4.99
2026-09-03,Monthly,2024-10-01,2024-10-31,13,State,Connecticut,3094,1.05,397000,5.87,38,4,3563,-0.08,10200,6.95,3692,3.6,233.46,7.59
2026-09-03,Monthly,2024-10-01,2024-10-31,15,State,Delaware,1225,16.89,397450,7.42,40,9,1401,7.44,4717,20.99,1256,1.3,215.73,3.92
2026-09-03,Monthly,2024-10-01,2024-10-31,19,State,Florida,28340,-11.31,389900,1.27,64,22,38312,-12.6,205726,26.72,32619,-12.44,243.32,-2.57
2026-09-03,Monthly,2024-10-01,2024-10-31,21,State,Georgia,11018,0.17,361000,3.14,52,17,14889,-4.04,55552,10.05,12628,-3.3,182.91,1.35
2026-09-03,Monthly,2024-10-01,2024-10-31,25,State,Hawaii,968,-0.08,730000,2.82,82,13,1307,1.85,7351,34.34,1095,-6.97,698.1,1.86
2026-09-03,Monthly,2024-10-01,2024-10-31,27,State,Idaho,2429,27.15,459900,0,48,11,2932,9.17,11383,18.18,2738,29.75,264.4,2.78
2026-09-03,Monthly,2024-10-01,2024-10-31,29,State,Illinois,11341,1.38,285000,7.95,50,2,13707,5.57,43949,7.93,13426,3.79,178.83,5.4
2026-09-03,Monthly,2024-10-01,2024-10-31,31,State,Indiana,6866,5.52,257945,7.48,29,6,8070,7.55,23524,17.63,7969,6.31,147.54,5.62
2026-09-03,Monthly,2024-10-01,2024-10-31,33,State,Iowa,3207,7.68,235000,7.31,37,8,3742,8.09,12900,19.79,3446,6.26,156.61,5.72
2026-09-03,Monthly,2024-10-01,2024-10-31,35,State,Kansas,2730,2.45,268500,7.4,29,4,3220,6.67,9723,14.52,3100,6.78,144.89,6.79
2026-09-03,Monthly,2024-10-01,2024-10-31,37,State,Kentucky,3794,5.23,261500,6.73,40,7,4700,7.45,15565,19.64,4472,11.92,162.31,5.08
2026-09-03,Monthly,2024-10-01,2024-10-31,39,State,Louisiana,3288,0.34,238000,1.28,68,9,4581,4.33,21783,13.01,4181,15.85,146.3,2.67
2026-09-03,Monthly,2024-10-01,2024-10-31,41,State,Maine,1370,3.1,395000,2.6,50,10,1826,1.76,6776,24.34,1732,9.91,262.32,6.52
2026-09-03,Monthly,2024-10-01,2024-10-31,43,State,Maryland,5953,9.88,421195,6.63,33,8,7029,5.69,19291,16.74,6589,1.62,227.12,3.9
2026-09-03,Monthly,2024-10-01,2024-10-31,45,State,Massachusetts,5279,5.66,621500,4.89,23,2,6427,5.17,16088,20.76,6155,13.89,362.38,3.67
2026-09-03,Monthly,2024-10-01,2024-10-31,47,State,Michigan,9871,0.16,260000,7,30,6,11813,1.94,34784,13.27,10801,0.93,162.98,7.64
2026-09-03,Monthly,2024-10-01,2024-10-31,49,State,Minnesota,5833,4.77,347700,5.36,32,5,6834,3.91,23044,13.39,6399,10.17,190.06,2.93
2026-09-03,Monthly,2024-10-01,2024-10-31,51,State,Mississippi,1846,2.35,256950,5.09,48,9,2541,0.69,10048,15.02,2374,8.26,144.7,5.79
2026-09-03,Monthly,2024-10-01,2024-10-31,2,State,Missouri,6494,2.8,269500,7.8,32,9,7729,3.81,24902,20.87,7567,4.92,156.57,4.31
2026-09-03,Monthly,2024-10-01,2024-10-31,4,State,Montana,934,9.03,499000,0,77,11,1405,9.98,6782,23.43,1166,16.35,281.72,4.87
2026-09-03,Monthly,2024-10-01,2024-10-31,6,State,Nebraska,1679,4.21,285000,4.01,26,5,2055,3.82,5989,12.34,1845,13.21,156.79,3.66
2026-09-03,Monthly,2024-10-01,2024-10-31,8,State,Nevada,3506,10.77,456250,4.89,48,8,4404,10.49,15584,31.57,4050,10.99,268.82,4.38
2026-09-03,Monthly,2024-10-01,2024-10-31,10,State,New Hampshire,1390,5.46,488500,8.56,37,8,1644,3.54,4810,14.55,1575,2.67,281.72,6.43
2026-09-03,Monthly,2024-10-01,2024-10-31,12,State,New Jersey,7057,-0.31,520000,8.56,36,0,8800,1.46,27006,9.13,8309,5.66,308.95,9.45
2026-09-03,Monthly,2024-10-01,2024-10-31,14,State,New Mexico,1705,5.53,350000,6.06,44,13,2124,-2.64,8261,23.46,2009,6.17,203.56,5.19
2026-09-03,Monthly,2024-10-01,2024-10-31,16,State,New York,10234,-2.27,460000,10.84,33,-3,13880,2.96,47429,0.84,12226,6.65,282.75,7.86
2026-09-03,Monthly,2024-10-01,2024-10-31,18,State,North Carolina,12101,3.39,367000,2.48,46,10,14392,-0.16,53663,25.62,13573,3.77,202.63,1.95
2026-09-03,Monthly,2024-10-01,2024-10-31,20,State,North Dakota,636,5.49,292000,10.19,45,-23,749,2.83,2762,-11.07,770,11.94,160.48,13.55
2026-09-03,Monthly,2024-10-01,2024-10-31,22,State,Ohio,10738,2.53,242500,6.83,40,10,12713,3.63,37282,20.61,13375,1.55,159.54,7.83
2026-09-03,Monthly,2024-10-01,2024-10-31,23,State,Oklahoma,3922,3.07,243500,3.62,40,12,5028,6.91,19100,25.36,4557,3.43,152.03,4.27
2026-09-03,Monthly,2024-10-01,2024-10-31,24,State,Oregon,3983,12.37,500000,2.04,38,7,4968,6.65,18091,19.93,4641,19.48,297.66,0.6
2026-09-03,Monthly,2024-10-01,2024-10-31,26,State,Pennsylvania,10548,3.53,285000,7.55,34,5,12313,2.52,37815,8.9,11556,1.96,180.08,6.42
2026-09-03,Monthly,2024-10-01,2024-10-31,58,State,Puerto Rico,NA,NA,NA,NA,NA,NA,NA,NA,NA,NA,NA,NA,NA,NA
2026-09-03,Monthly,2024-10-01,2024-10-31,28,State,Rhode Island,935,7.3,480000,11.63,27,4,1050,-4.27,2743,16.36,1015,12.85,275.95,6.4
2026-09-03,Monthly,2024-10-01,2024-10-31,30,State,South Carolina,7177,2.32,343000,1.18,66,12,8811,1.83,37061,19.52,8205,2.36,191.78,2.07
2026-09-03,Monthly,2024-10-01,2024-10-31,32,State,South Dakota,728,3.49,327000,6.99,63,8,1048,16.17,4041,20.18,845,14.58,183.9,1.71
2026-09-03,Monthly,2024-10-01,2024-10-31,34,State,Tennessee,7893,0.58,365000,3.99,60,9,10291,5.25,41447,21.43,9626,3.52,211.75,3.88
2026-09-03,Monthly,2024-10-01,2024-10-31,36,State,Texas,27952,8.62,337000,0.9,57,15,39847,9.78,164700,24.89,32412,3.32,179.63,0.38
2026-09-03,Monthly,2024-10-01,2024-10-31,38,State,Utah,3141,14.19,515000,4.97,44,5,4360,15.39,15618,18.32,4104,16.87,243.34,-0.04
2026-09-03,Monthly,2024-10-01,2024-10-31,40,State,Vermont,578,1.35,410000,6.22,56,15,780,3.24,3029,34.89,711,5.67,246.88,3.59
2026-09-03,Monthly,2024-10-01,2024-10-31,42,State,Virginia,8645,4.95,415000,6.41,30,6,10254,4.81,28083,14.74,10003,10.06,223.06,5.04
2026-09-03,Monthly,2024-10-01,2024-10-31,44,State,Washington,7574,17.02,612500,7.46,21,5,9231,16.45,25903,26.24,8526,22.22,341,4.38
2026-09-03,Monthly,2024-10-01,2024-10-31,46,State,West Virginia,1225,13.71,236750,6.4,56,-3,1511,15.15,5528,21.14,1436,25.5,144.1,6.1
2026-09-03,Monthly,2024-10-01,2024-10-31,48,State,Wisconsin,5618,5.68,310000,10.71,49,3,6410,4.65,20684,11.24,6131,5.5,185.01,8.04
2026-09-03,Monthly,2024-10-01,2024-10-31,50,State,Wyoming,608,4.78,354950,7.56,41,-24,783,6.9,2909,-4.42,655,-17.68,179.95,3.72
2026-09-03,Monthly,2024-09-01,2024-09-30,1,State,Alabama,4963,0.13,285000,1.82,55,11,6428,2.43,26555,22.01,5657,-0.69,158.04,4.13
2026-09-03,Monthly,2024-09-01,2024-09-30,3,State,Alaska,668,-3.38,390000,5.16,28,10,834,3.53,2575,14.42,816,13.69,236.04,5.5
2026-09-03,Monthly,2024-09-01,2024-09-30,5,State,Arizona,7871,2.29,435000,2.35,58,16,10823,14.16,41458,36.78,10210,15.93,262.16,1.82
2026-09-03,Monthly,2024-09-01,2024-09-30,7,State,Arkansas,3103,5.85,259200,2.05,49,10,3968,2.82,15612,24.81,3642,11.25,153.72,3.6
2026-09-03,Monthly,2024-09-01,2024-09-30,9,State,California,22329,4.93,738000,3.22,36,8,30644,15.54,95608,31.86,26529,9.66,471.8,2.03
2026-09-03,Monthly,2024-09-01,2024-09-30,11,State,Colorado,6922,-1.43,549900,1.55,42,11,9788,11.21,34025,32.89,8801,10.53,270.95,-0.11
2026-09-03,Monthly,2024-09-01,2024-09-30,17,State,Columbia,503,-13.14,602500,-3.52,52,6,875,9.28,3461,19.33,682,1.78,493.84,-4.64
2026-09-03,Monthly,2024-09-01,2024-09-30,13,State,Connecticut,3035,-3.3,403000,10.41,37,2,3555,2.43,10012,5.96,3685,4.49,234.01,9.52
2026-09-03,Monthly,2024-09-01,2024-09-30,15,State,Delaware,1151,4.97,397250,6.79,38,5,1354,2.65,4667,22.74,1338,14.95,213.92,3.18
2026-09-03,Monthly,2024-09-01,2024-09-30,19,State,Florida,29247,-11.74,385000,0,62,19,45405,3.24,210777,35.47,35756,-3.19,244.32,-1.81
2026-09-03,Monthly,2024-09-01,2024-09-30,21,State,Georgia,10916,-2.11,363948,3.39,49,15,15005,-5.07,55300,10.54,12632,-5.45,182.94,2.16
2026-09-03,Monthly,2024-09-01,2024-09-30,25,State,Hawaii,904,-7.12,750000,0.67,83,14,1409,11.63,7352,37.37,1141,21.13,692.85,1.04
2026-09-03,Monthly,2024-09-01,2024-09-30,27,State,Idaho,2320,9.09,470000,4.44,45,7,2887,14.14,11222,20.64,2582,17.68,261.3,0.88
2026-09-03,Monthly,2024-09-01,2024-09-30,29,State,Illinois,11051,-4.02,290000,7.41,50,2,13491,3.02,43426,6.8,13243,2.12,180.13,7.29
2026-09-03,Monthly,2024-09-01,2024-09-30,31,State,Indiana,6864,5.17,260000,6.12,28,5,8001,4.38,23251,18.12,8028,5.19,147.37,5.65
2026-09-03,Monthly,2024-09-01,2024-09-30,33,State,Iowa,3056,0.34,229000,4.09,36,9,3820,9.69,12676,20.79,3451,7.68,157.04,4.46
2026-09-03,Monthly,2024-09-01,2024-09-30,35,State,Kansas,2567,-8.74,260000,4,27,3,3288,7.55,9667,15.22,3102,5.54,146.48,6.48
2026-09-03,Monthly,2024-09-01,2024-09-30,37,State,Kentucky,3724,4.29,265000,8.16,39,8,4645,5.11,15326,21.04,4306,6.92,160.91,4.72
2026-09-03,Monthly,2024-09-01,2024-09-30,39,State,Louisiana,3095,-11.09,245000,4.26,69,11,4157,-9.44,21369,10.6,3522,-4.82,145.59,0.72
2026-09-03,Monthly,2024-09-01,2024-09-30,41,State,Maine,1415,10.09,410000,7.89,50,11,1830,6.15,6671,29.72,1745,15.13,263.37,8.95
2026-09-03,Monthly,2024-09-01,2024-09-30,43,State,Maryland,5650,-0.19,420000,4.48,31,7,6923,7.28,18951,17.25,6725,4.77,227.17,4.32
2026-09-03,Monthly,2024-09-01,2024-09-30,45,State,Massachusetts,5109,2.23,610000,5.17,22,1,6543,10.78,15779,21.57,6051,12.81,363.33,5.03
2026-09-03,Monthly,2024-09-01,2024-09-30,47,State,Michigan,9881,0.9,263000,5.2,28,5,11876,3.15,34359,14.28,10858,3.07,161.42,6.26
2026-09-03,Monthly,2024-09-01,2024-09-30,49,State,Minnesota,5617,-1.5,350000,6.06,32,6,6867,5.49,23049,11.45,6206,3.97,188.62,1.98
2026-09-03,Monthly,2024-09-01,2024-09-30,51,State,Mississippi,1788,-2.38,255000,2.2,47,5,2485,-4.41,9949,17.19,2259,0.28,142.95,3.68
2026-09-03,Monthly,2024-09-01,2024-09-30,2,State,Missouri,6458,3.64,265000,5.16,32,9,7761,5.38,24725,22.49,7593,5.03,157.12,5.26
2026-09-03,Monthly,2024-09-01,2024-09-30,4,State,Montana,893,-5.56,499900,0.99,79,13,1461,6.07,6660,22.09,1170,-22.27,279.82,2.18
2026-09-03,Monthly,2024-09-01,2024-09-30,6,State,Nebraska,1641,-6.9,285000,1.79,27,7,1996,1.26,5910,12.86,1787,9.4,158.6,6.47
2026-09-03,Monthly,2024-09-01,2024-09-30,8,State,Nevada,3388,0.41,460000,7.21,47,6,4510,16.47,15259,31.7,4135,9.58,268.91,5.2
2026-09-03,Monthly,2024-09-01,2024-09-30,10,State,New Hampshire,1382,5.34,499450,6.27,35,3,1657,5.02,4755,16.57,1610,7.55,280.34,9.1
2026-09-03,Monthly,2024-09-01,2024-09-30,12,State,New Jersey,6998,-2.3,525000,8.25,36,2,8925,7.23,26877,9.97,8123,-1.18,307.89,10.32
2026-09-03,Monthly,2024-09-01,2024-09-30,14,State,New Mexico,1596,-6.29,335000,0,43,10,2283,8.8,8233,26.51,2022,1.92,201.65,3.27
2026-09-03,Monthly,2024-09-01,2024-09-30,16,State,New York,10554,-1.22,460844,6.01,33,2,14098,6.65,46659,2.06,12014,3.15,283.83,9.91
2026-09-03,Monthly,2024-09-01,2024-09-30,18,State,North Carolina,11730,-1.2,368500,2.79,45,8,15016,6.99,53230,28.57,13685,5.64,201.46,1.76
2026-09-03,Monthly,2024-09-01,2024-09-30,20,State,North Dakota,611,1.44,293200,7.92,42,-32,796,12.46,2707,-14.26,732,-27.24,155.17,9.63
2026-09-03,Monthly,2024-09-01,2024-09-30,22,State,Ohio,10594,1.73,247500,8.79,40,9,12646,1.88,36746,21.52,13502,1.89,157.68,6.93
2026-09-03,Monthly,2024-09-01,2024-09-30,23,State,Oklahoma,3689,-5.72,247000,7.39,35,12,5001,5.01,18816,26.65,4462,1.41,151.34,3.18
2026-09-03,Monthly,2024-09-01,2024-09-30,24,State,Oregon,3783,1.95,500000,1.01,37,9,5018,8.37,17863,22.04,4666,14.21,296.48,0.54
2026-09-03,Monthly,2024-09-01,2024-09-30,26,State,Pennsylvania,10112,-1.24,289900,9.4,33,4,12364,4.57,37524,10.75,11840,4.72,178.63,5.54
2026-09-03,Monthly,2024-09-01,2024-09-30,58,State,Puerto Rico,NA,NA,NA,NA,NA,NA,NA,NA,NA,NA,NA,NA,NA,NA
2026-09-03,Monthly,2024-09-01,2024-09-30,28,State,Rhode Island,907,-3.78,495000,11.24,27,3,1147,17.06,2799,25.54,1029,13.84,272.33,6.27
2026-09-03,Monthly,2024-09-01,2024-09-30,30,State,South Carolina,7014,-0.84,338000,1.5,69,16,8966,5.54,36863,21.36,8187,2.62,191.09,2.97
2026-09-03,Monthly,2024-09-01,2024-09-30,32,State,South Dakota,715,-1.76,314000,3.29,61,4,966,4.23,3914,17.2,835,5.81,187,1.6
2026-09-03,Monthly,2024-09-01,2024-09-30,34,State,Tennessee,7684,0.51,365000,4.29,58,7,10255,4.43,40625,20.53,9580,1.91,209.89,3.71
2026-09-03,Monthly,2024-09-01,2024-09-30,36,State,Texas,26728,1.77,339000,-0.29,57,16,39393,7.33,162440,27.36,32930,4.11,179.12,0.14
2026-09-03,Monthly,2024-09-01,2024-09-30,38,State,Utah,3138,10.85,512777,3.59,43,6,4275,9.84,15457,19.3,4035,11.35,242.6,0.76
2026-09-03,Monthly,2024-09-01,2024-09-30,40,State,Vermont,557,-4.93,400000,3.9,55,15,832,15.36,2946,34.34,702,5.49,255.38,11.27
2026-09-03,Monthly,2024-09-01,2024-09-30,42,State,Virginia,8576,3.65,415000,9.21,29,6,10145,6.1,27739,16.67,10130,11.4,224.94,6.75
2026-09-03,Monthly,2024-09-01,2024-09-30,44,State,Washington,7144,6.22,600000,4.35,21,6,9011,12.65,25268,28.04,8339,13.88,343.44,5.14
2026-09-03,Monthly,2024-09-01,2024-09-30,46,State,West Virginia,1152,6.95,242000,5.22,56,-4,1505,17.38,5395,20.99,1403,28.5,143.41,6.38
2026-09-03,Monthly,2024-09-01,2024-09-30,48,State,Wisconsin,5494,2.94,310000,6.9,48,2,6325,3.77,20397,10.63,6142,9,183.25,6.28
2026-09-03,Monthly,2024-09-01,2024-09-30,50,State,Wyoming,564,-5.81,355500,6.76,44,-18,772,-2.24,2858,-6.05,666,9.3,178.57,4.25
2026-09-03,Monthly,2024-08-01,2024-08-31,1,State,Alabama,5020,0.14,285000,2.15,54,9,6391,4.88,26300,22.24,5600,-11.54,156.85,3.1
2026-09-03,Monthly,2024-08-01,2024-08-31,3,State,Alaska,639,-0.61,399000,7.26,33,12,846,4.81,2539,13.57,777,5.59,237.44,6.34
2026-09-03,Monthly,2024-08-01,2024-08-31,5,State,Arizona,7790,-1.44,431990,0.81,57,14,10676,14.93,40530,35.76,9028,-3.7,260.83,1.02
2026-09-03,Monthly,2024-08-01,2024-08-31,7,State,Arkansas,3120,6.12,261000,4.4,48,8,4044,5.46,15410,26.25,3452,1.45,154,4.89
2026-09-03,Monthly,2024-08-01,2024-08-31,9,State,California,22784,3.13,745000,3.47,34,7,29758,14.86,92006,31.7,25332,4.93,470.96,3.19
2026-09-03,Monthly,2024-08-01,2024-08-31,11,State,Colorado,7296,1.81,540000,-1.73,40,8,9404,6.8,32834,32.92,8511,-1.96,272.83,0.7
2026-09-03,Monthly,2024-08-01,2024-08-31,17,State,Columbia,514,-14.61,630000,0.8,51,0,830,1.95,3397,16.43,612,-3.32,502.04,-3.94
2026-09-03,Monthly,2024-08-01,2024-08-31,13,State,Connecticut,3109,1.26,415000,9.21,36,-2,3437,-1.35,9862,4.27,3493,-3.04,233.96,10.28
2026-09-03,Monthly,2024-08-01,2024-08-31,15,State,Delaware,1098,-1.5,395000,6.76,38,7,1414,22.2,4589,23.8,1254,7.43,214.17,3.92
2026-09-03,Monthly,2024-08-01,2024-08-31,19,State,Florida,30675,-3.24,385000,-1.21,61,16,46018,8.49,208719,40.66,34141,-9.22,243.48,-2.04
2026-09-03,Monthly,2024-08-01,2024-08-31,21,State,Georgia,10973,-1.45,359470,-0.01,47,12,15081,-1.97,55131,12.15,12537,-7.07,182.22,1.56
2026-09-03,Monthly,2024-08-01,2024-08-31,25,State,Hawaii,960,-4.47,750000,5.34,79,12,1393,17.05,7187,34.25,1175,4.79,704.24,4.89
2026-09-03,Monthly,2024-08-01,2024-08-31,27,State,Idaho,2166,-0.74,459900,2.2,48,9,2820,8.61,10918,18.72,2446,6.11,263.28,2.87
2026-09-03,Monthly,2024-08-01,2024-08-31,29,State,Illinois,11199,-4.04,295000,5.36,50,-1,13374,1.68,42967,5.46,12631,-6.4,178.91,6.77
2026-09-03,Monthly,2024-08-01,2024-08-31,31,State,Indiana,6627,-0.57,265000,5.16,28,6,8031,9.41,22987,20.19,7661,-4.13,146.45,5.22
2026-09-03,Monthly,2024-08-01,2024-08-31,33,State,Iowa,3052,0.16,240000,4.35,37,12,3736,4.43,12200,17.76,3286,-18.66,154.95,3.66
2026-09-03,Monthly,2024-08-01,2024-08-31,35,State,Kansas,2602,-5.36,269980,6.71,28,5,3205,6.57,9447,15.45,2997,-0.14,141.67,3.77
2026-09-03,Monthly,2024-08-01,2024-08-31,37,State,Kentucky,3651,-0.69,260500,4.2,38,6,4666,10.87,14990,22.31,4159,-17.26,160.71,4.96
2026-09-03,Monthly,2024-08-01,2024-08-31,39,State,Louisiana,3263,-7.52,243000,3.4,67,9,4528,-1.22,21540,13.86,3603,-6.41,144.07,0.32
2026-09-03,Monthly,2024-08-01,2024-08-31,41,State,Maine,1367,3.71,400000,6.67,51,12,1826,3.41,6468,30.35,1549,0.35,261.94,6.86
2026-09-03,Monthly,2024-08-01,2024-08-31,43,State,Maryland,5713,-1.26,424136,3.45,31,5,6741,4.39,18563,15.81,6526,0.84,226.25,3.17
2026-09-03,Monthly,2024-08-01,2024-08-31,45,State,Massachusetts,5122,3.48,630000,3.28,22,0,5984,0.6,15130,16.74,5568,1.61,365.38,7.33
2026-09-03,Monthly,2024-08-01,2024-08-31,47,State,Michigan,9762,-1.73,269000,5.7,28,4,11787,2.82,33667,14.07,10587,-2.3,161.52,7.02
2026-09-03,Monthly,2024-08-01,2024-08-31,49,State,Minnesota,5669,-0.2,352500,1.59,33,7,6594,-1.23,23067,7.39,5871,-4.82,189.57,3.49
2026-09-03,Monthly,2024-08-01,2024-08-31,51,State,Mississippi,1840,-0.2,254900,4.04,48,9,2497,-0.45,9920,20.64,2109,-9.1,144.89,3.08
2026-09-03,Monthly,2024-08-01,2024-08-31,2,State,Missouri,6427,1.7,269900,3.81,33,12,7732,5.77,24181,23.7,7049,-7.66,157.15,6.82
2026-09-03,Monthly,2024-08-01,2024-08-31,4,State,Montana,943,-0.09,499900,2.08,75,7,1357,-1.36,6509,20.68,1091,-29.67,281.45,3.29
2026-09-03,Monthly,2024-08-01,2024-08-31,6,State,Nebraska,1708,-3.47,294000,2.8,25,6,1851,-1.15,5859,10.7,1668,-3.95,156.12,3.63
2026-09-03,Monthly,2024-08-01,2024-08-31,8,State,Nevada,3502,2.13,457111,6.3,45,3,4354,11.57,14576,26.12,3779,-4.92,266.88,4.23
2026-09-03,Monthly,2024-08-01,2024-08-31,10,State,New Hampshire,1380,3.37,507250,10.27,36,7,1631,5.16,4697,18.79,1517,2.08,280.09,7.88
2026-09-03,Monthly,2024-08-01,2024-08-31,12,State,New Jersey,7218,0.76,539250,7.85,35,2,8534,1.6,26656,8.97,8034,0.46,305.15,9.9
2026-09-03,Monthly,2024-08-01,2024-08-31,14,State,New Mexico,1688,-2.7,347600,3.33,41,9,2205,4.34,7957,23.5,1912,-8.78,201.72,3.98
2026-09-03,Monthly,2024-08-01,2024-08-31,16,State,New York,10416,-4.62,485000,5.21,34,1,13663,2.41,45338,1.8,11706,-2.2,284.88,11.5
2026-09-03,Monthly,2024-08-01,2024-08-31,18,State,North Carolina,11880,-0.02,374000,3.89,43,6,14791,8.13,51853,28.09,12939,-2.18,203.7,3.15
2026-09-03,Monthly,2024-08-01,2024-08-31,20,State,North Dakota,613,-1.84,296000,10.04,42,-30,752,2.85,2650,-16.1,741,9.95,157.55,13.06
2026-09-03,Monthly,2024-08-01,2024-08-31,22,State,Ohio,10500,-1.04,250000,4.29,39,9,12685,7.43,36061,23.88,13268,12.67,158.23,7.71
2026-09-03,Monthly,2024-08-01,2024-08-31,23,State,Oklahoma,3931,4.69,250000,4.82,33,10,5031,11.07,18394,26.65,4335,-2.23,152.14,5.54
2026-09-03,Monthly,2024-08-01,2024-08-31,24,State,Oregon,3809,-3.17,506548,1.31,36,7,4725,-0.39,17298,20.54,4264,-0.04,296.27,0.36
2026-09-03,Monthly,2024-08-01,2024-08-31,26,State,Pennsylvania,10225,0.26,300000,7.14,32,3,12272,2.87,36921,10.49,11077,-5.4,178.59,5.69
2026-09-03,Monthly,2024-08-01,2024-08-31,58,State,Puerto Rico,NA,NA,NA,NA,NA,NA,NA,NA,NA,NA,NA,NA,NA,NA
2026-09-03,Monthly,2024-08-01,2024-08-31,28,State,Rhode Island,917,6.83,482840,7.66,29,6,1076,2.97,2660,19.17,923,-5.85,277.61,9
2026-09-03,Monthly,2024-08-01,2024-08-31,30,State,South Carolina,7039,-0.76,344900,2.65,66,12,8920,5.65,36680,22.68,7792,-5.38,188.96,0.36
2026-09-03,Monthly,2024-08-01,2024-08-31,32,State,South Dakota,733,-1.1,324900,2.49,63,9,956,9.32,3880,16.75,809,0.34,186.44,1.86
2026-09-03,Monthly,2024-08-01,2024-08-31,34,State,Tennessee,7709,-2.17,370000,2.78,58,7,10165,9.46,40242,22.86,9416,-0.05,210.03,3.49
2026-09-03,Monthly,2024-08-01,2024-08-31,36,State,Texas,26127,-4.41,340000,-1.02,56,15,39731,10.57,159359,29.04,31861,-0.43,179.1,-0.11
2026-09-03,Monthly,2024-08-01,2024-08-31,38,State,Utah,3075,3.66,512000,3.23,43,5,4200,9.08,15067,20.41,3865,10.18,243.61,0.86
2026-09-03,Monthly,2024-08-01,2024-08-31,40,State,Vermont,550,2.74,400000,-2.44,54,3,771,9.97,2840,31.41,647,1.27,245.22,7.93
2026-09-03,Monthly,2024-08-01,2024-08-31,42,State,Virginia,8517,2.37,415000,3.75,28,5,9790,3.96,27315,16.39,9365,-0.76,221.61,5.07
2026-09-03,Monthly,2024-08-01,2024-08-31,44,State,Washington,7217,3.15,605000,3.61,20,6,8685,7.94,24568,28.52,7754,6.16,338.96,4.24
2026-09-03,Monthly,2024-08-01,2024-08-31,46,State,West Virginia,1231,9.34,245000,5.6,55,-7,1439,15.64,5306,18.45,1314,14.65,142.79,6.67
2026-09-03,Monthly,2024-08-01,2024-08-31,48,State,Wisconsin,5450,2.68,322500,7.54,48,3,6281,2.64,20074,9.94,5776,-1.95,183.7,7.94
2026-09-03,Monthly,2024-08-01,2024-08-31,50,State,Wyoming,634,13.69,350000,6.06,43,-23,767,-1.83,2842,-3.35,667,11.98,184.16,8.63
2026-09-03,Monthly,2024-07-01,2024-07-31,1,State,Alabama,5099,0.84,289200,3.32,55,10,6424,4.44,26102,23.08,5729,-4.66,156.11,2.78
2026-09-03,Monthly,2024-07-01,2024-07-31,3,State,Alaska,654,-1.06,390000,1.33,27,4,800,-5.75,2497,14.3,775,3.27,231.68,3.03
2026-09-03,Monthly,2024-07-01,2024-07-31,5,State,Arizona,7863,-0.16,435000,1.16,56,11,10383,10.11,39746,33.2,9278,-3.5,260.68,1.78
2026-09-03,Monthly,2024-07-01,2024-07-31,7,State,Arkansas,3122,4.04,255000,2,48,9,4107,15.38,15151,28.2,3443,6.13,153.49,3.74
2026-09-03,Monthly,2024-07-01,2024-07-31,9,State,California,23066,2.85,755000,5.01,33,6,29137,15.16,90697,30.75,26295,1.54,472.74,4.46
2026-09-03,Monthly,2024-07-01,2024-07-31,11,State,Colorado,6994,-3.61,550000,0.92,40,7,9256,6.72,32205,32.82,8373,-2.59,272.62,1.51
2026-09-03,Monthly,2024-07-01,2024-07-31,17,State,Columbia,510,-18.86,675000,9.76,54,6,812,-5.84,3365,15.56,575,-22.11,502.7,-6.78
2026-09-03,Monthly,2024-07-01,2024-07-31,13,State,Connecticut,3086,0.95,420000,7.72,37,0,3447,2.25,9909,6.12,3574,-2.72,231.52,10.84
2026-09-03,Monthly,2024-07-01,2024-07-31,15,State,Delaware,1164,14,382900,1.81,40,8,1343,14.63,4519,22.5,1207,-1.27,211.92,4.34
2026-09-03,Monthly,2024-07-01,2024-07-31,19,State,Florida,30871,-4.21,390000,0.54,62,16,45928,8.66,206546,43.1,36407,-6.46,244.04,-0.83
2026-09-03,Monthly,2024-07-01,2024-07-31,21,State,Georgia,11130,-0.38,360900,1.66,46,11,14980,-5.24,54844,12.24,12538,-9.81,182.57,1.66
2026-09-03,Monthly,2024-07-01,2024-07-31,25,State,Hawaii,991,-5.25,765000,9.29,80,14,1454,23.93,7028,30.14,1159,1.2,687.7,-0.11
2026-09-03,Monthly,2024-07-01,2024-07-31,27,State,Idaho,2301,6.22,470000,2.17,49,10,2643,3.26,10656,16.31,2359,-4.7,258.66,-0.32
2026-09-03,Monthly,2024-07-01,2024-07-31,29,State,Illinois,11306,-0.61,307000,7.72,50,-1,13199,2.23,42667,5,12913,-5.18,177.49,6.37
2026-09-03,Monthly,2024-07-01,2024-07-31,31,State,Indiana,6787,3.25,264999,3.92,26,4,7743,7.16,22403,18.9,7624,-1.87,146.47,5.6
2026-09-03,Monthly,2024-07-01,2024-07-31,33,State,Iowa,3067,1.1,243500,5.75,35,9,3472,-2.49,11857,14.62,3256,-7.2,154.93,5.33
2026-09-03,Monthly,2024-07-01,2024-07-31,35,State,Kansas,2600,-4.42,278750,8.04,29,6,3155,3.98,9238,13.18,2897,-1.85,143.76,8.31
2026-09-03,Monthly,2024-07-01,2024-07-31,37,State,Kentucky,3718,3.42,264999,3.13,39,7,4526,8.95,14708,20,4114,-3.13,158.73,5.67
2026-09-03,Monthly,2024-07-01,2024-07-31,39,State,Louisiana,3418,-3.85,248243,2.33,67,10,4349,-2.78,21347,15.1,3591,-9.6,143.46,0.08
2026-09-03,Monthly,2024-07-01,2024-07-31,41,State,Maine,1388,2.38,400000,5.26,51,10,1714,4.53,6330,34.62,1626,2.17,263.05,10.35
2026-09-03,Monthly,2024-07-01,2024-07-31,43,State,Maryland,5842,2.5,430000,4.88,31,6,6616,0.29,18619,17.05,6646,0.4,224.7,3.75
2026-09-03,Monthly,2024-07-01,2024-07-31,45,State,Massachusetts,5143,1.77,650000,4.84,22,0,6101,4.55,15152,19.3,5677,3.75,363.6,5.58
2026-09-03,Monthly,2024-07-01,2024-07-31,47,State,Michigan,9847,-0.21,272000,5.92,28,3,11810,3.52,33143,11.79,10648,-2.19,159.56,6.36
2026-09-03,Monthly,2024-07-01,2024-07-31,49,State,Minnesota,5693,1.7,355000,4.38,31,5,6550,0.42,22642,10.62,5909,-6.91,189,2.25
2026-09-03,Monthly,2024-07-01,2024-07-31,51,State,Mississippi,1817,-0.97,257520,3.01,44,3,2327,-1.25,9819,21.18,2170,-7.61,143.79,4.2
2026-09-03,Monthly,2024-07-01,2024-07-31,2,State,Missouri,6441,1.11,270000,3.85,32,10,7541,4.1,23887,24.07,7334,-1.81,155.48,4.94
2026-09-03,Monthly,2024-07-01,2024-07-31,4,State,Montana,853,-10.22,489900,-1.03,77,14,1335,0.48,6450,21.1,1165,-8.81,279.79,1.01
2026-09-03,Monthly,2024-07-01,2024-07-31,6,State,Nebraska,1735,2.35,295000,1.72,25,6,1954,-0.46,5904,10.41,1707,-2.51,155.43,3.6
2026-09-03,Monthly,2024-07-01,2024-07-31,8,State,Nevada,3493,-2.53,460000,6.48,47,1,4312,15.01,14288,20.6,4091,-2.28,266.47,4.67
2026-09-03,Monthly,2024-07-01,2024-07-31,10,State,New Hampshire,1374,2.79,505000,9.78,34,2,1637,7.85,4693,18.82,1558,2.19,278.32,7.41
2026-09-03,Monthly,2024-07-01,2024-07-31,12,State,New Jersey,7199,0.27,540000,12.43,35,3,8768,6.78,26392,11.13,8167,1.6,303.48,9.67
2026-09-03,Monthly,2024-07-01,2024-07-31,14,State,New Mexico,1645,-3.69,350000,7.69,42,11,2027,4.92,7781,22.53,2000,-3.08,200.99,4.25
2026-09-03,Monthly,2024-07-01,2024-07-31,16,State,New York,10627,-0.61,483750,7.5,32,-1,13618,4.82,45841,4.36,11912,0.16,280.17,9.43
2026-09-03,Monthly,2024-07-01,2024-07-31,18,State,North Carolina,11958,0.95,370000,1.09,42,3,14458,11,50638,25.73,13396,-0.32,202.44,3.15
2026-09-03,Monthly,2024-07-01,2024-07-31,20,State,North Dakota,601,3.87,303444,6.47,44,-25,723,-6.79,2635,-14.13,750,17.01,151.55,7.58
2026-09-03,Monthly,2024-07-01,2024-07-31,22,State,Ohio,10536,-0.12,254500,6.09,40,10,12222,6.05,35213,20.22,13333,1.24,156.58,6.98
2026-09-03,Monthly,2024-07-01,2024-07-31,23,State,Oklahoma,3694,-3.83,249000,0.61,29,9,4872,7.11,17931,24.91,4369,0.84,150.43,3.52
2026-09-03,Monthly,2024-07-01,2024-07-31,24,State,Oregon,3803,-1.57,515000,3,37,9,4674,2.54,17181,21.56,4347,-1.57,298.17,1.71
2026-09-03,Monthly,2024-07-01,2024-07-31,26,State,Pennsylvania,10416,3.74,300000,6.14,31,0,12156,3.95,36588,9.26,11378,-3.63,176.51,5.34
2026-09-03,Monthly,2024-07-01,2024-07-31,58,State,Puerto Rico,NA,NA,NA,NA,NA,NA,NA,NA,NA,NA,NA,NA,NA,NA
2026-09-03,Monthly,2024-07-01,2024-07-31,28,State,Rhode Island,975,15.54,487425,10.78,27,6,1111,13.85,2726,24.97,1020,10.75,274.27,9.04
2026-09-03,Monthly,2024-07-01,2024-07-31,30,State,South Carolina,7139,2.25,345000,2.37,63,8,8842,6.76,36621,24.54,7994,-3.67,191.84,2.66
2026-09-03,Monthly,2024-07-01,2024-07-31,32,State,South Dakota,726,-4.56,329250,2.89,61,6,907,2.23,3812,14.31,808,-1.66,184.26,2.3
2026-09-03,Monthly,2024-07-01,2024-07-31,34,State,Tennessee,7688,-0.88,369900,2.75,57,5,10011,11.23,39524,21.52,9384,-0.54,208.51,3.55
2026-09-03,Monthly,2024-07-01,2024-07-31,36,State,Texas,26310,-3.58,346833,-0.19,55,13,37923,6.33,156431,29.08,31081,-5.94,179.65,0.37
2026-09-03,Monthly,2024-07-01,2024-07-31,38,State,Utah,3076,4.67,514990,4.04,43,5,4227,12.55,14933,21.25,3750,4.16,240.79,-0.51
2026-09-03,Monthly,2024-07-01,2024-07-31,40,State,Vermont,728,23.67,445000,11.25,52,3,777,31.7,2797,38.45,692,10.16,249.66,12.01
2026-09-03,Monthly,2024-07-01,2024-07-31,42,State,Virginia,8538,2.47,427500,6.9,28,5,9681,2.93,26968,16.16,9574,-2.9,220.48,5.04
2026-09-03,Monthly,2024-07-01,2024-07-31,44,State,Washington,7235,2.02,615000,5.13,19,2,8410,6.4,24177,26.48,7885,-0.36,341.98,6.08
2026-09-03,Monthly,2024-07-01,2024-07-31,46,State,West Virginia,1192,11.37,239450,1.89,62,0,1400,14.14,5391,22.56,1350,17.89,141.77,6.49
2026-09-03,Monthly,2024-07-01,2024-07-31,48,State,Wisconsin,5543,5.21,325000,8.33,48,2,6005,0.63,19860,10.47,5805,-2.38,184.24,8.83
2026-09-03,Monthly,2024-07-01,2024-07-31,50,State,Wyoming,581,-1.09,340000,4.62,43,-24,739,-0.82,2803,-2.18,675,15.06,180.16,6.2
2026-09-03,Monthly,2024-06-01,2024-06-30,1,State,Alabama,4978,-2.21,294000,2.58,54,9,6555,9.37,25678,22.35,5849,1.75,155.42,2.11
2026-09-03,Monthly,2024-06-01,2024-06-30,3,State,Alaska,630,-7.42,395000,3.27,30,5,816,1.89,2496,16.78,783,6.68,234.38,6.08
2026-09-03,Monthly,2024-06-01,2024-06-30,5,State,Arizona,7768,-1.8,443990,2.07,57,8,10523,15.18,39336,30.11,9384,-1.77,259.81,1.21
2026-09-03,Monthly,2024-06-01,2024-06-30,7,State,Arkansas,3029,-1.14,270000,6.76,46,7,3909,9.89,14785,25.62,3534,8.66,153.51,4.3
2026-09-03,Monthly,2024-06-01,2024-06-30,9,State,California,22528,1.38,765000,5.52,33,4,29813,20.41,90031,28.96,26104,2.49,475.28,6.78
2026-09-03,Monthly,2024-06-01,2024-06-30,11,State,Colorado,6906,-2.86,564000,2.55,40,8,9180,9.83,31769,32.38,8316,-1.5,273.62,2.17
2026-09-03,Monthly,2024-06-01,2024-06-30,17,State,Columbia,514,-13.81,715000,16.26,53,3,835,3.69,3359,17.61,595,-14.8,506.75,-0.48
2026-09-03,Monthly,2024-06-01,2024-06-30,13,State,Connecticut,3032,-3.35,430000,11.69,37,1,3368,-0.07,9786,2.83,3624,0.64,230.67,11.97
2026-09-03,Monthly,2024-06-01,2024-06-30,15,State,Delaware,1138,8.53,391000,5.54,40,8,1322,11.87,4465,20.83,1281,7.6,210.88,4.85
2026-09-03,Monthly,2024-06-01,2024-06-30,19,State,Florida,30747,-4.18,399900,1.89,62,16,46267,13.69,204607,43.37,36848,-2.63,244.11,-0.5
2026-09-03,Monthly,2024-06-01,2024-06-30,21,State,Georgia,10853,-3.5,365000,1.39,45,8,15214,-2.06,54280,11.98,12949,-3.76,182.25,2.03
2026-09-03,Monthly,2024-06-01,2024-06-30,25,State,Hawaii,937,-12.09,800000,12.55,76,8,1377,11.76,6752,22.46,1172,2.71,703.9,2.07
2026-09-03,Monthly,2024-06-01,2024-06-30,27,State,Idaho,2216,-0.78,473139,5.14,47,10,2735,9.25,10698,17.18,2521,9.52,265.07,2.82
2026-09-03,Monthly,2024-06-01,2024-06-30,29,State,Illinois,10828,-5.12,315000,8.62,50,0,13124,3.16,42237,3.08,12878,-1.95,177.56,6.7
2026-09-03,Monthly,2024-06-01,2024-06-30,31,State,Indiana,6637,-0.91,270000,5.88,27,7,7741,6.56,21990,17,7898,6.22,144.48,3.93
2026-09-03,Monthly,2024-06-01,2024-06-30,33,State,Iowa,3013,-1.29,246000,4.68,33,7,3596,3.99,11767,15.59,3323,3.56,156.8,4.93
2026-09-03,Monthly,2024-06-01,2024-06-30,35,State,Kansas,2561,-9.25,275000,3.77,29,6,3172,4.06,9129,11.59,3012,2.62,142.5,6.01
2026-09-03,Monthly,2024-06-01,2024-06-30,37,State,Kentucky,3677,1.61,270000,5.88,39,8,4442,5.6,14488,18.32,4305,6.53,159.1,4.41
2026-09-03,Monthly,2024-06-01,2024-06-30,39,State,Louisiana,3265,-8.04,249700,0.89,65,6,4450,1.22,21154,15.15,3653,-3.55,144.92,0.65
2026-09-03,Monthly,2024-06-01,2024-06-30,41,State,Maine,1393,5.52,409500,6.36,51,9,1779,19.82,6293,33.09,1594,2.57,255.29,7.37
2026-09-03,Monthly,2024-06-01,2024-06-30,43,State,Maryland,5725,1.69,434995,5.42,32,5,6771,8.62,18691,16.26,6640,1.78,222.76,3.26
2026-09-03,Monthly,2024-06-01,2024-06-30,45,State,Massachusetts,5145,1.74,660000,6.45,23,1,6152,13,15117,18.78,5710,0.17,360.8,6.6
2026-09-03,Monthly,2024-06-01,2024-06-30,47,State,Michigan,9790,-2.53,275000,6.8,28,3,11717,3.09,33142,9.75,10613,-2.37,159.09,6.78
2026-09-03,Monthly,2024-06-01,2024-06-30,49,State,Minnesota,5588,-1.21,359990,2.85,32,5,6501,0.1,21884,6.12,5897,-4.05,188.87,2.93
2026-09-03,Monthly,2024-06-01,2024-06-30,51,State,Mississippi,1838,0.78,260000,0.81,43,6,2481,5.6,9805,21.75,2265,4.08,144.98,4.48
2026-09-03,Monthly,2024-06-01,2024-06-30,2,State,Missouri,6389,1.43,280000,6.06,33,12,7665,8.92,23772,26.54,7406,6.97,153.41,3.36
2026-09-03,Monthly,2024-06-01,2024-06-30,4,State,Montana,922,-1.56,499000,-0.18,75,9,1370,6,6384,19.78,1192,-1.18,277.61,3.17
2026-09-03,Monthly,2024-06-01,2024-06-30,6,State,Nebraska,1698,-1.51,305000,3.39,24,4,1958,-0.18,5897,11.86,1746,0.98,155.16,4.83
2026-09-03,Monthly,2024-06-01,2024-06-30,8,State,Nevada,3490,1.53,455000,6.31,49,0,4323,13.16,14158,14.87,4131,-0.22,266.05,4.98
2026-09-03,Monthly,2024-06-01,2024-06-30,10,State,New Hampshire,1362,-2.95,510000,7.37,34,1,1605,5.64,4596,13.09,1535,0.02,272.11,8.31
2026-09-03,Monthly,2024-06-01,2024-06-30,12,State,New Jersey,7070,-4.33,533000,11.62,36,-6,8456,3.92,26118,2.86,7937,-8.67,301.02,9.95
2026-09-03,Monthly,2024-06-01,2024-06-30,14,State,New Mexico,1589,-8.72,343690,2.9,42,10,2057,5.37,7701,21.21,1990,-2.5,197.98,3.05
2026-09-03,Monthly,2024-06-01,2024-06-30,16,State,New York,10625,-4.19,500000,8.7,33,-1,13516,7.27,45487,2.17,11828,-0.19,278.83,8.94
2026-09-03,Monthly,2024-06-01,2024-06-30,18,State,North Carolina,11857,-0.99,375000,2.74,42,2,14861,19.27,49789,23.78,13778,6.98,201.91,3.21
2026-09-03,Monthly,2024-06-01,2024-06-30,20,State,North Dakota,596,-7.56,295000,3.51,45,-30,685,-5.03,2614,-12.44,706,1.06,151.34,8.45
2026-09-03,Monthly,2024-06-01,2024-06-30,22,State,Ohio,10526,-0.91,255000,6.03,40,10,12149,4.47,35037,17.26,13449,3.09,156.23,7.48
2026-09-03,Monthly,2024-06-01,2024-06-30,23,State,Oklahoma,3859,-0.45,256401,3.42,30,10,4904,9.51,17649,23.08,4448,2.05,149.83,3.45
2026-09-03,Monthly,2024-06-01,2024-06-30,24,State,Oregon,3850,1.83,521750,3.32,38,9,4828,3.23,17069,19.95,4379,-32.66,297.56,1.69
2026-09-03,Monthly,2024-06-01,2024-06-30,26,State,Pennsylvania,10022,-1.02,302400,5.37,31,-1,12328,6.06,36476,7.95,11551,3.41,177.45,6.77
2026-09-03,Monthly,2024-06-01,2024-06-30,58,State,Puerto Rico,NA,NA,NA,NA,NA,NA,NA,NA,NA,NA,NA,NA,NA,NA
2026-09-03,Monthly,2024-06-01,2024-06-30,28,State,Rhode Island,862,-4.04,494000,12.27,23,-1,1073,12.39,2650,17.47,1042,11.04,268.37,8.93
2026-09-03,Monthly,2024-06-01,2024-06-30,30,State,South Carolina,7086,0.37,349000,2.28,63,9,8949,11.23,36278,23.15,8414,6.41,188.83,2.32
2026-09-03,Monthly,2024-06-01,2024-06-30,32,State,South Dakota,709,-4.39,326200,-0.24,61,7,896,-0.79,3724,13.48,821,2.07,183.8,3.25
2026-09-03,Monthly,2024-06-01,2024-06-30,34,State,Tennessee,7444,-5.97,375000,4.17,57,6,10125,10.5,38996,20.6,9479,1.82,207.88,2.65
2026-09-03,Monthly,2024-06-01,2024-06-30,36,State,Texas,26284,-3.79,347500,-0.71,55,13,39103,11.38,156096,29.64,32032,-1.26,179.74,0.94
2026-09-03,Monthly,2024-06-01,2024-06-30,38,State,Utah,3144,8.52,513000,2.6,42,3,4281,13.38,14667,20.23,3822,5.31,243.33,2.25
2026-09-03,Monthly,2024-06-01,2024-06-30,40,State,Vermont,580,-1.75,395000,1.94,52,9,763,20.13,2731,27.5,713,7.95,253.92,14.8
2026-09-03,Monthly,2024-06-01,2024-06-30,42,State,Virginia,8427,-0.02,431350,5.21,27,4,9694,6.43,26771,15.62,9506,1.59,220.85,6.74
2026-09-03,Monthly,2024-06-01,2024-06-30,44,State,Washington,7185,4.56,606000,3.24,18,4,8682,11.27,24269,26.45,7937,3.25,338.57,5.47
2026-09-03,Monthly,2024-06-01,2024-06-30,46,State,West Virginia,1200,11.5,242000,5.22,64,6,1453,18.4,5496,24.37,1361,17.91,141.01,6.62
2026-09-03,Monthly,2024-06-01,2024-06-30,48,State,Wisconsin,5450,4.52,325000,6.56,48,1,5881,0.37,19703,10.61,5873,2.69,181.14,7.46
2026-09-03,Monthly,2024-06-01,2024-06-30,50,State,Wyoming,565,-5.83,350000,-1.66,45,-22,746,9.02,2804,-0.77,672,13.53,186.49,13.25
2026-09-03,Monthly,2024-05-01,2024-05-31,1,State,Alabama,5012,-0.96,288993,1.76,51,5,6399,7.53,25261,19.79,5888,-1.08,154.67,1.41
2026-09-03,Monthly,2024-05-01,2024-05-31,3,State,Alaska,652,0.19,390000,0.94,28,-1,807,15.52,2465,15.25,752,1.59,229.25,3.05
2026-09-03,Monthly,2024-05-01,2024-05-31,5,State,Arizona,7857,-2.11,445000,3.49,56,3,10448,13.49,38717,23.36,9322,-5.63,260.06,1.78
2026-09-03,Monthly,2024-05-01,2024-05-31,7,State,Arkansas,3120,3.14,259000,3.6,47,9,3936,6.19,14761,24.07,3499,4.12,151.71,4.82
2026-09-03,Monthly,2024-05-01,2024-05-31,9,State,California,22681,0.1,765000,7.75,32,-1,29533,19.59,88337,24.33,25823,4.36,475.82,7.26
2026-09-03,Monthly,2024-05-01,2024-05-31,11,State,Colorado,7022,-2.41,560000,3.32,39,6,9522,15.31,31280,28.59,8142,-2.42,272.59,1.53
2026-09-03,Monthly,2024-05-01,2024-05-31,17,State,Columbia,541,-13.1,690000,2.22,49,-3,845,12.77,3285,14.43,576,-19.74,504.06,-1.53
2026-09-03,Monthly,2024-05-01,2024-05-31,13,State,Connecticut,3029,-3.74,395000,9.72,38,0,3349,0.23,9915,1.91,3472,-6.27,226.92,10.05
2026-09-03,Monthly,2024-05-01,2024-05-31,15,State,Delaware,1140,1.93,399945,11.1,40,4,1372,17.22,4408,19.26,1249,-0.6,212.81,5.23
2026-09-03,Monthly,2024-05-01,2024-05-31,19,State,Florida,31552,-2.94,397500,1.92,61,14,46312,14.28,201952,41.15,36141,-5.93,243.89,-0.73
2026-09-03,Monthly,2024-05-01,2024-05-31,21,State,Georgia,11107,-2,369000,3.94,44,4,15045,-5.33,53220,8.44,12674,-8.7,182.22,2.25
2026-09-03,Monthly,2024-05-01,2024-05-31,25,State,Hawaii,1038,1.07,749500,4.83,78,8,1462,18.91,6649,19.52,1172,0.03,747.59,12.15
2026-09-03,Monthly,2024-05-01,2024-05-31,27,State,Idaho,2236,7.33,470675,4.59,46,2,2689,3.69,10478,12.72,2390,-1.18,261.55,1.54
2026-09-03,Monthly,2024-05-01,2024-05-31,29,State,Illinois,11228,0.01,300000,9.09,49,-1,13102,3.62,42062,1.16,12507,-5.11,177.3,8.14
2026-09-03,Monthly,2024-05-01,2024-05-31,31,State,Indiana,6649,-0.5,265000,3.92,27,6,7712,6.76,21769,14.59,7571,-3.71,145.49,5.96
2026-09-03,Monthly,2024-05-01,2024-05-31,33,State,Iowa,3052,1.46,238500,6,33,7,3536,2.24,11579,14.21,3183,-7.66,152.97,4.6
2026-09-03,Monthly,2024-05-01,2024-05-31,35,State,Kansas,2654,-4.01,263000,1.17,28,5,2981,-0.98,8987,9.69,2908,-0.73,142.35,7.14
2026-09-03,Monthly,2024-05-01,2024-05-31,37,State,Kentucky,3677,1.57,265000,6,39,6,4432,7.33,14218,16.7,4163,1.1,160.42,6.66
2026-09-03,Monthly,2024-05-01,2024-05-31,39,State,Louisiana,3409,-0.95,246000,0.41,66,10,4459,0.82,21047,16.11,3646,-2.53,143.91,1.42
2026-09-03,Monthly,2024-05-01,2024-05-31,41,State,Maine,1378,0.77,399450,6.52,52,9,1720,12.55,6278,26.21,1597,3.8,257.67,9.18
2026-09-03,Monthly,2024-05-01,2024-05-31,43,State,Maryland,5776,-0.05,428125,4.64,31,3,6724,9.91,18387,12.08,6512,-2.31,222.64,4.28
2026-09-03,Monthly,2024-05-01,2024-05-31,45,State,Massachusetts,5116,0.93,634000,6.11,23,0,6306,7.68,15064,9.13,5594,-1.66,359.22,6.55
2026-09-03,Monthly,2024-05-01,2024-05-31,47,State,Michigan,9878,-0.62,270000,8,27,1,11762,3.15,33514,7.55,10656,-2.16,157.53,6.7
2026-09-03,Monthly,2024-05-01,2024-05-31,49,State,Minnesota,5756,7.11,352500,3.68,32,4,6396,-0.37,21363,12.21,5914,-2.26,188.01,2.53
2026-09-03,Monthly,2024-05-01,2024-05-31,51,State,Mississippi,1874,2.59,260000,2.48,42,3,2419,4.37,9643,20.29,2213,1.32,143.1,3.1
2026-09-03,Monthly,2024-05-01,2024-05-31,2,State,Missouri,6412,1.59,269000,5.49,29,6,7645,8.91,23449,22.7,7191,-1.02,155.27,5.59
2026-09-03,Monthly,2024-05-01,2024-05-31,4,State,Montana,930,-7.35,494950,3.33,75,8,1409,12.52,6274,16.17,1187,-10.39,281.97,5.29
2026-09-03,Monthly,2024-05-01,2024-05-31,6,State,Nebraska,1783,5.59,296500,3.85,22,4,1978,2.48,5809,11.91,1678,-0.8,155.68,3.93
2026-09-03,Monthly,2024-05-01,2024-05-31,8,State,Nevada,3537,1.44,450000,6.64,47,-6,4442,19.58,14040,8.96,4114,-0.28,264.47,6.14
2026-09-03,Monthly,2024-05-01,2024-05-31,10,State,New Hampshire,1440,8.44,500000,11.11,34,3,1643,7.99,4594,12.1,1519,-0.26,273.88,7.4
2026-09-03,Monthly,2024-05-01,2024-05-31,12,State,New Jersey,7240,0.21,515000,12.27,38,-6,8418,6.21,26205,0.73,8266,-3.83,299.39,11.14
2026-09-03,Monthly,2024-05-01,2024-05-31,14,State,New Mexico,1676,2.19,350000,6.38,41,4,2079,8.41,7560,18.79,1950,-5.68,199.46,4.98
2026-09-03,Monthly,2024-05-01,2024-05-31,16,State,New York,10782,-4.28,475000,7.95,32,-5,13680,6.57,46912,1.4,11509,-4.35,274.2,5.48
2026-09-03,Monthly,2024-05-01,2024-05-31,18,State,North Carolina,11910,-0.76,370000,2.21,40,1,14165,12.69,48424,18.08,13203,-0.86,201.98,3.98
2026-09-03,Monthly,2024-05-01,2024-05-31,20,State,North Dakota,638,13.22,296000,6.76,51,-20,703,-2.39,2696,-5.47,733,54.92,155.51,12.07
2026-09-03,Monthly,2024-05-01,2024-05-31,22,State,Ohio,10688,2.22,250000,7.3,39,9,12238,4.85,35059,14.46,13402,3.96,155.38,8.19
2026-09-03,Monthly,2024-05-01,2024-05-31,23,State,Oklahoma,3905,-1.49,250000,2.04,29,7,4847,7.58,17476,20.47,4408,-0.89,149.74,4.8
2026-09-03,Monthly,2024-05-01,2024-05-31,24,State,Oregon,3851,4.57,518000,3.6,36,2,4866,6.89,16968,20.54,4399,3.61,295.16,0.34
2026-09-03,Monthly,2024-05-01,2024-05-31,26,State,Pennsylvania,10451,1.56,285000,5.56,31,-1,12197,3.74,36593,4.73,11270,-3.83,178.03,7.69
2026-09-03,Monthly,2024-05-01,2024-05-31,58,State,Puerto Rico,NA,NA,NA,NA,NA,NA,NA,NA,NA,NA,NA,NA,NA,NA
2026-09-03,Monthly,2024-05-01,2024-05-31,28,State,Rhode Island,899,-0.55,465000,9.36,23,-3,1082,8.21,2644,8.58,945,-3.8,273.84,13.14
2026-09-03,Monthly,2024-05-01,2024-05-31,30,State,South Carolina,7050,-0.15,347033,2.22,63,7,8885,9.9,35779,20.35,8031,-1.53,189.2,2.29
2026-09-03,Monthly,2024-05-01,2024-05-31,32,State,South Dakota,735,4.77,334250,7.82,62,8,888,-0.13,3634,14.52,794,-2.47,185.43,2.22
2026-09-03,Monthly,2024-05-01,2024-05-31,34,State,Tennessee,8245,2.37,367000,4.71,56,5,9979,10.55,38720,17,9408,-0.94,207.68,3.27
2026-09-03,Monthly,2024-05-01,2024-05-31,36,State,Texas,26462,-4.04,349000,0.43,52,8,38156,7.77,154822,29.04,31458,-2.81,178.95,0.32
2026-09-03,Monthly,2024-05-01,2024-05-31,38,State,Utah,3121,3.84,517000,4.44,41,0,4245,15.16,14391,17.5,3762,6.39,241.5,2.65
2026-09-03,Monthly,2024-05-01,2024-05-31,40,State,Vermont,560,-2.17,409000,8.49,57,19,713,9.19,2630,21.88,652,-5.8,249.67,7.16
2026-09-03,Monthly,2024-05-01,2024-05-31,42,State,Virginia,8547,1.01,425000,4.42,28,3,9665,9.74,26485,12.58,9349,-3.78,218.87,5.95
2026-09-03,Monthly,2024-05-01,2024-05-31,44,State,Washington,7207,5.25,615000,5.49,16,0,8791,14.31,24039,22.91,7985,2.76,338.71,6.28
2026-09-03,Monthly,2024-05-01,2024-05-31,46,State,West Virginia,1229,20.98,245000,11.41,62,1,1390,13.95,5503,24.93,1678,45.87,140.52,6.75
2026-09-03,Monthly,2024-05-01,2024-05-31,48,State,Wisconsin,5541,6.4,315500,7.83,47,1,6086,7.7,19933,12.71,5825,2.16,180.91,7.84
2026-09-03,Monthly,2024-05-01,2024-05-31,50,State,Wyoming,578,1.21,347000,6.77,50,-16,725,2.71,2738,-1.79,667,17.74,183.32,10
2026-09-03,Monthly,2024-04-01,2024-04-30,1,State,Alabama,5041,-0.63,275000,0.04,52,5,6455,11.03,24884,16.92,6150,1,155.58,2.97
2026-09-03,Monthly,2024-04-01,2024-04-30,3,State,Alaska,610,-2.38,375000,4.2,25,-4,780,11.73,2382,5.8,778,1.97,230.36,4.76
2026-09-03,Monthly,2024-04-01,2024-04-30,5,State,Arizona,7774,-0.65,446000,6.19,54,-2,10184,9.49,37796,15.31,9482,-13.98,259.48,2.07
2026-09-03,Monthly,2024-04-01,2024-04-30,7,State,Arkansas,3152,4.04,255000,8.51,45,5,3977,12.59,14643,20.3,3590,-5.8,152.2,5.76
2026-09-03,Monthly,2024-04-01,2024-04-30,9,State,California,22466,5.46,759000,8.58,32,-4,28476,14.85,85287,14.96,25286,-1.14,469.63,5.83
2026-09-03,Monthly,2024-04-01,2024-04-30,11,State,Colorado,7075,-5.04,560000,4.67,37,0,9061,11.24,30060,19.39,8342,-2.89,270.67,2.98
2026-09-03,Monthly,2024-04-01,2024-04-30,17,State,Columbia,546,-10.51,699900,2.74,54,2,803,6.52,3220,10.46,603,-16.4,498.92,0.26
2026-09-03,Monthly,2024-04-01,2024-04-30,13,State,Connecticut,3031,-6.03,383764,9.65,37,-2,3379,1.47,10021,0.76,3547,-6.62,224.83,9.61
2026-09-03,Monthly,2024-04-01,2024-04-30,15,State,Delaware,1129,2,389995,7.44,40,5,1280,10.52,4329,15.97,1287,2.45,209.34,6.15
2026-09-03,Monthly,2024-04-01,2024-04-30,19,State,Florida,31103,-5.04,399550,4.03,59,10,45668,12.71,198221,36.83,37043,-5.61,244.66,0.54
2026-09-03,Monthly,2024-04-01,2024-04-30,21,State,Georgia,11188,-1.22,360000,3.75,42,0,15265,-0.32,52618,4.65,13252,-5.53,181.29,2.43
2026-09-03,Monthly,2024-04-01,2024-04-30,25,State,Hawaii,1051,0.6,783500,12.73,74,1,1352,8.02,6424,15.1,1231,5.01,706.65,1.13
2026-09-03,Monthly,2024-04-01,2024-04-30,27,State,Idaho,2293,-28.4,464990,15.63,44,-7,2869,23.48,10469,10.49,2451,-1.91,262.27,4.33
2026-09-03,Monthly,2024-04-01,2024-04-30,29,State,Illinois,11358,-1.26,291000,7.78,49,-1,12984,3.78,42069,-1.49,12709,-3.48,175.55,8.82
2026-09-03,Monthly,2024-04-01,2024-04-30,31,State,Indiana,6752,-0.01,250000,3.09,26,2,7578,6.19,21560,13.02,7806,-2.44,144.09,5.69
2026-09-03,Monthly,2024-04-01,2024-04-30,33,State,Iowa,3128,2.95,230000,6.98,34,6,3597,8.37,11668,15.17,3442,-2.4,152.16,3.36
2026-09-03,Monthly,2024-04-01,2024-04-30,35,State,Kansas,2808,4.16,248000,3.38,29,6,3048,0.3,9170,8.05,2991,-3.82,142.32,6.74
2026-09-03,Monthly,2024-04-01,2024-04-30,37,State,Kentucky,3686,1.02,255000,4.94,37,4,4350,6.03,14196,13.72,4149,-4.76,157.95,5.67
2026-09-03,Monthly,2024-04-01,2024-04-30,39,State,Louisiana,3514,-2.25,245000,2.3,63,10,4638,7.61,20812,15.95,3676,-4.62,143.18,0.72
2026-09-03,Monthly,2024-04-01,2024-04-30,41,State,Maine,1418,-0.58,385000,2.12,45,6,1646,10.83,6158,16.2,1554,-5.39,256.39,11.35
2026-09-03,Monthly,2024-04-01,2024-04-30,43,State,Maryland,5779,-0.86,412000,4.97,32,0,6399,7.17,18129,7.79,6529,-1.81,222.99,4.98
2026-09-03,Monthly,2024-04-01,2024-04-30,45,State,Massachusetts,5163,-0.56,615000,8.08,22,-1,5952,9.43,14692,0.83,5656,-0.56,356.99,8.21
2026-09-03,Monthly,2024-04-01,2024-04-30,47,State,Michigan,10122,1.68,255000,7.48,26,-1,11789,3.13,34010,5.85,10677,-2.4,157.66,8.48
2026-09-03,Monthly,2024-04-01,2024-04-30,49,State,Minnesota,5788,5.84,351000,4.15,31,1,6568,10.31,19332,22.15,6189,7.42,188.31,3.3
2026-09-03,Monthly,2024-04-01,2024-04-30,51,State,Mississippi,1872,0.84,237000,-3.27,41,-1,2576,19.6,9569,18.73,2224,-2.95,142.84,4.41
2026-09-03,Monthly,2024-04-01,2024-04-30,2,State,Missouri,6480,1.15,260000,6.12,29,4,7676,11.18,23460,19.77,7681,3.64,153.82,5.76
2026-09-03,Monthly,2024-04-01,2024-04-30,4,State,Montana,967,2.95,495000,5.54,74,11,1362,20.8,6189,12.83,1196,-9.68,280.59,5.9
2026-09-03,Monthly,2024-04-01,2024-04-30,6,State,Nebraska,1808,8.49,285000,3.64,23,2,2023,13.36,5791,12.06,1802,6.05,155.9,5.28
2026-09-03,Monthly,2024-04-01,2024-04-30,8,State,Nevada,3497,3.98,447000,8.68,44,-14,4098,12.21,13785,-0.32,4101,-0.59,261.91,5.72
2026-09-03,Monthly,2024-04-01,2024-04-30,10,State,New Hampshire,1433,3.94,470000,9.49,34,1,1593,5.7,4477,7.62,1545,-0.11,269.47,8.57
2026-09-03,Monthly,2024-04-01,2024-04-30,12,State,New Jersey,7282,-4.44,491500,14.3,38,-7,8195,6.77,26173,-2.88,8212,-5.41,296.65,10.63
2026-09-03,Monthly,2024-04-01,2024-04-30,14,State,New Mexico,1648,-0.15,339700,5.53,40,6,2096,21.73,7401,16.97,2021,-1.8,198.76,5.42
2026-09-03,Monthly,2024-04-01,2024-04-30,16,State,New York,10728,-2.42,460000,8.24,32,-8,13118,2.25,47047,-2.51,11683,-2.67,273.95,9.36
2026-09-03,Monthly,2024-04-01,2024-04-30,18,State,North Carolina,11923,-2.89,367460,4.1,39,-1,14143,12.02,47839,14.31,13481,-1.94,200.59,4.19
2026-09-03,Monthly,2024-04-01,2024-04-30,20,State,North Dakota,658,11.97,285000,5.75,66,-9,774,26.24,3181,15.79,768,66.58,154.86,11.95
2026-09-03,Monthly,2024-04-01,2024-04-30,22,State,Ohio,10858,1.35,230000,4.55,40,6,11958,4.14,34829,9.14,13429,0.98,154.39,8.45
2026-09-03,Monthly,2024-04-01,2024-04-30,23,State,Oklahoma,3989,4.07,242500,4.53,32,4,5017,11.39,17179,15.96,4424,-3.48,150.02,4.76
2026-09-03,Monthly,2024-04-01,2024-04-30,24,State,Oregon,3890,4.02,505000,3.06,39,3,4969,16.01,16694,16.1,4442,2.45,296.75,2.61
2026-09-03,Monthly,2024-04-01,2024-04-30,26,State,Pennsylvania,10468,-1.21,274450,6.79,32,-1,11991,1.28,37210,2,11634,-1.4,176.23,7.4
2026-09-03,Monthly,2024-04-01,2024-04-30,58,State,Puerto Rico,NA,NA,NA,NA,NA,NA,NA,NA,NA,NA,NA,NA,NA,NA
2026-09-03,Monthly,2024-04-01,2024-04-30,28,State,Rhode Island,907,-3.53,450000,8.7,24,-5,1053,8.27,2692,4.47,998,2.47,269.75,12.27
2026-09-03,Monthly,2024-04-01,2024-04-30,30,State,South Carolina,7112,0.52,345000,4.86,63,4,8827,10.23,35580,18.18,8128,-4.09,190.15,3.73
2026-09-03,Monthly,2024-04-01,2024-04-30,32,State,South Dakota,767,24.58,311000,-1.97,68,14,937,6.59,3672,20.53,824,0.04,182.79,0.84
2026-09-03,Monthly,2024-04-01,2024-04-30,34,State,Tennessee,8215,3.01,359995,5.88,55,2,10030,12.69,38294,15.88,9602,0.06,207.58,4.01
2026-09-03,Monthly,2024-04-01,2024-04-30,36,State,Texas,27433,-0.45,344570,1.37,52,6,38640,11.56,152698,26.29,32199,-2.61,179.97,1.17
2026-09-03,Monthly,2024-04-01,2024-04-30,38,State,Utah,3128,3.76,510000,5.97,43,-2,4245,18.61,14218,12.46,3783,4.76,243.2,4.28
2026-09-03,Monthly,2024-04-01,2024-04-30,40,State,Vermont,564,-11.88,424750,14.8,46,-2,660,4.17,2562,20.82,660,-3.18,241.02,5.42
2026-09-03,Monthly,2024-04-01,2024-04-30,42,State,Virginia,8492,-0.28,417000,6.92,27,0,9283,5.06,26006,8.07,9602,0.25,217.18,6.21
2026-09-03,Monthly,2024-04-01,2024-04-30,44,State,Washington,7248,4.58,609998,7.02,16,-4,8763,18.64,23806,15.16,8244,4.33,336.58,6.17
2026-09-03,Monthly,2024-04-01,2024-04-30,46,State,West Virginia,1111,-0.61,244965,8.87,56,-4,1415,16.27,5393,21.65,1179,0.34,140.17,7.17
2026-09-03,Monthly,2024-04-01,2024-04-30,48,State,Wisconsin,5563,7.21,304950,8.04,47,0,6140,12.38,20064,14.01,6029,4.91,177.63,6.98
2026-09-03,Monthly,2024-04-01,2024-04-30,50,State,Wyoming,627,19.48,330000,6.31,52,-12,756,19.78,2763,5.11,713,38.15,179.93,9.59
2026-09-03,Monthly,2024-03-01,2024-03-31,1,State,Alabama,5019,-2.1,280000,1.87,50,4,6313,9.32,24482,13.95,6025,0.9,155.69,4.35
2026-09-03,Monthly,2024-03-01,2024-03-31,3,State,Alaska,649,0.67,375000,7.17,19,-11,745,-1.55,2309,-0.3,767,5.86,231.62,7.18
2026-09-03,Monthly,2024-03-01,2024-03-31,5,State,Arizona,7702,-3.04,439000,6.81,53,-6,10317,12.97,37055,8.84,9602,-1.84,260.49,3.78
2026-09-03,Monthly,2024-03-01,2024-03-31,7,State,Arkansas,3017,-2.38,250000,2.04,43,2,3894,10.92,14412,15.49,3444,3.11,151.02,7.64
2026-09-03,Monthly,2024-03-01,2024-03-31,9,State,California,22262,0.64,730040,6.58,31,-9,28713,19.74,84178,8.78,25473,5.65,462.97,4.27
2026-09-03,Monthly,2024-03-01,2024-03-31,11,State,Colorado,7243,-4.02,550000,4.36,39,2,8904,7.77,29594,13.67,8433,-0.69,271.71,4.05
2026-09-03,Monthly,2024-03-01,2024-03-31,17,State,Columbia,547,-8.29,643000,0.47,46,-2,846,0.97,3183,7.91,632,-6.94,502.09,-1.89
2026-09-03,Monthly,2024-03-01,2024-03-31,13,State,Connecticut,3079,-7.19,370000,12.46,34,-5,3336,-1.51,10096,-2.95,3631,-0.02,223.97,10.96
2026-09-03,Monthly,2024-03-01,2024-03-31,15,State,Delaware,1103,-7.36,377000,7.72,37,6,1307,13.73,4262,13.35,1209,-1.37,209.81,7.16
2026-09-03,Monthly,2024-03-01,2024-03-31,19,State,Florida,31020,-4.45,393900,3.66,57,9,45615,14,193656,32.62,36061,-6.2,245.99,1.09
2026-09-03,Monthly,2024-03-01,2024-03-31,21,State,Georgia,11281,-1,355000,4.72,41,-1,14998,-6.04,52353,1.23,13168,-5.36,180.85,3.19
2026-09-03,Monthly,2024-03-01,2024-03-31,25,State,Hawaii,986,-5.79,795000,7.43,74,1,1404,24.19,6290,12.75,1239,14.03,713.46,4.14
2026-09-03,Monthly,2024-03-01,2024-03-31,27,State,Idaho,2239,-1.21,454259,5.67,45,-16,2717,16.36,10301,4.23,2541,6.27,260.17,2.58
2026-09-03,Monthly,2024-03-01,2024-03-31,29,State,Illinois,11495,-3.51,280000,9.8,45,-4,13115,2.8,41951,-5.22,13009,-0.23,174.6,8.85
2026-09-03,Monthly,2024-03-01,2024-03-31,31,State,Indiana,6742,-2.83,249900,6.87,26,1,7754,7.77,21492,8.3,7920,-0.23,144.21,7.28
2026-09-03,Monthly,2024-03-01,2024-03-31,33,State,Iowa,3089,-1.05,220000,4.14,33,-3,3681,10.89,11646,12.33,3421,2.22,155.1,6.3
2026-09-03,Monthly,2024-03-01,2024-03-31,35,State,Kansas,2777,1.66,248000,7.83,27,3,3268,12.8,9331,9.73,2988,-0.06,143.16,10.38
2026-09-03,Monthly,2024-03-01,2024-03-31,37,State,Kentucky,3752,-0.31,253000,8.82,35,3,4507,12.33,14453,12.43,4288,2,156.87,4.68
2026-09-03,Monthly,2024-03-01,2024-03-31,39,State,Louisiana,3581,2.01,240000,0.42,62,12,4410,-0.39,20430,13.16,3794,-1.09,142.8,1.22
2026-09-03,Monthly,2024-03-01,2024-03-31,41,State,Maine,1491,8.34,384500,13.25,41,4,1713,9.49,6301,15.98,1663,3.44,250.31,7.9
2026-09-03,Monthly,2024-03-01,2024-03-31,43,State,Maryland,5907,-1.6,400000,6.67,28,-4,6410,3.87,18215,3.11,6625,-0.7,222.79,5.32
2026-09-03,Monthly,2024-03-01,2024-03-31,45,State,Massachusetts,5215,-1.14,600000,9.09,21,-2,5947,0.75,15737,2.34,5938,6,351.66,4.45
2026-09-03,Monthly,2024-03-01,2024-03-31,47,State,Michigan,9907,-4.08,245000,6.57,25,-5,11763,2.67,34030,3.22,10865,-0.33,156.53,8.39
2026-09-03,Monthly,2024-03-01,2024-03-31,49,State,Minnesota,5788,3.9,335000,4.69,30,0,6658,13.23,17367,19.03,6268,11.51,187.82,3.95
2026-09-03,Monthly,2024-03-01,2024-03-31,51,State,Mississippi,1858,0.6,250000,3.84,42,-1,2552,9.77,9469,12.67,2338,5.01,141.16,4.32
2026-09-03,Monthly,2024-03-01,2024-03-31,2,State,Missouri,6519,1.73,249900,4.81,28,2,7747,10.59,23364,14.3,7547,1.53,153.31,5.19
2026-09-03,Monthly,2024-03-01,2024-03-31,4,State,Montana,1009,6.67,497900,10.64,71,7,1258,15.4,6149,9.91,1261,6.42,279.58,5.66
2026-09-03,Monthly,2024-03-01,2024-03-31,6,State,Nebraska,1764,0.35,285000,5.17,22,-2,2110,15.19,5777,7.59,1752,7.62,155.86,6.44
2026-09-03,Monthly,2024-03-01,2024-03-31,8,State,Nevada,3378,-1.49,441250,7.62,41,-23,4234,24.82,13998,-3.98,4226,8.58,262.36,7.5
2026-09-03,Monthly,2024-03-01,2024-03-31,10,State,New Hampshire,1455,7.99,474933,13.08,33,0,1598,5.77,4514,4.72,1561,2.82,273.7,11.23
2026-09-03,Monthly,2024-03-01,2024-03-31,12,State,New Jersey,7238,-6.61,475000,11.76,37,-8,8427,4.83,26388,-7.17,8374,-4.02,292.71,8.91
2026-09-03,Monthly,2024-03-01,2024-03-31,14,State,New Mexico,1633,-1.97,329950,4.75,38,0,1973,7.89,7181,9.38,1978,-4.77,199.34,6.57
2026-09-03,Monthly,2024-03-01,2024-03-31,16,State,New York,10349,-1.7,425000,4.12,33,-10,13525,5.05,48889,-3.74,12028,-0.7,272.84,8.24
2026-09-03,Monthly,2024-03-01,2024-03-31,18,State,North Carolina,12047,-2.7,360000,2.89,37,-4,14302,10.04,47537,10.52,13763,1.8,200.55,3.8
2026-09-03,Monthly,2024-03-01,2024-03-31,20,State,North Dakota,650,5.72,284900,11.73,65,-7,759,30.09,3184,14.95,739,45.67,153.27,12.84
2026-09-03,Monthly,2024-03-01,2024-03-31,22,State,Ohio,11055,-1.05,225000,7.78,33,-2,12106,3.53,34994,5.08,13519,1.76,153.45,8.15
2026-09-03,Monthly,2024-03-01,2024-03-31,23,State,Oklahoma,3990,3.55,240000,2.13,42,7,4902,7.67,17003,13.06,4542,4.05,149.33,3.77
2026-09-03,Monthly,2024-03-01,2024-03-31,24,State,Oregon,3811,-0.38,490000,2.08,38,3,4814,12.62,16494,10.54,4550,7.52,294.98,1.52
2026-09-03,Monthly,2024-03-01,2024-03-31,26,State,Pennsylvania,10797,-0.77,265000,6,32,-1,12168,2.81,37772,0.26,11611,1.5,174.04,6.15
2026-09-03,Monthly,2024-03-01,2024-03-31,58,State,Puerto Rico,NA,NA,NA,NA,NA,NA,NA,NA,NA,NA,NA,NA,NA,NA
2026-09-03,Monthly,2024-03-01,2024-03-31,28,State,Rhode Island,939,0.91,445000,11.25,22,-9,1018,4.28,2751,0.51,991,1.96,264.29,10.32
2026-09-03,Monthly,2024-03-01,2024-03-31,30,State,South Carolina,7093,-0.32,339915,5.24,59,-1,8762,7.65,35056,13.94,8238,1.66,186.15,2.15
2026-09-03,Monthly,2024-03-01,2024-03-31,32,State,South Dakota,761,18.2,314850,6.73,67,12,881,12.47,3626,24.32,855,13.19,183.3,2.37
2026-09-03,Monthly,2024-03-01,2024-03-31,34,State,Tennessee,8185,-1.58,355000,4.41,56,3,10075,11.87,38319,11.65,9658,1.95,207.36,4.71
2026-09-03,Monthly,2024-03-01,2024-03-31,36,State,Texas,27414,-0.48,339900,1.49,49,3,38436,9.34,149709,20.9,32058,-5.61,180.09,1.05
2026-09-03,Monthly,2024-03-01,2024-03-31,38,State,Utah,3219,1.06,499900,2.65,41,-6,4232,21.67,14172,7.23,3810,7.79,243.98,3.74
2026-09-03,Monthly,2024-03-01,2024-03-31,40,State,Vermont,601,4.23,372500,7.97,45,6,724,20.44,2663,19.55,692,5.5,243.46,10.43
2026-09-03,Monthly,2024-03-01,2024-03-31,42,State,Virginia,8521,-1.07,399900,8.08,26,-2,9478,6.56,26298,5.8,9682,1.77,215.52,4.94
2026-09-03,Monthly,2024-03-01,2024-03-31,44,State,Washington,7079,-1.59,598000,6.79,16,-10,8572,9.55,23591,8.18,8085,3.87,334.85,4.63
2026-09-03,Monthly,2024-03-01,2024-03-31,46,State,West Virginia,1124,-2.02,235000,17.5,56,0,1461,27.93,5303,18.08,1160,-2.22,139.77,7.65
2026-09-03,Monthly,2024-03-01,2024-03-31,48,State,Wisconsin,5562,6.64,298900,8.69,47,0,6225,13.84,19976,12.06,6200,14.1,177.62,8.1
2026-09-03,Monthly,2024-03-01,2024-03-31,50,State,Wyoming,645,16.58,334500,4.53,49,-8,684,19.44,2760,6.56,744,40.9,173.78,5.43
2026-09-03,Monthly,2024-02-01,2024-02-29,1,State,Alabama,5112,-3.5,274900,4.92,51,5,6480,15.5,24302,12.95,6130,3.1,155.43,4.96
2026-09-03,Monthly,2024-02-01,2024-02-29,3,State,Alaska,623,-0.55,360000,1.41,24,-2,748,0.21,2330,2.77,735,-1.85,228.23,4.76
2026-09-03,Monthly,2024-02-01,2024-02-29,5,State,Arizona,7848,-1.93,434183,7.21,52,-13,9965,5.16,36386,1.97,9743,-4.71,260.48,3.43
2026-09-03,Monthly,2024-02-01,2024-02-29,7,State,Arkansas,3063,-3.81,239000,2.8,44,5,3861,7.35,14308,12.01,3549,4.08,150.54,7.33
2026-09-03,Monthly,2024-02-01,2024-02-29,9,State,California,22413,1.85,715000,9.49,30,-13,27565,5.25,83369,-0.83,25424,-3.98,461.49,5.58
2026-09-03,Monthly,2024-02-01,2024-02-29,11,State,Colorado,7540,-0.11,534950,3.67,39,-1,9036,11.24,29744,9.81,8485,-4.25,272.31,4.32
2026-09-03,Monthly,2024-02-01,2024-02-29,17,State,Columbia,560,-11.54,589000,-4.15,46,-11,843,8.39,3167,7.4,654,-12.38,496.16,-0.1
2026-09-03,Monthly,2024-02-01,2024-02-29,13,State,Connecticut,3001,-10.53,355000,14.15,35,-5,3328,-11.62,10307,-4.99,3620,-8.29,219.57,8.2
2026-09-03,Monthly,2024-02-01,2024-02-29,15,State,Delaware,1150,-10.82,370990,6,35,2,1337,2.58,4236,9.53,1185,-13.17,205.96,4.24
2026-09-03,Monthly,2024-02-01,2024-02-29,19,State,Florida,31133,-3.17,386420,4.44,55,8,45200,14.12,188010,27.46,37140,-5.26,245.79,1
2026-09-03,Monthly,2024-02-01,2024-02-29,21,State,Georgia,11186,-4.64,349990,6.06,40,-2,15430,-1.47,51865,-2.78,13522,-3.97,181.28,3.78
2026-09-03,Monthly,2024-02-01,2024-02-29,25,State,Hawaii,1060,1.31,735000,8.09,73,5,1271,11.28,6126,8.16,1236,14.61,694.49,0.34
2026-09-03,Monthly,2024-02-01,2024-02-29,27,State,Idaho,2251,-6.63,444000,3.28,43,-17,2578,5.59,10294,-2.47,2338,-14.09,260.12,2.75
2026-09-03,Monthly,2024-02-01,2024-02-29,29,State,Illinois,11299,-5.4,267500,11.5,46,-4,13141,1.41,41622,-9.44,12626,-9.89,172.54,8.23
2026-09-03,Monthly,2024-02-01,2024-02-29,31,State,Indiana,6776,-2.7,239900,4.35,27,0,7934,1.76,21952,7.63,8075,-2.36,142.6,5.16
2026-09-03,Monthly,2024-02-01,2024-02-29,33,State,Iowa,2991,-4.04,215000,9.69,34,-2,3708,13.1,11467,8.85,3372,-4.42,151.76,6.09
2026-09-03,Monthly,2024-02-01,2024-02-29,35,State,Kansas,2749,-3.53,250000,10.82,27,2,3083,-0.74,9178,3.71,3059,-0.95,142.11,8.85
2026-09-03,Monthly,2024-02-01,2024-02-29,37,State,Kentucky,3674,-3.11,250000,8.7,37,4,4680,4.34,14556,7.42,4336,-3.48,158.38,7.53
2026-09-03,Monthly,2024-02-01,2024-02-29,39,State,Louisiana,3372,-4.82,235000,0,63,13,4332,3.86,20293,13.59,3701,-6.87,143.09,2.45
2026-09-03,Monthly,2024-02-01,2024-02-29,41,State,Maine,1456,-3.28,354500,7.42,45,9,1848,21.34,6297,14.14,1751,3.47,254.9,10.18
2026-09-03,Monthly,2024-02-01,2024-02-29,43,State,Maryland,5704,-7.31,399000,7.26,27,-3,6811,6.15,18309,1.53,6628,-3.3,220.55,4.97
2026-09-03,Monthly,2024-02-01,2024-02-29,45,State,Massachusetts,5062,-6.22,550000,8.7,21,-4,6149,1.2,16384,1.08,5860,-6.28,350.56,5.65
2026-09-03,Monthly,2024-02-01,2024-02-29,47,State,Michigan,9895,-5.62,235000,8.29,25,-3,11761,1.24,33398,-3.19,10712,-6.42,154.28,5.34
2026-09-03,Monthly,2024-02-01,2024-02-29,49,State,Minnesota,5798,1.6,330000,4.76,29,-1,6875,17.93,15647,21.65,6345,7.24,187.97,4.07
2026-09-03,Monthly,2024-02-01,2024-02-29,51,State,Mississippi,1869,1.27,249500,3.67,38,-1,2541,17.93,9426,16.34,2316,-82.21,142.45,6.07
2026-09-03,Monthly,2024-02-01,2024-02-29,2,State,Missouri,6410,-4.07,239000,5.52,28,1,7669,6.04,23108,8.75,7685,-0.85,152.96,6.88
2026-09-03,Monthly,2024-02-01,2024-02-29,4,State,Montana,1000,-3.63,475000,1.09,73,6,1284,15.03,6149,6.49,1219,-6.32,280.86,10.72
2026-09-03,Monthly,2024-02-01,2024-02-29,6,State,Nebraska,1695,-1.15,275000,5.77,22,-1,2099,15.82,5716,4.38,1771,9.53,152.65,2.79
2026-09-03,Monthly,2024-02-01,2024-02-29,8,State,Nevada,3512,5.04,440000,9.05,39,-30,4208,20.9,14028,-11.53,4068,-1.35,260.87,5.29
2026-09-03,Monthly,2024-02-01,2024-02-29,10,State,New Hampshire,1458,4.68,450000,12.52,33,1,1613,3.6,4648,3.93,1581,-0.59,267.92,8.88
2026-09-03,Monthly,2024-02-01,2024-02-29,12,State,New Jersey,7083,-6.78,460000,13.58,36,-12,8746,1.1,26442,-10.76,8394,-9.94,292.68,10.58
2026-09-03,Monthly,2024-02-01,2024-02-29,14,State,New Mexico,1666,-0.61,324900,5.83,42,3,1950,5.99,7120,7.18,1919,-11.16,196.99,5.03
2026-09-03,Monthly,2024-02-01,2024-02-29,16,State,New York,9879,-4.36,425000,3.67,34,-6,13571,-0.6,49743,-6.28,11903,-4.09,266.72,10.2
2026-09-03,Monthly,2024-02-01,2024-02-29,18,State,North Carolina,11901,-4.89,354120,4.67,38,-3,15008,13.38,47452,7.62,13799,-2.62,201.15,4.96
2026-09-03,Monthly,2024-02-01,2024-02-29,20,State,North Dakota,612,-7.93,255000,2,65,-10,771,12.03,3187,8.55,718,28,149.79,7.46
2026-09-03,Monthly,2024-02-01,2024-02-29,22,State,Ohio,11042,-0.62,220000,10.06,32,-3,12458,-1.33,35229,0.61,13698,-0.12,152.12,8.49
2026-09-03,Monthly,2024-02-01,2024-02-29,23,State,Oklahoma,3841,-6.44,237000,6.59,49,9,5014,11.63,16813,11.19,4553,2.75,147.86,4.18
2026-09-03,Monthly,2024-02-01,2024-02-29,24,State,Oregon,3882,-2.86,485000,2.89,38,2,4616,5.24,16398,4.7,4301,-5.15,295.98,1.23
2026-09-03,Monthly,2024-02-01,2024-02-29,26,State,Pennsylvania,10429,-4.27,255000,8.51,32,-3,12059,-0.79,37624,-3.97,11915,-4.22,173.41,6.33
2026-09-03,Monthly,2024-02-01,2024-02-29,58,State,Puerto Rico,NA,NA,NA,NA,NA,NA,NA,NA,NA,NA,NA,NA,NA,NA
2026-09-03,Monthly,2024-02-01,2024-02-29,28,State,Rhode Island,899,2.34,433900,11.26,27,-1,1050,-5.39,2798,-6.93,1011,-10.6,261.21,10.33
2026-09-03,Monthly,2024-02-01,2024-02-29,30,State,South Carolina,7143,-0.03,331000,6.01,58,-6,8841,11.96,34802,12.36,8229,-2.2,188.43,3.48
2026-09-03,Monthly,2024-02-01,2024-02-29,32,State,South Dakota,745,5.23,299900,0.68,63,8,912,22.56,3611,23.34,803,0.37,184.58,2.79
2026-09-03,Monthly,2024-02-01,2024-02-29,34,State,Tennessee,7985,-4.09,350000,6.06,56,4,10354,16.56,37931,11.07,9510,-2.88,206.21,4.47
2026-09-03,Monthly,2024-02-01,2024-02-29,36,State,Texas,27342,-1.78,335000,1.55,49,3,38028,8.99,146621,15.33,32161,-3.77,180.38,1.88
2026-09-03,Monthly,2024-02-01,2024-02-29,38,State,Utah,3141,-3.86,493675,5.6,39,-11,4163,8.21,14418,1.54,3813,1.62,243.13,3.36
2026-09-03,Monthly,2024-02-01,2024-02-29,40,State,Vermont,592,4.31,345000,9.52,43,1,760,14.09,2592,16.49,709,3.74,241.66,10.22
2026-09-03,Monthly,2024-02-01,2024-02-29,42,State,Virginia,8435,-5.45,380000,3.83,27,-1,10048,8.64,26826,4.98,9615,-5.77,215.12,6.53
2026-09-03,Monthly,2024-02-01,2024-02-29,44,State,Washington,7026,-2.63,580000,5.45,18,-11,8472,9.67,23466,1.21,7829,-8.87,334.67,6
2026-09-03,Monthly,2024-02-01,2024-02-29,46,State,West Virginia,1145,1.62,230000,15.58,59,-1,1460,16.82,5056,10.58,1176,-0.91,139,7.55
2026-09-03,Monthly,2024-02-01,2024-02-29,48,State,Wisconsin,5499,3.09,275000,5.77,46,-1,6157,10.54,19719,8.98,6041,2.85,177.54,9.03
2026-09-03,Monthly,2024-02-01,2024-02-29,50,State,Wyoming,585,-4.53,320000,3.56,54,-13,699,15.92,2806,7.34,726,26.33,177.18,11.21
2026-09-03,Monthly,2024-01-01,2024-01-31,1,State,Alabama,5017,-3.29,266500,5.34,49,4,6068,0.81,23930,7.82,6110,-4.97,154.53,4.56
2026-09-03,Monthly,2024-01-01,2024-01-31,3,State,Alaska,616,3.73,349000,-1.69,20,-7,744,-0.77,2400,5.83,743,-2.09,231.52,7.76
2026-09-03,Monthly,2024-01-01,2024-01-31,5,State,Arizona,7699,-1.65,425000,6.25,51,-9,10003,5.44,35835,-3.09,9882,-3.37,262.51,4.19
2026-09-03,Monthly,2024-01-01,2024-01-31,7,State,Arkansas,3008,0.15,239000,7.66,42,2,3572,-5.87,14093,10.32,3482,1.64,149.86,4.66
2026-09-03,Monthly,2024-01-01,2024-01-31,9,State,California,22235,4.96,675000,4.65,31,-8,27548,4.85,85185,-4.03,26494,-1.23,461.57,5.7
2026-09-03,Monthly,2024-01-01,2024-01-31,11,State,Colorado,6950,-3.24,524900,5,36,-1,8881,9.28,29603,4.82,8805,0.23,272.71,4.78
2026-09-03,Monthly,2024-01-01,2024-01-31,17,State,Columbia,515,-2.94,610000,9.91,48,3,879,8.12,3069,1.98,614,-13.6,498.41,-2.45
2026-09-03,Monthly,2024-01-01,2024-01-31,13,State,Connecticut,3056,-9.2,357250,15.24,36,-4,3476,-9.22,10133,-7.7,3471,-13.38,219.57,9.48
2026-09-03,Monthly,2024-01-01,2024-01-31,15,State,Delaware,1067,-5.8,365000,7.83,34,2,1320,-0.76,4168,6.73,1277,-6.83,205.33,3.09
2026-09-03,Monthly,2024-01-01,2024-01-31,19,State,Florida,29619,-3.34,381928,4.48,53,8,44806,13.63,181634,21.99,36738,-5.75,249.08,3.07
2026-09-03,Monthly,2024-01-01,2024-01-31,21,State,Georgia,11189,-2.16,341500,7.39,40,-2,15362,-5.83,51336,-6.28,13618,-3.02,180.47,3.04
2026-09-03,Monthly,2024-01-01,2024-01-31,25,State,Hawaii,991,5.26,740000,8.03,73,8,1291,12.06,6044,6.39,1282,27.57,693.55,0.29
2026-09-03,Monthly,2024-01-01,2024-01-31,27,State,Idaho,2176,1.16,434990,2.35,41,-8,2421,-4.27,10339,-7.51,2323,-14.9,258.2,3.58
2026-09-03,Monthly,2024-01-01,2024-01-31,29,State,Illinois,11277,-1.84,257500,10.52,46,-7,12659,-7.03,41756,-12.11,12425,-13.45,170.57,8.32
2026-09-03,Monthly,2024-01-01,2024-01-31,31,State,Indiana,6697,-3.93,234950,9.28,27,1,7791,0.84,21702,4.19,8008,-2.95,142.45,6.4
2026-09-03,Monthly,2024-01-01,2024-01-31,33,State,Iowa,3103,-0.21,215000,10.26,33,-4,3039,-9.49,11167,0.62,3236,-10.52,153.94,6.31
2026-09-03,Monthly,2024-01-01,2024-01-31,35,State,Kansas,2666,-2.91,235000,5.86,26,1,2972,-7.61,9041,0.72,3029,-1.11,141.66,6.13
2026-09-03,Monthly,2024-01-01,2024-01-31,37,State,Kentucky,3602,-5.12,240000,7.99,35,1,4377,-4.38,14265,4.82,4264,-5.35,157,7.44
2026-09-03,Monthly,2024-01-01,2024-01-31,39,State,Louisiana,3312,-2.39,230000,0.22,63,8,4250,-4.02,20026,12.5,3682,-6.11,144.14,4.49
2026-09-03,Monthly,2024-01-01,2024-01-31,41,State,Maine,1383,-5,362000,9.7,44,6,1832,17.94,6091,9.26,1700,-0.07,248.22,11.58
2026-09-03,Monthly,2024-01-01,2024-01-31,43,State,Maryland,5531,-3.05,380000,7.04,28,-2,6707,0.15,17875,-4.18,6662,-4.84,220.28,4.06
2026-09-03,Monthly,2024-01-01,2024-01-31,45,State,Massachusetts,4965,-8.19,560000,9.38,21,-3,6529,5.91,15970,-3.71,5931,-4.76,355.15,9.82
2026-09-03,Monthly,2024-01-01,2024-01-31,47,State,Michigan,9964,-3.07,224500,11.14,24,-4,10434,-10.6,32963,-6.59,10783,-5.35,153.39,6.93
2026-09-03,Monthly,2024-01-01,2024-01-31,49,State,Minnesota,5746,3.42,317000,4.12,29,0,6986,15.47,14789,12.61,6348,2.62,187.12,4.1
2026-09-03,Monthly,2024-01-01,2024-01-31,51,State,Mississippi,1869,2.12,230000,2.22,43,6,2395,9.36,9325,16.2,2380,19.85,142.31,5.72
2026-09-03,Monthly,2024-01-01,2024-01-31,2,State,Missouri,6444,-1.78,239900,7.63,28,2,7164,-2.11,22395,2.97,7404,-7.33,151.99,6.44
2026-09-03,Monthly,2024-01-01,2024-01-31,4,State,Montana,973,2.38,469000,-0.72,69,3,1206,-1.65,6048,2.44,1199,-1.7,276.31,7.16
2026-09-03,Monthly,2024-01-01,2024-01-31,6,State,Nebraska,1792,8.13,275000,5.77,23,-1,1656,-10.7,5437,-1.81,1674,-5.03,151.31,1.95
2026-09-03,Monthly,2024-01-01,2024-01-31,8,State,Nevada,3347,11.21,425000,6.25,42,-20,4182,21.13,13915,-17.2,4177,5.37,262.16,6.21
2026-09-03,Monthly,2024-01-01,2024-01-31,10,State,New Hampshire,1466,9.15,440000,10.02,31,-1,1610,1.67,4547,-0.38,1566,-5.52,264.62,7.11
2026-09-03,Monthly,2024-01-01,2024-01-31,12,State,New Jersey,6873,-9.16,475000,13.37,36,-12,8618,-1.07,25766,-14.38,8022,-11.93,289.84,10.73
2026-09-03,Monthly,2024-01-01,2024-01-31,14,State,New Mexico,1575,-3.76,325000,8.37,39,-1,1997,6.21,7099,3.01,2000,-4.18,195.53,5.09
2026-09-03,Monthly,2024-01-01,2024-01-31,16,State,New York,10158,-3.49,448000,9.27,34,-7,13363,-0.82,48883,-8.25,12274,2.15,261.28,6.82
2026-09-03,Monthly,2024-01-01,2024-01-31,18,State,North Carolina,11939,-4.21,350000,5.3,37,-1,14910,8.3,46572,3.9,13975,0.64,200.15,5.2
2026-09-03,Monthly,2024-01-01,2024-01-31,20,State,North Dakota,672,9.05,263000,14.4,68,-3,774,14.04,3177,11.09,742,38.24,150.02,13.1
2026-09-03,Monthly,2024-01-01,2024-01-31,22,State,Ohio,10974,-0.27,208700,8.13,31,-6,12559,1.65,34854,-2.71,13649,0.24,150.81,7.55
2026-09-03,Monthly,2024-01-01,2024-01-31,23,State,Oklahoma,3793,-0.87,226525,2.97,45,6,4193,-6.84,16274,6.2,4388,-5.6,147.45,3.97
2026-09-03,Monthly,2024-01-01,2024-01-31,24,State,Oregon,3782,3.98,475000,4.4,33,0,4332,-0.64,16464,1.57,4188,-13.63,294.22,1.33
2026-09-03,Monthly,2024-01-01,2024-01-31,26,State,Pennsylvania,10200,-3.99,252900,5.42,31,-3,11998,-2.65,37342,-5.7,11864,-4.24,172.64,5.71
2026-09-03,Monthly,2024-01-01,2024-01-31,58,State,Puerto Rico,NA,NA,NA,NA,NA,NA,NA,NA,NA,NA,NA,NA,NA,NA
2026-09-03,Monthly,2024-01-01,2024-01-31,28,State,Rhode Island,853,-6.82,440500,12.37,26,-3,1062,2.71,2822,-4.77,1069,6.54,256.93,9.25
2026-09-03,Monthly,2024-01-01,2024-01-31,30,State,South Carolina,7007,-1.09,329000,3.17,58,-2,8827,7.93,34321,9.51,8498,3.2,188.23,5.98
2026-09-03,Monthly,2024-01-01,2024-01-31,32,State,South Dakota,728,-1.92,310000,8.01,63,10,838,3.53,3518,15.99,794,-17.88,179.43,0.76
2026-09-03,Monthly,2024-01-01,2024-01-31,34,State,Tennessee,7792,-3.5,355000,9.23,54,1,8724,-4.7,36303,2.47,9322,-6.35,206.92,5.59
2026-09-03,Monthly,2024-01-01,2024-01-31,36,State,Texas,27332,3.6,325000,1.56,48,4,37457,4.2,144047,10.93,32344,-4.9,179.9,1.1
2026-09-03,Monthly,2024-01-01,2024-01-31,38,State,Utah,3235,12.25,490000,6.75,39,-10,4230,11.94,14380,-2.65,3867,4.45,243.02,3.42
2026-09-03,Monthly,2024-01-01,2024-01-31,40,State,Vermont,574,-7.16,385250,18.54,42,0,749,16.79,2478,10.2,709,1.83,251.57,12.57
2026-09-03,Monthly,2024-01-01,2024-01-31,42,State,Virginia,8414,-3.72,369990,5.71,27,-1,9708,0.74,26314,-0.37,9939,-6.24,215.67,6.67
2026-09-03,Monthly,2024-01-01,2024-01-31,44,State,Washington,6872,-1.18,560000,6.16,20,-5,7917,1.11,23331,-4.41,7817,-9.08,333.07,5.45
2026-09-03,Monthly,2024-01-01,2024-01-31,46,State,West Virginia,1053,-1.51,225000,13.07,62,1,1393,12.49,4785,5.11,1170,-2.96,138.58,7.94
2026-09-03,Monthly,2024-01-01,2024-01-31,48,State,Wisconsin,5513,3.18,265000,7.29,46,-2,6050,7.98,19400,5.93,5929,2.02,174.57,7.55
2026-09-03,Monthly,2024-01-01,2024-01-31,50,State,Wyoming,576,-3.2,318500,2.74,53,-13,674,5.45,2816,9.08,710,24.18,171.41,1.34
2026-09-03,Monthly,2023-12-01,2023-12-31,1,State,Alabama,4878,-4.01,270000,0.04,49,4,6451,9.89,23434,8.92,5817,1.09,154.19,4.43
2026-09-03,Monthly,2023-12-01,2023-12-31,3,State,Alaska,554,-13.53,370000,12.12,19,-8,769,5.55,2409,6.12,724,-3.51,229.29,9.58
2026-09-03,Monthly,2023-12-01,2023-12-31,5,State,Arizona,7566,-4.85,425000,4.3,48,-11,9936,7.28,34692,-8.21,8983,-5.45,259.62,3.47
2026-09-03,Monthly,2023-12-01,2023-12-31,7,State,Arkansas,2868,-6.08,243000,3.45,42,2,4025,16.32,14039,12.45,3437,3.28,145.78,2.13
2026-09-03,Monthly,2023-12-01,2023-12-31,9,State,California,20847,-1.87,693000,6.62,29,-8,28300,-0.02,84909,-8.18,26945,0.82,455.14,3.91
2026-09-03,Monthly,2023-12-01,2023-12-31,11,State,Colorado,6739,0.44,520000,1.17,38,2,8682,3.63,29270,3.48,8467,2.26,269.99,3.34
2026-09-03,Monthly,2023-12-01,2023-12-31,17,State,Columbia,533,7.93,599999,-4.76,47,3,835,18.11,2945,-1.64,664,3.92,492.81,-4.93
2026-09-03,Monthly,2023-12-01,2023-12-31,13,State,Connecticut,3076,-9.24,355000,10.94,35,-6,3635,0.1,9947,-9.63,3622,-6.78,217.42,8.9
2026-09-03,Monthly,2023-12-01,2023-12-31,15,State,Delaware,1016,-4,361000,4.18,35,3,1418,10.06,4107,5.22,1243,2.61,210.75,9.39
2026-09-03,Monthly,2023-12-01,2023-12-31,19,State,Florida,29043,-0.4,386420,4.44,48,4,44170,12.13,175770,18.56,36504,-1.51,249.07,2.96
2026-09-03,Monthly,2023-12-01,2023-12-31,21,State,Georgia,10937,-6.66,341250,5,39,1,15173,-6.02,51390,-6.79,12857,-3.15,181.66,4.92
2026-09-03,Monthly,2023-12-01,2023-12-31,25,State,Hawaii,882,-5.54,756250,6.24,68,3,1360,12.05,5831,2.13,1203,10.56,730.32,10.97
2026-09-03,Monthly,2023-12-01,2023-12-31,27,State,Idaho,1982,-0.53,439000,-1.35,41,-10,2773,14.74,10497,-6.32,2369,-1.7,259.75,3.02
2026-09-03,Monthly,2023-12-01,2023-12-31,29,State,Illinois,11232,-1.56,255000,8.51,47,-6,13631,3.54,42349,-12.08,13237,2.28,172.54,10.11
2026-09-03,Monthly,2023-12-01,2023-12-31,31,State,Indiana,6494,-8.04,235000,4.44,26,2,8034,2.84,21237,3,7826,4.99,140.21,2.47
2026-09-03,Monthly,2023-12-01,2023-12-31,33,State,Iowa,2981,-3.94,215000,13.16,32,-3,3763,16.11,11214,3.84,3206,20.81,151.59,8.2
2026-09-03,Monthly,2023-12-01,2023-12-31,35,State,Kansas,2634,0.4,240000,1.27,25,-2,3152,7.66,9014,5.26,2943,3.64,143.55,10.22
2026-09-03,Monthly,2023-12-01,2023-12-31,37,State,Kentucky,3622,-3.25,243250,8.11,34,1,4605,12.32,14098,8.66,4229,3.16,154.55,5.28
2026-09-03,Monthly,2023-12-01,2023-12-31,39,State,Louisiana,3228,-8.99,235000,0,60,12,4654,16.89,20111,17.06,3643,-10.91,142.16,0.63
2026-09-03,Monthly,2023-12-01,2023-12-31,41,State,Maine,1304,-4.77,360000,7.54,43,3,1706,6.89,5915,6.58,1694,-4.44,246.23,8.3
2026-09-03,Monthly,2023-12-01,2023-12-31,43,State,Maryland,5401,-3.79,395000,6.76,27,-3,7100,8.83,17533,-5.37,6599,-2.5,220.29,5.61
2026-09-03,Monthly,2023-12-01,2023-12-31,45,State,Massachusetts,4884,-12.3,560000,8.32,21,-2,6112,-0.04,15455,-5.7,5858,-0.57,353.96,8.59
2026-09-03,Monthly,2023-12-01,2023-12-31,47,State,Michigan,9866,-4.79,230000,8.49,25,-4,11751,0.16,33067,-5.02,10698,-4.83,155.37,9.79
2026-09-03,Monthly,2023-12-01,2023-12-31,49,State,Minnesota,5561,-2.96,315000,3.28,30,2,7071,15.32,15491,8.16,6400,8.85,185.72,3.3
2026-09-03,Monthly,2023-12-01,2023-12-31,51,State,Mississippi,1838,-0.36,230000,-0.97,42,8,2655,21.45,9263,17.83,2246,17.62,139.91,5.66
2026-09-03,Monthly,2023-12-01,2023-12-31,2,State,Missouri,6295,-4.53,238000,3.7,25,-1,7586,6.19,22062,3.64,7610,3.79,150.16,4.21
2026-09-03,Monthly,2023-12-01,2023-12-31,4,State,Montana,872,-3.03,479000,10.11,72,6,1472,18.18,5854,-0.03,1083,-36,295.82,14.64
2026-09-03,Monthly,2023-12-01,2023-12-31,6,State,Nebraska,1660,5.68,273000,9.2,20,-7,1999,8.27,5668,3.93,1735,4.56,153.02,3.07
2026-09-03,Monthly,2023-12-01,2023-12-31,8,State,Nevada,3135,9.22,428000,4.39,40,-22,4021,10.68,13514,-22.98,4017,2.57,263.71,6.15
2026-09-03,Monthly,2023-12-01,2023-12-31,10,State,New Hampshire,1324,-7.29,449933,9.74,30,-2,1614,-0.21,4400,-5.02,1601,3.67,271.14,11.21
2026-09-03,Monthly,2023-12-01,2023-12-31,12,State,New Jersey,6772,-9.62,465000,10.71,37,-9,8779,-0.43,25173,-16.91,8076,-7.04,287.01,9.71
2026-09-03,Monthly,2023-12-01,2023-12-31,14,State,New Mexico,1572,-5.3,325000,5.05,36,-2,2028,0.56,6898,-2.06,2035,1.13,197.22,6.81
2026-09-03,Monthly,2023-12-01,2023-12-31,16,State,New York,10016,-7.86,420000,9.09,33,-7,13785,-0.03,48283,-9.61,11747,-0.5,253.64,9.07
2026-09-03,Monthly,2023-12-01,2023-12-31,18,State,North Carolina,11494,-8.98,351000,2.8,37,-1,14889,8.68,45325,2.29,13567,5.29,199.23,5.38
2026-09-03,Monthly,2023-12-01,2023-12-31,20,State,North Dakota,615,3.56,265000,4.33,66,-6,773,12.12,3156,10.97,718,19.81,137.21,5.07
2026-09-03,Monthly,2023-12-01,2023-12-31,22,State,Ohio,10396,-7.67,215000,7.5,31,-6,13033,5.52,33926,-4.7,13589,-1.02,149.5,7.94
2026-09-03,Monthly,2023-12-01,2023-12-31,23,State,Oklahoma,3666,-4.3,229000,6.02,36,3,4960,11,16568,9.88,4568,2.56,147.64,4.44
2026-09-03,Monthly,2023-12-01,2023-12-31,24,State,Oregon,3429,-5.49,480000,3.23,34,3,4673,6.02,16621,2.59,4237,5.5,294.33,1.85
2026-09-03,Monthly,2023-12-01,2023-12-31,26,State,Pennsylvania,10164,-0.63,262000,6.94,32,-2,12147,-1.02,37074,-5,11873,-0.01,171.86,5.85
2026-09-03,Monthly,2023-12-01,2023-12-31,58,State,Puerto Rico,NA,NA,NA,NA,NA,NA,NA,NA,NA,NA,NA,NA,NA,NA
2026-09-03,Monthly,2023-12-01,2023-12-31,28,State,Rhode Island,811,-7.49,430000,9.57,25,-3,1092,-0.78,2741,-6.95,945,-6.62,256.08,0.63
2026-09-03,Monthly,2023-12-01,2023-12-31,30,State,South Carolina,6943,-3.22,325600,1.75,56,-2,8802,9.39,32283,2.18,7550,-13.63,187.78,3.88
2026-09-03,Monthly,2023-12-01,2023-12-31,32,State,South Dakota,630,-5.23,295888,0.3,58,0,865,-4.5,3472,14.25,792,5.22,183.82,2.31
2026-09-03,Monthly,2023-12-01,2023-12-31,34,State,Tennessee,7345,-4.86,350000,4.51,52,3,10179,14.3,36191,5.86,9338,-4.86,204.51,4.51
2026-09-03,Monthly,2023-12-01,2023-12-31,36,State,Texas,25298,-2.42,335950,0.28,46,5,37440,6.58,141690,10.19,32514,-1.58,179.78,2.09
2026-09-03,Monthly,2023-12-01,2023-12-31,38,State,Utah,2765,4.3,479990,0.52,39,-8,4515,19.74,14330,-4.73,3947,16.77,238.5,0.39
2026-09-03,Monthly,2023-12-01,2023-12-31,40,State,Vermont,539,-6.93,370000,11.98,42,-2,781,16.01,2358,2.7,685,-0.07,242.82,14.46
2026-09-03,Monthly,2023-12-01,2023-12-31,42,State,Virginia,8254,-8.45,380000,7.04,26,-1,9888,4.28,25677,-2.58,9538,-3.46,214.11,7.51
2026-09-03,Monthly,2023-12-01,2023-12-31,44,State,Washington,6461,-5.28,555000,2.97,19,-4,8423,9.02,23364,-4.93,7780,1.36,329.02,3.34
2026-09-03,Monthly,2023-12-01,2023-12-31,46,State,West Virginia,1043,1,230000,15.06,61,-1,1417,19.1,4693,3.98,1186,3.86,138.2,8.52
2026-09-03,Monthly,2023-12-01,2023-12-31,48,State,Wisconsin,5300,-3.6,272000,8.8,46,-1,6543,15.24,19154,3.66,6060,1.84,175.41,9.62
2026-09-03,Monthly,2023-12-01,2023-12-31,50,State,Wyoming,521,-0.77,330000,10,50,-11,694,10.51,2779,10.46,621,9.92,176.29,12.21
2026-09-03,Monthly,2023-11-01,2023-11-30,1,State,Alabama,4889,-8.34,270000,1.89,46,1,6191,2.09,22763,4.77,5658,-11.42,154.53,4.55
2026-09-03,Monthly,2023-11-01,2023-11-30,3,State,Alaska,601,-17.48,351000,1.75,19,-9,783,0.97,2369,3.47,711,-2.32,226.02,7.17
2026-09-03,Monthly,2023-11-01,2023-11-30,5,State,Arizona,7562,-5.52,430824,3.81,46,-10,9888,3.91,32954,-13.94,8453,-4.34,259.61,3.66
2026-09-03,Monthly,2023-11-01,2023-11-30,7,State,Arkansas,2913,-4.06,238000,3.48,40,0,3906,4.66,13431,8.99,3300,-0.22,152.65,7.91
2026-09-03,Monthly,2023-11-01,2023-11-30,9,State,California,20462,-5.68,725000,7.01,28,-9,27626,-3.26,80290,-12.81,25108,-2.57,459.9,3.75
2026-09-03,Monthly,2023-11-01,2023-11-30,11,State,Colorado,6567,-5.87,530000,1.06,35,2,9025,3.67,27944,0.14,7793,-1.62,268.65,3
2026-09-03,Monthly,2023-11-01,2023-11-30,17,State,Columbia,531,-6.91,635000,-1.55,48,-4,758,-5.73,2889,-4.22,623,-1.51,495.43,-3.48
2026-09-03,Monthly,2023-11-01,2023-11-30,13,State,Connecticut,3043,-14.83,365000,11.37,34,-7,3724,-0.43,9773,-13.03,3556,-9.43,215.41,8.72
2026-09-03,Monthly,2023-11-01,2023-11-30,15,State,Delaware,1147,2.16,385000,8.45,32,-1,1413,13.21,4040,4.64,1225,1.37,206.47,6.82
2026-09-03,Monthly,2023-11-01,2023-11-30,19,State,Florida,30557,2.92,389900,3.97,44,2,44367,15.55,169557,16.2,35999,-0.75,247.6,3.24
2026-09-03,Monthly,2023-11-01,2023-11-30,21,State,Georgia,11151,-6.96,349929,6.04,37,-1,15544,-5.19,50877,-8.07,12548,-4.44,181.95,4.59
2026-09-03,Monthly,2023-11-01,2023-11-30,25,State,Hawaii,876,-11.98,680000,-4.23,73,8,1239,-6.67,5611,-1.7,1170,5.99,690.04,3.02
2026-09-03,Monthly,2023-11-01,2023-11-30,27,State,Idaho,1987,-0.35,445990,-0.89,39,-7,2695,6.37,10157,-10.09,2168,-7.07,255.98,1.69
2026-09-03,Monthly,2023-11-01,2023-11-30,29,State,Illinois,11144,-7.62,265000,10.42,47,-7,13664,0.55,41573,-15.1,12802,-2.93,170.53,8.84
2026-09-03,Monthly,2023-11-01,2023-11-30,31,State,Indiana,6635,-7.3,240000,4.35,25,2,7904,3.39,20611,0.45,7333,-4.45,145.18,9.42
2026-09-03,Monthly,2023-11-01,2023-11-30,33,State,Iowa,3031,-7.17,212000,11.58,32,-5,3564,2.46,10919,-2.36,3151,-6.9,151.78,6.45
2026-09-03,Monthly,2023-11-01,2023-11-30,35,State,Kansas,2640,-3.88,245000,3.16,25,-2,3110,4.13,8738,4.14,2955,3.25,139.75,6.43
2026-09-03,Monthly,2023-11-01,2023-11-30,37,State,Kentucky,3568,-8.02,247000,7.39,34,2,4449,1.04,13433,4.49,4008,-4.42,154.97,6.71
2026-09-03,Monthly,2023-11-01,2023-11-30,39,State,Louisiana,3248,-7.88,235000,-2.08,60,14,4476,6.82,19765,14.56,3598,-14.26,141.69,2.3
2026-09-03,Monthly,2023-11-01,2023-11-30,41,State,Maine,1399,-4.07,360000,10.26,39,0,1798,5.29,5705,5.4,1620,-3.31,237.8,7.22
2026-09-03,Monthly,2023-11-01,2023-11-30,43,State,Maryland,5585,-5.25,399000,7.26,26,-4,6972,2.56,17165,-7.73,6523,-5.35,220.48,6.07
2026-09-03,Monthly,2023-11-01,2023-11-30,45,State,Massachusetts,5023,-10.89,580000,7.61,22,-1,6303,-4.04,14362,-9.5,5392,-10.8,346.92,5.25
2026-09-03,Monthly,2023-11-01,2023-11-30,47,State,Michigan,9869,-6.16,235000,4.62,24,-4,11634,-1.03,31882,-8.09,10718,-5.12,153.37,7.92
2026-09-03,Monthly,2023-11-01,2023-11-30,49,State,Minnesota,5635,-3.6,327000,5.48,28,0,6810,9.22,18201,3.88,5949,1.39,186.9,4.5
2026-09-03,Monthly,2023-11-01,2023-11-30,51,State,Mississippi,1842,-2.89,238000,1.28,39,4,2514,13.02,9010,17.24,2235,18.96,140.65,3.79
2026-09-03,Monthly,2023-11-01,2023-11-30,2,State,Missouri,6397,-4.89,245000,4.26,25,0,7569,3.86,21316,1.2,7239,-1.44,151.08,6.27
2026-09-03,Monthly,2023-11-01,2023-11-30,4,State,Montana,887,-2.94,459000,2.23,65,-2,1363,4.41,5626,-1.92,1136,20.08,275.08,7.21
2026-09-03,Monthly,2023-11-01,2023-11-30,6,State,Nebraska,1691,1.98,272000,4.62,21,-5,2155,19.95,5615,5.3,1728,7.11,154.51,6.56
2026-09-03,Monthly,2023-11-01,2023-11-30,8,State,Nevada,3044,-2.47,430000,4.12,38,-19,4209,16.64,12702,-29.11,3615,2.69,260.36,5.46
2026-09-03,Monthly,2023-11-01,2023-11-30,10,State,New Hampshire,1394,-4.71,440000,6.02,31,0,1610,-0.61,4327,-5.66,1494,-6.65,258.56,7.61
2026-09-03,Monthly,2023-11-01,2023-11-30,12,State,New Jersey,6959,-13.54,470000,10.59,36,-12,8852,-1.87,24979,-18.91,7894,-13.54,285.39,8.92
2026-09-03,Monthly,2023-11-01,2023-11-30,14,State,New Mexico,1613,-8.1,335500,10,33,-10,2042,-7.19,6747,-7.67,1938,-5.64,196.9,7.06
2026-09-03,Monthly,2023-11-01,2023-11-30,16,State,New York,10351,-11.51,405000,1.25,35,-7,13527,-3.21,47212,-11.08,11249,-6.71,258.04,6.19
2026-09-03,Monthly,2023-11-01,2023-11-30,18,State,North Carolina,11892,-7.27,355000,1.44,37,-1,14576,5.48,44199,0.37,13209,2.6,199.76,5.62
2026-09-03,Monthly,2023-11-01,2023-11-30,20,State,North Dakota,599,-10.79,264900,7.68,65,-9,735,4.82,3101,8.6,661,2.99,144.22,9.11
2026-09-03,Monthly,2023-11-01,2023-11-30,22,State,Ohio,10591,-7.32,220000,7.37,31,-6,12803,2.75,32398,-8.48,13268,-3.26,149.4,8.26
2026-09-03,Monthly,2023-11-01,2023-11-30,23,State,Oklahoma,3858,-3.02,230000,2.22,33,6,4994,11.08,15991,7.95,4452,-2.92,146.98,5.14
2026-09-03,Monthly,2023-11-01,2023-11-30,24,State,Oregon,3412,-11.38,479900,-1.05,32,4,4923,3.54,15983,0.35,4077,-2.06,294.21,2.08
2026-09-03,Monthly,2023-11-01,2023-11-30,26,State,Pennsylvania,10320,-4.96,260000,1.96,31,-4,12066,-1.1,35832,-7.76,11345,-6.09,171.48,6.47
2026-09-03,Monthly,2023-11-01,2023-11-30,58,State,Puerto Rico,NA,NA,NA,NA,NA,NA,NA,NA,NA,NA,NA,NA,NA,NA
2026-09-03,Monthly,2023-11-01,2023-11-30,28,State,Rhode Island,855,-13.13,435000,8.75,22,-6,1071,-5.5,2485,-11.67,912,-10.24,256.04,8.03
2026-09-03,Monthly,2023-11-01,2023-11-30,30,State,South Carolina,7102,-3.49,326945,-0.91,56,-1,8632,4.13,31628,-0.52,7917,2.52,188.87,4.43
2026-09-03,Monthly,2023-11-01,2023-11-30,32,State,South Dakota,728,-3.73,305000,3.3,54,-2,987,14.43,3471,13.64,773,0.47,184.91,8.14
2026-09-03,Monthly,2023-11-01,2023-11-30,34,State,Tennessee,7686,-2.1,350000,6.06,52,3,10195,7.36,35293,0.22,9271,-4.37,205.87,6.81
2026-09-03,Monthly,2023-11-01,2023-11-30,36,State,Texas,25818,-0.67,329990,-0.14,43,5,38121,8.12,137595,8.85,31159,-5.42,180.29,2.03
2026-09-03,Monthly,2023-11-01,2023-11-30,38,State,Utah,2620,-0.31,494493,1.96,39,-4,3795,2.62,13607,-8.16,3540,8.5,240.3,1.93
2026-09-03,Monthly,2023-11-01,2023-11-30,40,State,Vermont,577,-8.76,385000,2.67,42,-2,784,14.41,2296,-2.15,640,-6.37,235.59,11.88
2026-09-03,Monthly,2023-11-01,2023-11-30,42,State,Virginia,8273,-9.66,385000,6.94,24,-3,9892,1.37,25139,-4.49,9140,-3.89,213.09,6.04
2026-09-03,Monthly,2023-11-01,2023-11-30,44,State,Washington,6354,-12.28,575000,4.55,17,-5,8387,-0.27,22005,-10.29,7109,-6.18,329.44,3.58
2026-09-03,Monthly,2023-11-01,2023-11-30,46,State,West Virginia,1141,2.45,229900,11.06,60,-4,1295,5.03,4606,0.19,1167,-0.04,137.03,8.42
2026-09-03,Monthly,2023-11-01,2023-11-30,48,State,Wisconsin,5455,-2.66,277500,6.77,46,-1,6392,7.89,18916,1.08,5698,-2.85,174.37,8.98
2026-09-03,Monthly,2023-11-01,2023-11-30,50,State,Wyoming,554,-3.08,320000,0,56,-7,699,5.03,2846,12.26,627,5.16,169.43,4.34
2026-09-03,Monthly,2023-10-01,2023-10-31,1,State,Alabama,4863,-13.58,273235,1.2,46,2,6419,1.15,22295,2.41,5580,-38.3,153.54,4.84
2026-09-03,Monthly,2023-10-01,2023-10-31,3,State,Alaska,651,-17.84,349000,-1.27,16,-18,846,6.78,2311,-0.3,704,-11.6,224.11,5.72
2026-09-03,Monthly,2023-10-01,2023-10-31,5,State,Arizona,7647,-9.19,430000,1.18,44,-8,9730,0.81,31240,-20.44,8476,-5.89,261.08,3.49
2026-09-03,Monthly,2023-10-01,2023-10-31,7,State,Arkansas,2917,-11.24,240000,4.35,39,1,3880,0.73,12910,5.19,3230,-5.13,149.59,6.44
2026-09-03,Monthly,2023-10-01,2023-10-31,9,State,California,21244,-10.55,725000,6.62,28,-8,26906,-7.61,75470,-18.26,24181,-7.78,462.52,5.78
2026-09-03,Monthly,2023-10-01,2023-10-31,11,State,Colorado,6614,-13.99,545000,3.51,34,2,8816,-0.96,26627,-2.75,7760,-6.34,271.04,4.66
2026-09-03,Monthly,2023-10-01,2023-10-31,17,State,Columbia,509,-21.99,675000,3.45,47,7,769,-6.93,2891,-3.78,607,-9.21,523.76,3.99
2026-09-03,Monthly,2023-10-01,2023-10-31,13,State,Connecticut,3061,-17.27,375000,11.94,35,-7,3566,-5.96,9537,-16.97,3563,-13.42,216.99,11.07
2026-09-03,Monthly,2023-10-01,2023-10-31,15,State,Delaware,1048,-13.49,370000,6.47,31,3,1304,1.16,3898,0.7,1240,4.02,207.61,7.67
2026-09-03,Monthly,2023-10-01,2023-10-31,19,State,Florida,31953,-8.8,385000,1.59,43,4,43836,16.04,162348,12.03,37254,2.98,249.73,4.39
2026-09-03,Monthly,2023-10-01,2023-10-31,21,State,Georgia,11000,-12.35,350000,6.06,34,-2,15516,-6.8,50477,-9.69,13058,-6.69,180.47,3.8
2026-09-03,Monthly,2023-10-01,2023-10-31,25,State,Hawaii,969,-13.83,710000,-3.4,69,3,1283,-0.9,5472,-3.86,1177,2.07,685.37,1.88
2026-09-03,Monthly,2023-10-01,2023-10-31,27,State,Idaho,1910,-11.85,459900,-0.57,37,-9,2685,0,9631,-17.05,2111,-11.78,257.25,1.26
2026-09-03,Monthly,2023-10-01,2023-10-31,29,State,Illinois,11187,-11.21,264000,6.45,48,-8,12983,-7.12,40722,-18.47,12935,-6.09,169.67,8.3
2026-09-03,Monthly,2023-10-01,2023-10-31,31,State,Indiana,6507,-12,240000,2.13,23,1,7503,-2.71,19998,-3.35,7496,-6.43,139.69,5.88
2026-09-03,Monthly,2023-10-01,2023-10-31,33,State,Iowa,2978,-12.17,219000,9.5,29,-10,3462,-3.43,10769,-5.56,3243,-4.69,148.13,4.58
2026-09-03,Monthly,2023-10-01,2023-10-31,35,State,Kansas,2665,-11.56,250000,1.83,24,-1,3019,-0.57,8490,1.81,2903,-1.44,135.67,5.88
2026-09-03,Monthly,2023-10-01,2023-10-31,37,State,Kentucky,3605,-11.41,245000,4.26,33,0,4374,-0.85,13009,0.96,3996,-7.47,154.46,7.44
2026-09-03,Monthly,2023-10-01,2023-10-31,39,State,Louisiana,3276,-16.31,235000,-2.08,59,17,4391,-4.73,19275,11.43,3609,-15.13,142.49,1.82
2026-09-03,Monthly,2023-10-01,2023-10-31,41,State,Maine,1329,-14.86,385000,14.93,39,-3,1795,11.44,5450,0.93,1576,-8.03,246.26,10.96
2026-09-03,Monthly,2023-10-01,2023-10-31,43,State,Maryland,5418,-14.27,395000,5.33,25,-5,6651,-1.3,16525,-12.18,6484,-9.5,218.59,6.33
2026-09-03,Monthly,2023-10-01,2023-10-31,45,State,Massachusetts,4996,-15.44,592500,11.79,21,-1,6111,-3.75,13323,-14.42,5404,-11.22,349.55,7.07
2026-09-03,Monthly,2023-10-01,2023-10-31,47,State,Michigan,9855,-9.51,243000,5.65,23,-5,11588,-2.28,30709,-12.28,10701,-8.13,151.41,6.37
2026-09-03,Monthly,2023-10-01,2023-10-31,49,State,Minnesota,5567,-9.08,330000,3.13,27,-1,6577,1.4,20322,-0.37,5808,-5.42,184.64,3.09
2026-09-03,Monthly,2023-10-01,2023-10-31,51,State,Mississippi,1804,-8.49,244500,1.92,39,0,2524,8.89,8735,14.78,2193,2.7,136.78,1.34
2026-09-03,Monthly,2023-10-01,2023-10-31,2,State,Missouri,6317,-9.5,250000,5.08,23,0,7446,-1.1,20602,-1.82,7212,-3.57,150.1,6.21
2026-09-03,Monthly,2023-10-01,2023-10-31,4,State,Montana,856,-19.86,499000,12.13,66,-2,1277,-14.42,5495,-3.51,1002,-9.91,268.65,3.83
2026-09-03,Monthly,2023-10-01,2023-10-31,6,State,Nebraska,1611,-13.77,274000,4.38,21,-4,1980,2.33,5331,0.02,1629,-3.81,151.25,4.05
2026-09-03,Monthly,2023-10-01,2023-10-31,8,State,Nevada,3165,-4.8,435000,2.78,40,-14,3986,-3.42,11844,-36.19,3649,1.26,257.55,4.45
2026-09-03,Monthly,2023-10-01,2023-10-31,10,State,New Hampshire,1318,-17.07,450000,8.43,29,-3,1588,-6.08,4199,-9.44,1534,-5.59,264.7,11.58
2026-09-03,Monthly,2023-10-01,2023-10-31,12,State,New Jersey,7079,-16.62,479000,12.71,36,-15,8674,-5.04,24748,-20.83,7863,-16.35,282.28,9.1
2026-09-03,Monthly,2023-10-01,2023-10-31,14,State,New Mexico,1615,-22.35,330000,1.54,31,-16,2181,-0.44,6691,-7.4,1893,-13.43,193.51,5.43
2026-09-03,Monthly,2023-10-01,2023-10-31,16,State,New York,10472,-13.81,415000,3.75,37,-4,13481,-4,47032,-10.89,11464,-6.88,262.16,8.75
2026-09-03,Monthly,2023-10-01,2023-10-31,18,State,North Carolina,11705,-13.85,358135,3.24,36,0,14415,4.19,42719,-3.57,13080,-2.97,198.74,5.3
2026-09-03,Monthly,2023-10-01,2023-10-31,20,State,North Dakota,603,-10.26,265000,1.92,68,-3,729,1.02,3106,8.56,688,7.48,141.33,5.12
2026-09-03,Monthly,2023-10-01,2023-10-31,22,State,Ohio,10473,-12.39,227000,8.1,30,-6,12268,-3.14,30912,-13.81,13171,-5.4,147.96,6.98
2026-09-03,Monthly,2023-10-01,2023-10-31,23,State,Oklahoma,3805,-13.71,235000,2.54,28,4,4703,-0.15,15237,3.62,4406,-4.24,145.81,4.82
2026-09-03,Monthly,2023-10-01,2023-10-31,24,State,Oregon,3544,-18.21,490000,0,31,2,4658,-6.37,15084,-3.6,3884,-10.48,295.87,2.62
2026-09-03,Monthly,2023-10-01,2023-10-31,26,State,Pennsylvania,10188,-11.82,265000,3.92,28,-10,12010,-2.82,34723,-13.02,11334,-7.85,169.22,3.88
2026-09-03,Monthly,2023-10-01,2023-10-31,58,State,Puerto Rico,NA,NA,NA,NA,NA,NA,NA,NA,NA,NA,NA,NA,NA,NA
2026-09-03,Monthly,2023-10-01,2023-10-31,28,State,Rhode Island,871,-17.86,430000,7.5,23,-7,1097,0.94,2357,-15.24,899,-9.23,259.35,11.82
2026-09-03,Monthly,2023-10-01,2023-10-31,30,State,South Carolina,7014,-8.05,339000,4.31,55,-1,8653,2.48,31009,-3.52,8016,2.14,187.89,4.06
2026-09-03,Monthly,2023-10-01,2023-10-31,32,State,South Dakota,703,-13.44,305650,2.22,56,2,902,2.66,3362,8.11,737,-8.6,180.8,4.58
2026-09-03,Monthly,2023-10-01,2023-10-31,34,State,Tennessee,7847,-9.18,351000,3.85,51,3,9778,-0.8,34132,-0.93,9299,-5.37,203.84,5.41
2026-09-03,Monthly,2023-10-01,2023-10-31,36,State,Texas,25734,-7.94,334000,-1.18,42,6,36298,-0.75,131877,5.71,31370,-5.65,178.95,0.69
2026-09-03,Monthly,2023-10-01,2023-10-31,38,State,Utah,2751,0.62,490600,-0.89,38,-2,3779,-1.38,13200,-9.83,3512,11.54,243.44,4.01
2026-09-03,Monthly,2023-10-01,2023-10-31,40,State,Vermont,570,-14.24,386000,8.39,41,-5,756,3.19,2246,-6.27,673,-4.8,238.32,9.63
2026-09-03,Monthly,2023-10-01,2023-10-31,42,State,Virginia,8237,-14.08,390000,6.85,24,-2,9783,-1.36,24474,-8.04,9089,-9.12,212.36,6.33
2026-09-03,Monthly,2023-10-01,2023-10-31,44,State,Washington,6472,-17.26,570000,0.88,16,-5,7927,-10.18,20519,-15.72,6976,-12.22,326.68,2.61
2026-09-03,Monthly,2023-10-01,2023-10-31,46,State,West Virginia,1077,-7.42,222500,5.08,59,-3,1312,6.1,4563,-1.26,1144,-1.62,135.82,7.77
2026-09-03,Monthly,2023-10-01,2023-10-31,48,State,Wisconsin,5316,-8.51,280000,7.69,46,-3,6125,0.26,18595,-2.35,5812,-2.29,171.24,6.65
2026-09-03,Monthly,2023-10-01,2023-10-31,50,State,Wyoming,580,-8.67,330000,3.13,64,7,733,12.21,3044,17.52,796,22.89,173.49,6.33
2026-09-03,Monthly,2023-09-01,2023-09-30,1,State,Alabama,4956,-15.62,279900,1.78,44,0,6276,-2.51,21765,0.37,5697,-9.74,151.77,4.05
2026-09-03,Monthly,2023-09-01,2023-09-30,3,State,Alaska,691,-9.83,370850,5.96,19,-18,806,1.88,2251,-6.16,718,-15.45,223.74,4.88
2026-09-03,Monthly,2023-09-01,2023-09-30,5,State,Arizona,7695,-13,425000,0,42,-5,9480,-5.84,30309,-25.11,8807,-10.9,257.47,1.55
2026-09-03,Monthly,2023-09-01,2023-09-30,7,State,Arkansas,2932,-14.47,254000,5.83,39,0,3859,3.14,12509,2.3,3273,-7.11,148.38,5.92
2026-09-03,Monthly,2023-09-01,2023-09-30,9,State,California,21280,-17.53,715000,2.88,27,-8,26523,-12.22,72509,-23.11,24192,-13.07,462.41,6.14
2026-09-03,Monthly,2023-09-01,2023-09-30,11,State,Colorado,7023,-15.2,541500,2.5,31,-1,8802,-5.63,25603,-8.15,7962,-15.42,271.24,3.07
2026-09-03,Monthly,2023-09-01,2023-09-30,17,State,Columbia,579,-11.05,624500,0.89,45,3,801,-10.97,2900,-4.96,670,-6.68,517.87,0.69
2026-09-03,Monthly,2023-09-01,2023-09-30,13,State,Connecticut,3139,-17.8,365000,7.35,35,-7,3471,-10.46,9449,-20.29,3526,-17.23,213.66,10.48
2026-09-03,Monthly,2023-09-01,2023-09-30,15,State,Delaware,1097,-14.97,372000,4.79,33,4,1319,-2.9,3802,-4.23,1164,-13.95,207.32,8.54
2026-09-03,Monthly,2023-09-01,2023-09-30,19,State,Florida,33138,7.44,385000,2.67,43,7,43981,17.23,155588,7.08,36933,-3.85,248.83,4.22
2026-09-03,Monthly,2023-09-01,2023-09-30,21,State,Georgia,11151,-13.17,352000,3.53,34,-1,15807,-8.54,50027,-10.13,13360,-9.69,179.07,3.17
2026-09-03,Monthly,2023-09-01,2023-09-30,25,State,Hawaii,973,-16.19,745000,5.67,69,8,1262,-6.34,5352,-7.15,942,-24.3,685.73,3.13
2026-09-03,Monthly,2023-09-01,2023-09-30,27,State,Idaho,2127,-0.54,450000,-1.96,38,-5,2529,-13.48,9303,-21.19,2194,-10.74,259.01,1.38
2026-09-03,Monthly,2023-09-01,2023-09-30,29,State,Illinois,11514,-12.72,270000,7.14,48,-9,13095,-8.61,40662,-20.38,12969,-9.47,167.89,7.33
2026-09-03,Monthly,2023-09-01,2023-09-30,31,State,Indiana,6526,-14.02,245000,4.26,23,1,7665,-4.13,19684,-5.56,7632,-5.66,139.49,5.72
2026-09-03,Monthly,2023-09-01,2023-09-30,33,State,Iowa,3046,-12.05,220000,6.8,27,-21,3483,-3.46,10495,-12.14,3204,-10.44,150.33,5.97
2026-09-03,Monthly,2023-09-01,2023-09-30,35,State,Kansas,2813,-6.12,250000,4.17,24,-3,3057,-2.14,8390,-2.58,2939,-1.88,137.57,5.36
2026-09-03,Monthly,2023-09-01,2023-09-30,37,State,Kentucky,3571,-14.7,245000,4.26,31,-3,4419,-3.09,12663,-6,4027,-15.93,153.66,6.1
2026-09-03,Monthly,2023-09-01,2023-09-30,39,State,Louisiana,3481,-12.01,235000,-1.35,58,16,4590,-3.68,19321,12.35,3700,-16.04,144.55,4.89
2026-09-03,Monthly,2023-09-01,2023-09-30,41,State,Maine,1285,-24.55,380000,13.43,39,-2,1724,0.79,5142,-7.41,1516,-15.47,241.73,11.34
2026-09-03,Monthly,2023-09-01,2023-09-30,43,State,Maryland,5660,-15.67,402000,4.42,24,-5,6453,-10.68,16163,-17.42,6419,-12.77,217.76,5.15
2026-09-03,Monthly,2023-09-01,2023-09-30,45,State,Massachusetts,4998,-17.3,580000,5.45,21,-1,5906,-8.55,12979,-18.67,5364,-15.32,345.93,8.78
2026-09-03,Monthly,2023-09-01,2023-09-30,47,State,Michigan,9793,-12.52,250000,6.38,23,-4,11513,-3.35,30066,-15.09,10534,-12.71,151.92,5.76
2026-09-03,Monthly,2023-09-01,2023-09-30,49,State,Minnesota,5703,-10.22,330000,1.85,26,-1,6510,-0.82,20681,-4.73,5968,-5.6,184.96,3.47
2026-09-03,Monthly,2023-09-01,2023-09-30,51,State,Mississippi,1832,-10.57,249500,4.2,41,5,2600,12.73,8489,10.86,2252,5.64,137.88,-0.44
2026-09-03,Monthly,2023-09-01,2023-09-30,2,State,Missouri,6231,-14.23,252000,3.92,23,0,7365,-2.62,20186,-3.27,7229,-8.89,149.27,5.59
2026-09-03,Monthly,2023-09-01,2023-09-30,4,State,Montana,946,-8.91,495000,5.34,66,0,1377,3.27,5455,-2.84,1505,42.49,273.85,6.78
2026-09-03,Monthly,2023-09-01,2023-09-30,6,State,Nebraska,1762,-8.15,280000,5.66,20,-2,1971,4.21,5237,-2.59,1634,-6.94,148.97,2.32
2026-09-03,Monthly,2023-09-01,2023-09-30,8,State,Nevada,3374,-3.69,429073,-1.36,41,-8,3872,-14.14,11587,-38.93,3773,-4.95,255.62,2.46
2026-09-03,Monthly,2023-09-01,2023-09-30,10,State,New Hampshire,1312,-23.45,470000,11.64,31,0,1577,-6.33,4079,-14.1,1497,-10.07,256.97,8.85
2026-09-03,Monthly,2023-09-01,2023-09-30,12,State,New Jersey,7163,-20.7,485000,10.23,34,-28,8323,-11.75,24439,-32.91,8220,-42.07,279.09,7.75
2026-09-03,Monthly,2023-09-01,2023-09-30,14,State,New Mexico,1704,-12.55,335000,8.06,33,-10,2098,-2.08,6508,-9.33,1984,-9.92,195.26,8.55
2026-09-03,Monthly,2023-09-01,2023-09-30,16,State,New York,10684,-15.51,434700,6.02,32,-7,13218,-8.13,45716,-13.43,11647,-9.03,258.23,6.38
2026-09-03,Monthly,2023-09-01,2023-09-30,18,State,North Carolina,11873,-14.02,358500,2.43,37,2,14036,-1.12,41402,-8.02,12954,-9.01,197.98,5.12
2026-09-03,Monthly,2023-09-01,2023-09-30,20,State,North Dakota,602,-20.76,271675,2.52,74,3,708,-1.04,3157,9.13,1005,41.66,141.54,8.82
2026-09-03,Monthly,2023-09-01,2023-09-30,22,State,Ohio,10413,-14.61,227500,4.84,30,-7,12412,-3.68,30239,-17.03,13251,-6.14,147.45,6.43
2026-09-03,Monthly,2023-09-01,2023-09-30,23,State,Oklahoma,3912,-14.99,230000,-1.29,23,3,4762,-1.07,14857,1.46,4400,-7.15,146.68,4.35
2026-09-03,Monthly,2023-09-01,2023-09-30,24,State,Oregon,3711,-19.2,495000,-0.99,28,0,4630,-11.08,14637,-5.82,4086,-14.98,294.88,2.46
2026-09-03,Monthly,2023-09-01,2023-09-30,26,State,Pennsylvania,10239,-14.48,265000,3.52,29,-10,11823,-6.19,33882,-17.42,11306,-9.42,169.26,5.02
2026-09-03,Monthly,2023-09-01,2023-09-30,58,State,Puerto Rico,NA,NA,NA,NA,NA,NA,NA,NA,NA,NA,NA,NA,NA,NA
2026-09-03,Monthly,2023-09-01,2023-09-30,28,State,Rhode Island,942,-7.75,445000,9.88,24,-4,980,-9.57,2229,-21.69,904,-15.48,256.27,10.8
2026-09-03,Monthly,2023-09-01,2023-09-30,30,State,South Carolina,7074,-9.11,333000,0.91,53,-2,8495,-1.55,30375,-6.56,7978,-4.13,185.58,3.63
2026-09-03,Monthly,2023-09-01,2023-09-30,32,State,South Dakota,728,-14.9,304000,3.05,57,0,927,3.34,3340,3.38,789,-4.8,184.05,6.2
2026-09-03,Monthly,2023-09-01,2023-09-30,34,State,Tennessee,7645,-18.64,350000,2.29,52,6,9820,-5.2,33707,-5.22,9401,-8.05,202.38,3.68
2026-09-03,Monthly,2023-09-01,2023-09-30,36,State,Texas,26263,-10.53,340000,-1.45,41,7,36703,-0.67,127549,3.68,31630,-7.78,178.87,0.76
2026-09-03,Monthly,2023-09-01,2023-09-30,38,State,Utah,2831,-13.31,495000,0,37,0,3892,1.24,12957,-10.24,3623,6.75,240.77,3.34
2026-09-03,Monthly,2023-09-01,2023-09-30,40,State,Vermont,586,-18.39,385000,4.05,40,-6,721,0.5,2193,-11.38,665,-7.59,229.52,5.37
2026-09-03,Monthly,2023-09-01,2023-09-30,42,State,Virginia,8274,-15.88,380000,4.11,23,-4,9562,-7.47,23776,-13.37,9094,-13.31,210.72,6.46
2026-09-03,Monthly,2023-09-01,2023-09-30,44,State,Washington,6725,-20.59,575000,0,15,-6,7999,-11.82,19734,-19.57,7323,-15.14,326.65,2.49
2026-09-03,Monthly,2023-09-01,2023-09-30,46,State,West Virginia,1077,-8.21,230000,2.22,60,-3,1282,5.02,4459,-4.67,1092,-5.72,134.81,7.4
2026-09-03,Monthly,2023-09-01,2023-09-30,48,State,Wisconsin,5337,-11.58,290000,7.01,46,-3,6095,0.17,18438,-5.96,5635,-10.03,172.42,8.84
2026-09-03,Monthly,2023-09-01,2023-09-30,50,State,Wyoming,598,-6.21,333000,9.18,62,1,789,15.21,3042,14.11,610,-5.42,171.3,5.08
2026-09-03,Monthly,2023-08-01,2023-08-31,1,State,Alabama,5013,-16.08,279000,3.37,45,3,6094,-8.6,21515,0.06,6331,-3.67,152.14,3.84
2026-09-03,Monthly,2023-08-01,2023-08-31,3,State,Alaska,643,-19.68,372000,5.98,21,-11,808,3.05,2235,-9.53,736,-11.86,223.29,7.42
2026-09-03,Monthly,2023-08-01,2023-08-31,5,State,Arizona,7904,-10.06,428500,-0.33,43,2,9289,-10.59,29855,-27.25,9375,-12.61,258.18,1.3
2026-09-03,Monthly,2023-08-01,2023-08-31,7,State,Arkansas,2940,-18.14,250000,4.17,39,1,3834,-0.55,12205,-0.8,3402,-6.96,146.81,5.05
2026-09-03,Monthly,2023-08-01,2023-08-31,9,State,California,22094,-13.88,720000,3.15,27,-6,25907,-16.86,69857,-28.24,24143,-20.14,456.41,4.67
2026-09-03,Monthly,2023-08-01,2023-08-31,11,State,Colorado,7166,-11.58,549500,2.41,32,1,8805,-7.77,24703,-12.9,8681,-12.24,270.95,3.42
2026-09-03,Monthly,2023-08-01,2023-08-31,17,State,Columbia,602,-10.06,625000,-3.85,51,13,814,-6.36,2918,-6.08,633,-20,522.64,-2.02
2026-09-03,Monthly,2023-08-01,2023-08-31,13,State,Connecticut,3070,-21.92,380000,7.04,38,-2,3484,-13.92,9459,-23.99,3602,-19.93,212.14,9.51
2026-09-03,Monthly,2023-08-01,2023-08-31,15,State,Delaware,1114,-14.12,370000,2.78,31,4,1157,-17.04,3707,-6.85,1167,-17.96,206.1,6.93
2026-09-03,Monthly,2023-08-01,2023-08-31,19,State,Florida,31704,-6.92,389714,2.56,45,14,42416,-4.07,148384,1.46,37609,-10.66,248.55,3.95
2026-09-03,Monthly,2023-08-01,2023-08-31,21,State,Georgia,11135,-14.97,359500,5.74,35,3,15385,-8.42,49159,-10.34,13491,-13.12,179.43,3.17
2026-09-03,Monthly,2023-08-01,2023-08-31,25,State,Hawaii,1005,-17.33,712000,1.79,67,7,1190,-16.18,5353,-7.93,1121,-14.95,671.39,0.94
2026-09-03,Monthly,2023-08-01,2023-08-31,27,State,Idaho,2182,1.73,450000,-3.54,39,-1,2596,-12.54,9197,-22.62,2305,-8.64,255.92,-2.03
2026-09-03,Monthly,2023-08-01,2023-08-31,29,State,Illinois,11671,-11.73,280000,7.69,50,-7,13153,-9.67,40742,-22.09,13495,-11.23,167.57,6.46
2026-09-03,Monthly,2023-08-01,2023-08-31,31,State,Indiana,6665,-14.09,252000,5,22,3,7341,-8.37,19126,-10.09,7990,-7.39,139.18,6.1
2026-09-03,Monthly,2023-08-01,2023-08-31,33,State,Iowa,3047,-13.58,230000,8.11,25,-26,3577,-1.47,10360,-19.07,4039,5.17,149.48,5.51
2026-09-03,Monthly,2023-08-01,2023-08-31,35,State,Kansas,2749,-12.26,253000,2.85,24,-4,3008,-6.09,8183,-7.07,3001,-5.65,136.52,4.42
2026-09-03,Monthly,2023-08-01,2023-08-31,37,State,Kentucky,3676,-11.66,250000,4.17,32,-3,4209,-9.57,12256,-10.5,5026,7.5,153.12,5.48
2026-09-03,Monthly,2023-08-01,2023-08-31,39,State,Louisiana,3528,-12.93,235000,-2.08,58,20,4584,-4.97,18919,12.62,3850,-33.15,143.61,4.07
2026-09-03,Monthly,2023-08-01,2023-08-31,41,State,Maine,1318,-21.83,375000,10.29,39,1,1766,2.99,4962,-13.72,1544,-21.37,245.14,16.29
2026-09-03,Monthly,2023-08-01,2023-08-31,43,State,Maryland,5786,-15.97,410000,5.4,25,-1,6458,-13.16,16030,-20.4,6472,-16.39,219.29,5.93
2026-09-03,Monthly,2023-08-01,2023-08-31,45,State,Massachusetts,4949,-20.47,610000,7.49,22,0,5948,-11.8,12960,-23.4,5480,-24.08,340.42,5.79
2026-09-03,Monthly,2023-08-01,2023-08-31,47,State,Michigan,9934,-12.76,254500,6.04,24,-2,11464,-4.43,29514,-18.41,10836,-10.11,150.92,5.56
2026-09-03,Monthly,2023-08-01,2023-08-31,49,State,Minnesota,5681,-11.64,347000,4.85,26,2,6676,-0.79,21479,-6.32,6168,-7.89,183.18,2.87
2026-09-03,Monthly,2023-08-01,2023-08-31,51,State,Mississippi,1844,-7.44,245000,2.08,38,5,2508,3.49,8223,7.62,2320,8.93,140.56,2.91
2026-09-03,Monthly,2023-08-01,2023-08-31,2,State,Missouri,6319,-13.71,260000,6.38,21,0,7311,-4.87,19548,-9.16,7634,-22.16,147.12,4.57
2026-09-03,Monthly,2023-08-01,2023-08-31,4,State,Montana,944,-7.83,489700,3.09,67,3,1376,2.27,5394,-3.28,1551,53.21,272.48,6.56
2026-09-03,Monthly,2023-08-01,2023-08-31,6,State,Nebraska,1769,-5.74,286000,7.92,19,-2,1872,-8.82,5293,-6.14,1736,-6.66,150.65,7.09
2026-09-03,Monthly,2023-08-01,2023-08-31,8,State,Nevada,3429,2.21,430000,-1.15,42,-1,3903,-22.77,11557,-39.53,3975,-6.36,256.05,2.21
2026-09-03,Monthly,2023-08-01,2023-08-31,10,State,New Hampshire,1335,-20.28,460000,7.3,30,-1,1551,-10.49,3954,-20.64,1486,-18.27,259.63,10.13
2026-09-03,Monthly,2023-08-01,2023-08-31,12,State,New Jersey,7164,-20.37,500000,11.11,33,-29,8400,-15.69,24462,-35.28,7997,-21.87,277.66,7.4
2026-09-03,Monthly,2023-08-01,2023-08-31,14,State,New Mexico,1735,-12.35,336399,10.29,32,-12,2114,-0.65,6443,-11.48,2096,-2.62,193.99,6.81
2026-09-03,Monthly,2023-08-01,2023-08-31,16,State,New York,10920,-15.56,461000,3.83,32,-3,13342,-7.63,44537,-17.73,11969,-9.45,255.49,6.89
2026-09-03,Monthly,2023-08-01,2023-08-31,18,State,North Carolina,11883,-14.97,360000,2.86,37,4,13679,-9.32,40481,-12.03,13227,-12.01,197.47,4.62
2026-09-03,Monthly,2023-08-01,2023-08-31,20,State,North Dakota,625,-11.4,269000,5.49,72,-1,731,-1.76,3158,6.09,674,-4.53,139.34,7.1
2026-09-03,Monthly,2023-08-01,2023-08-31,22,State,Ohio,10610,-16.26,239709,7.49,30,-7,11807,-10.45,29109,-22.88,11775,-20.57,146.91,7.15
2026-09-03,Monthly,2023-08-01,2023-08-31,23,State,Oklahoma,3755,-17.19,238500,3.25,23,9,4529,-7.24,14524,-1.61,4434,-11.75,144.15,4.01
2026-09-03,Monthly,2023-08-01,2023-08-31,24,State,Oregon,3933,-13.04,500000,-0.99,29,5,4744,-8.39,14350,-8.37,4265,-18.95,295.19,1.44
2026-09-03,Monthly,2023-08-01,2023-08-31,26,State,Pennsylvania,10199,-14.69,280000,5.66,29,-9,11930,-4.34,33417,-19.47,11709,-9.22,168.98,5.26
2026-09-03,Monthly,2023-08-01,2023-08-31,58,State,Puerto Rico,NA,NA,NA,NA,NA,NA,NA,NA,NA,NA,NA,NA,NA,NA
2026-09-03,Monthly,2023-08-01,2023-08-31,28,State,Rhode Island,858,-23.5,448500,12.13,23,-5,1045,-6.58,2232,-26.95,980,-17.15,254.68,11.62
2026-09-03,Monthly,2023-08-01,2023-08-31,30,State,South Carolina,7093,-10.19,336000,3.38,54,2,8444,-3.4,29899,-8.72,8234,-5.21,188.29,5.43
2026-09-03,Monthly,2023-08-01,2023-08-31,32,State,South Dakota,741,-7.41,317002,6.02,55,-1,875,-8.92,3323,-0.26,806,-6.3,183.03,6.42
2026-09-03,Monthly,2023-08-01,2023-08-31,34,State,Tennessee,7880,-13.59,360000,4.35,52,8,9287,-12.79,32754,-5.14,9421,-10.38,202.94,4.52
2026-09-03,Monthly,2023-08-01,2023-08-31,36,State,Texas,27333,-5.55,343499,-0.87,42,12,35933,-2.24,123493,2.62,31998,-8.65,179.29,0.71
2026-09-03,Monthly,2023-08-01,2023-08-31,38,State,Utah,2967,-7.95,496000,-1.75,38,7,3851,-2.28,12513,-12.9,3508,-4.39,241.54,2.96
2026-09-03,Monthly,2023-08-01,2023-08-31,40,State,Vermont,535,-27.64,410000,17.31,50,8,701,-9.73,2161,-17.11,639,-20.67,227.2,6.19
2026-09-03,Monthly,2023-08-01,2023-08-31,42,State,Virginia,8320,-18.03,399999,8.06,23,-2,9417,-9.51,23468,-16.46,9437,-14.81,210.92,6.4
2026-09-03,Monthly,2023-08-01,2023-08-31,44,State,Washington,6996,-17.31,583898,1.55,14,-3,8046,-15.14,19116,-24.51,7304,-21.41,325.17,1.73
2026-09-03,Monthly,2023-08-01,2023-08-31,46,State,West Virginia,1126,-7.99,232000,3.25,62,1,1244,-3.64,4480,-6.53,1147,-9.72,133.86,7.49
2026-09-03,Monthly,2023-08-01,2023-08-31,48,State,Wisconsin,5308,-14.93,299900,9.09,46,-3,6119,0.39,18260,-10.39,5890,-10.77,170.19,7.69
2026-09-03,Monthly,2023-08-01,2023-08-31,50,State,Wyoming,558,-12.29,330000,4.76,66,5,781,8.27,2940,8.53,595,-10.23,169.52,2.89
2026-09-03,Monthly,2023-07-01,2023-07-31,1,State,Alabama,5056,-15.61,279900,1.41,45,3,6151,-6.5,21207,-1.21,6009,-9.29,151.88,3.54
2026-09-03,Monthly,2023-07-01,2023-07-31,3,State,Alaska,661,-21.05,384900,7.41,24,-6,849,-0.29,2184,-15.73,750,-18.15,224.87,7.72
2026-09-03,Monthly,2023-07-01,2023-07-31,5,State,Arizona,7876,-13.29,430000,-2.45,45,9,9430,-26.89,29839,-25.16,9615,-4.86,256.12,-1.38
2026-09-03,Monthly,2023-07-01,2023-07-31,7,State,Arkansas,3001,-12.63,250000,4.6,39,2,3559,-14.15,11818,-4.42,3244,-13.34,147.96,6.33
2026-09-03,Monthly,2023-07-01,2023-07-31,9,State,California,22428,-13.25,719000,0.56,27,-2,25301,-24.43,69366,-29.05,25896,-11.7,452.54,2.08
2026-09-03,Monthly,2023-07-01,2023-07-31,11,State,Colorado,7256,-13.4,545000,0.83,33,4,8674,-19.16,24247,-13.92,8596,-4.79,268.58,2.35
2026-09-03,Monthly,2023-07-01,2023-07-31,17,State,Columbia,628,-7.81,615000,-5.24,48,11,863,-12.96,2912,-6.92,738,-1.5,539.25,5.98
2026-09-03,Monthly,2023-07-01,2023-07-31,13,State,Connecticut,3057,-23.5,389900,6.82,37,-3,3371,-23.52,9338,-27.86,3674,-20.52,208.88,7.56
2026-09-03,Monthly,2023-07-01,2023-07-31,15,State,Delaware,1021,-23.16,376100,7.46,32,10,1172,-21.68,3689,-8.23,1222,-14.49,203.11,8.02
2026-09-03,Monthly,2023-07-01,2023-07-31,19,State,Florida,32228,-6.53,387900,1.02,46,18,42266,-14.89,144333,1.7,38923,-5.24,246.09,2.42
2026-09-03,Monthly,2023-07-01,2023-07-31,21,State,Georgia,11172,-16.05,355000,2.9,35,7,15808,-9.57,48863,-8.54,13902,-8.93,179.58,3.3
2026-09-03,Monthly,2023-07-01,2023-07-31,25,State,Hawaii,1046,-18.33,700000,-3.45,66,9,1174,-23.03,5401,-7.5,1145,-17.65,688.46,4.39
2026-09-03,Monthly,2023-07-01,2023-07-31,27,State,Idaho,2167,2.71,460000,-4.17,39,1,2560,-24.08,9161,-22.45,2475,-1.17,259.49,-0.68
2026-09-03,Monthly,2023-07-01,2023-07-31,29,State,Illinois,11376,-16.97,285000,4.4,50,-6,12912,-17.29,40636,-24.57,13619,-9.52,166.87,5.53
2026-09-03,Monthly,2023-07-01,2023-07-31,31,State,Indiana,6574,-16.72,255000,4.08,21,0,7225,-15.81,18843,-15.19,7769,-12.69,138.7,5.85
2026-09-03,Monthly,2023-07-01,2023-07-31,33,State,Iowa,3033,-13.82,230250,2.33,26,-25,3561,-8.77,10345,-20.08,3509,0.31,147.1,4.24
2026-09-03,Monthly,2023-07-01,2023-07-31,35,State,Kansas,2720,-10.58,258000,1.18,23,-8,3034,-9.37,8162,-10.47,2952,-11.95,132.73,3.15
2026-09-03,Monthly,2023-07-01,2023-07-31,37,State,Kentucky,3595,-16.6,256950,7.06,32,2,4154,-15.52,12256,-11.59,4247,-7.89,150.22,3.59
2026-09-03,Monthly,2023-07-01,2023-07-31,39,State,Louisiana,3555,-13.52,242597,-2.64,57,27,4473,-10.35,18547,13.55,3972,-9.97,143.34,3.08
2026-09-03,Monthly,2023-07-01,2023-07-31,41,State,Maine,1356,-19.52,380000,8.35,42,7,1640,-14.12,4702,-20.43,1592,-17.02,238.38,10.88
2026-09-03,Monthly,2023-07-01,2023-07-31,43,State,Maryland,5700,-18.49,410000,3.8,24,0,6597,-20.96,15907,-22.46,6619,-14.82,216.57,4.56
2026-09-03,Monthly,2023-07-01,2023-07-31,45,State,Massachusetts,5054,-19.43,620000,5.08,22,0,5836,-24.95,12701,-27.22,5471,-23.54,344.38,6.85
2026-09-03,Monthly,2023-07-01,2023-07-31,47,State,Michigan,9867,-15.09,256800,2.72,25,0,11409,-17.89,29647,-19.57,10887,-11.66,150.02,6.15
2026-09-03,Monthly,2023-07-01,2023-07-31,49,State,Minnesota,5598,-15.71,340100,0.47,26,2,6523,-9.85,20469,-10.4,6348,-7.26,184.84,4.46
2026-09-03,Monthly,2023-07-01,2023-07-31,51,State,Mississippi,1835,-10.77,250000,0,40,13,2357,-6.24,8102,8.27,2349,11.98,137.99,2.32
2026-09-03,Monthly,2023-07-01,2023-07-31,2,State,Missouri,6371,-14.73,260000,4,22,0,7244,-10.42,19253,-13.49,7469,-7.86,148.16,5.34
2026-09-03,Monthly,2023-07-01,2023-07-31,4,State,Montana,950,-11.38,495000,6.45,62,0,1329,-8.31,5326,-3.95,1278,17.99,276.99,6.97
2026-09-03,Monthly,2023-07-01,2023-07-31,6,State,Nebraska,1695,-10.65,290000,5.45,19,2,1963,-7.32,5347,-3.6,1751,-2.22,150.03,3.24
2026-09-03,Monthly,2023-07-01,2023-07-31,8,State,Nevada,3583,0.19,432000,-2.92,46,10,3749,-37.99,11848,-35,4186,5.97,254.57,0.99
2026-09-03,Monthly,2023-07-01,2023-07-31,10,State,New Hampshire,1337,-17.43,460000,6.98,32,4,1518,-17.33,3949,-21.01,1524,-15.89,259.12,10.89
2026-09-03,Monthly,2023-07-01,2023-07-31,12,State,New Jersey,7179,-22.14,480280,4.64,33,-31,8211,-24.8,23748,-39.54,8038,-27.8,276.73,7.71
2026-09-03,Monthly,2023-07-01,2023-07-31,14,State,New Mexico,1708,-12.3,325000,5.69,31,-10,1932,-17.57,6350,-13.62,2064,-64.75,192.79,6.62
2026-09-03,Monthly,2023-07-01,2023-07-31,16,State,New York,10692,-20.75,450000,-1.1,33,-1,12992,-13.47,43924,-19.98,11893,-11.3,256.04,7.4
2026-09-03,Monthly,2023-07-01,2023-07-31,18,State,North Carolina,11846,-17.12,366000,2.43,39,8,13025,-20.57,40275,-12.65,13439,-9.91,196.26,4.08
2026-09-03,Monthly,2023-07-01,2023-07-31,20,State,North Dakota,578,-17.95,285000,5.56,69,-4,776,10.85,3069,3.13,641,-11.17,140.87,6.52
2026-09-03,Monthly,2023-07-01,2023-07-31,22,State,Ohio,10549,-17.04,239900,6.62,30,-7,11525,-18,29290,-24.24,13169,-12.04,146.37,7.18
2026-09-03,Monthly,2023-07-01,2023-07-31,23,State,Oklahoma,3841,-16.6,247500,5.32,20,7,4548,-18.12,14356,-2.62,4333,-16.49,145.31,5.82
2026-09-03,Monthly,2023-07-01,2023-07-31,24,State,Oregon,3863,-17.76,500000,-2.4,28,8,4558,-20.03,14133,-10.43,4416,-11.84,293.16,1.39
2026-09-03,Monthly,2023-07-01,2023-07-31,26,State,Pennsylvania,10040,-17.22,282658,3.16,30,-8,11694,-9.09,33487,-20.51,11806,-9.85,167.55,3.31
2026-09-03,Monthly,2023-07-01,2023-07-31,58,State,Puerto Rico,NA,NA,NA,NA,NA,NA,NA,NA,NA,NA,NA,NA,NA,NA
2026-09-03,Monthly,2023-07-01,2023-07-31,28,State,Rhode Island,844,-29.03,440000,9.58,21,-2,976,-25.63,2181,-33.53,921,-26.39,251.53,11.12
2026-09-03,Monthly,2023-07-01,2023-07-31,30,State,South Carolina,6982,-13.59,337000,2.12,56,6,8282,-8.13,29406,-9.68,8299,-3.61,186.87,3.91
2026-09-03,Monthly,2023-07-01,2023-07-31,32,State,South Dakota,761,-5.34,320000,3.06,55,-3,888,-10.27,3335,1.92,821,-23.77,180.11,4.9
2026-09-03,Monthly,2023-07-01,2023-07-31,34,State,Tennessee,7757,-16.02,360000,4.23,52,10,9000,-21.24,32525,-5.68,9435,-10.64,201.37,2.55
2026-09-03,Monthly,2023-07-01,2023-07-31,36,State,Texas,27287,-7.13,347500,-0.71,42,16,35664,-6.35,121192,4.54,33045,-4.66,178.98,0.32
2026-09-03,Monthly,2023-07-01,2023-07-31,38,State,Utah,2939,-4.02,495000,-2.94,38,11,3756,-20.6,12316,-11.73,3600,-2.22,242.03,3.76
2026-09-03,Monthly,2023-07-01,2023-07-31,40,State,Vermont,589,-16.04,400000,8.11,49,12,590,-22.16,2020,-21.15,628,-21.32,222.9,9.55
2026-09-03,Monthly,2023-07-01,2023-07-31,42,State,Virginia,8333,-19.75,399925,5.24,23,0,9405,-17.9,23215,-19.41,9860,-11.34,209.89,6.36
2026-09-03,Monthly,2023-07-01,2023-07-31,44,State,Washington,7092,-16.5,585000,-0.85,18,4,7904,-25.35,19116,-25.37,7914,-15.69,322.37,0.36
2026-09-03,Monthly,2023-07-01,2023-07-31,46,State,West Virginia,1070,-7.63,235000,9.3,62,3,1227,-6.01,4399,-8.17,1145,-7.87,133.13,7.28
2026-09-03,Monthly,2023-07-01,2023-07-31,48,State,Wisconsin,5269,-16.23,300000,7.14,46,-2,5968,-12.25,17978,-15.15,5946,-12.38,169.28,8.4
2026-09-03,Monthly,2023-07-01,2023-07-31,50,State,Wyoming,587,-12.21,325000,3.42,67,8,745,7.99,2865,4.99,586,-13.91,169.64,5.27
2026-09-03,Monthly,2023-06-01,2023-06-30,1,State,Alabama,5091,-19.78,286600,1.89,45,2,5994,-14.58,20988,-2.48,5748,-20.15,152.2,4.01
2026-09-03,Monthly,2023-06-01,2023-06-30,3,State,Alaska,680,-25.42,382500,3.39,26,-1,801,-17.53,2138,-20.06,734,-19.7,220.95,6.13
2026-09-03,Monthly,2023-06-01,2023-06-30,5,State,Arizona,7910,-18.04,435000,-4.4,49,14,9136,-31.72,30233,-17.93,9552,-9.79,256.7,-2.23
2026-09-03,Monthly,2023-06-01,2023-06-30,7,State,Arkansas,3064,-13.99,252900,1.57,39,2,3557,-17.32,11770,-2.97,3253,-14.37,147.18,6.2
2026-09-03,Monthly,2023-06-01,2023-06-30,9,State,California,22222,-21.48,725000,-1.36,28,3,24760,-30,69811,-25.71,25470,-15.85,445.09,0.48
2026-09-03,Monthly,2023-06-01,2023-06-30,11,State,Colorado,7110,-21.36,550000,-1.79,33,7,8358,-22.92,23998,-10.08,8443,-12.29,267.82,2.13
2026-09-03,Monthly,2023-06-01,2023-06-30,17,State,Columbia,596,-18.57,614999,-15.17,50,14,805,-16.51,2856,-8.23,698,-10.78,509.17,-5.15
2026-09-03,Monthly,2023-06-01,2023-06-30,13,State,Connecticut,3137,-23.83,385000,7.45,36,-3,3371,-27.56,9517,-26.55,3601,-24.59,206.02,5.68
2026-09-03,Monthly,2023-06-01,2023-06-30,15,State,Delaware,1049,-15.87,370493,2.9,32,12,1182,-23.55,3695,-7.26,1190,-19.28,201.11,7.7
2026-09-03,Monthly,2023-06-01,2023-06-30,19,State,Florida,32087,-12.53,392500,-0.56,47,21,40696,-20.11,142709,7.83,37844,-9.49,245.35,1.27
2026-09-03,Monthly,2023-06-01,2023-06-30,21,State,Georgia,11247,-18.98,360000,1.41,37,10,15535,-12.2,48472,-5.43,13455,-14.24,178.62,3.28
2026-09-03,Monthly,2023-06-01,2023-06-30,25,State,Hawaii,1066,-25.9,710775,-3.3,68,11,1232,-23.38,5513,-6.17,1141,-20.68,689.61,1.15
2026-09-03,Monthly,2023-06-01,2023-06-30,27,State,Idaho,2233,-3.67,450000,-9.82,37,4,2504,-33.59,9130,-16.61,2301,-4.5,257.79,-1.73
2026-09-03,Monthly,2023-06-01,2023-06-30,29,State,Illinois,11412,-20.65,290000,1.75,50,-5,12721,-23.4,40976,-25.9,13135,-17.36,166.41,4.78
2026-09-03,Monthly,2023-06-01,2023-06-30,31,State,Indiana,6699,-15.77,255000,2,20,-14,7265,-20.32,18796,-17.39,7435,-19.23,139.03,6.19
2026-09-03,Monthly,2023-06-01,2023-06-30,33,State,Iowa,3052,-17.32,235000,4.44,26,-26,3458,-15.92,10180,-21.97,3208,-15.57,149.44,7.78
2026-09-03,Monthly,2023-06-01,2023-06-30,35,State,Kansas,2822,-10.99,265000,0,23,-7,3048,-12.06,8181,-11,2935,-10.11,134.42,5.18
2026-09-03,Monthly,2023-06-01,2023-06-30,37,State,Kentucky,3619,-17.52,255000,2.82,32,5,4207,-19.24,12245,-10.54,4042,-14.82,152.38,6.62
2026-09-03,Monthly,2023-06-01,2023-06-30,39,State,Louisiana,3550,-17.62,247500,-2.94,59,30,4396,-18.87,18370,13.99,3788,-17.28,143.98,2.58
2026-09-03,Monthly,2023-06-01,2023-06-30,41,State,Maine,1320,-25.23,385000,5.48,42,19,1485,-25.29,4729,-17.85,1554,-22.66,237.78,12.1
2026-09-03,Monthly,2023-06-01,2023-06-30,43,State,Maryland,5630,-21.76,412650,1.89,27,6,6233,-26.08,16077,-20.11,6524,-19.19,215.73,3.42
2026-09-03,Monthly,2023-06-01,2023-06-30,45,State,Massachusetts,5057,-22.32,620000,3.33,22,1,5444,-29.4,12727,-25.49,5701,-18.07,338.47,6.29
2026-09-03,Monthly,2023-06-01,2023-06-30,47,State,Michigan,10044,-14.75,257500,1.98,25,1,11366,-19.31,30198,-16.63,10871,-13.1,148.98,4.25
2026-09-03,Monthly,2023-06-01,2023-06-30,49,State,Minnesota,5657,-17.56,350000,1.45,27,6,6495,-13.79,20622,-10.01,6146,-14.52,183.49,3.63
2026-09-03,Monthly,2023-06-01,2023-06-30,51,State,Mississippi,1824,-14,257900,3.16,37,9,2349,-9.85,8054,9.38,2176,0.1,138.76,3.14
2026-09-03,Monthly,2023-06-01,2023-06-30,2,State,Missouri,6299,-18.15,264000,1.58,21,-10,7038,-15.96,18785,-17.7,6924,-21.14,148.42,6.06
2026-09-03,Monthly,2023-06-01,2023-06-30,4,State,Montana,936,-14.17,499900,0.99,66,5,1292,-9.96,5330,-2.25,1206,6.18,269.07,3.16
2026-09-03,Monthly,2023-06-01,2023-06-30,6,State,Nebraska,1724,-13.38,295000,8.46,20,3,1961,-9.64,5271,-2.75,1730,-6.26,148.01,5.03
2026-09-03,Monthly,2023-06-01,2023-06-30,8,State,Nevada,3438,-13.23,427995,-6.83,49,16,3821,-40.62,12326,-24.35,4140,-3.56,253.42,-1.74
2026-09-03,Monthly,2023-06-01,2023-06-30,10,State,New Hampshire,1404,-19.15,475000,9.7,32,4,1520,-16.93,4064,-17.64,1534,-16.17,251.23,6.76
2026-09-03,Monthly,2023-06-01,2023-06-30,12,State,New Jersey,7390,-22.68,477500,4.95,42,-23,8138,-29.27,25391,-36.33,8690,-16.8,273.78,6.78
2026-09-03,Monthly,2023-06-01,2023-06-30,14,State,New Mexico,1741,-15.16,334000,9.15,32,-7,1952,-15.25,6354,-11.58,2041,-6.21,192.13,6.59
2026-09-03,Monthly,2023-06-01,2023-06-30,16,State,New York,11090,-21.58,460000,-3.16,34,0,12600,-19.89,44520,-17.94,11850,-14.61,255.95,5.92
2026-09-03,Monthly,2023-06-01,2023-06-30,18,State,North Carolina,11975,-18.18,365000,0.24,39,8,12460,-27.62,40225,-12.06,12879,-14.93,195.64,4.08
2026-09-03,Monthly,2023-06-01,2023-06-30,20,State,North Dakota,644,-9.56,285000,2.15,75,1,722,-7.24,2986,-1.89,699,-3.9,139.54,5
2026-09-03,Monthly,2023-06-01,2023-06-30,22,State,Ohio,10622,-16.9,240500,4.07,30,-7,11629,-22.02,29879,-23.28,13046,-14.88,145.35,6.41
2026-09-03,Monthly,2023-06-01,2023-06-30,23,State,Oklahoma,3876,-15.7,247925,2.45,20,10,4478,-20.35,14340,2.76,4359,-14.97,144.83,5.23
2026-09-03,Monthly,2023-06-01,2023-06-30,24,State,Oregon,3781,-24.82,505000,-2.88,29,13,4677,-22.05,14230,-6.15,6504,28.75,292.61,0.49
2026-09-03,Monthly,2023-06-01,2023-06-30,26,State,Pennsylvania,10126,-18.79,287000,2.5,32,-4,11624,-21.56,33789,-19.84,11170,-17.16,166.2,2.7
2026-09-03,Monthly,2023-06-01,2023-06-30,58,State,Puerto Rico,NA,NA,NA,NA,NA,NA,NA,NA,NA,NA,NA,NA,NA,NA
2026-09-03,Monthly,2023-06-01,2023-06-30,28,State,Rhode Island,898,-22.39,440000,6.05,24,3,955,-32.14,2256,-31.97,939,-21.94,246.37,11.47
2026-09-03,Monthly,2023-06-01,2023-06-30,30,State,South Carolina,7060,-14.6,341206,2.27,54,4,8046,-15.01,29458,-8.55,7907,-10.66,184.55,2.86
2026-09-03,Monthly,2023-06-01,2023-06-30,32,State,South Dakota,742,-7.58,327000,4.97,54,-5,903,-8.63,3282,3.01,805,-4.11,178.02,2.15
2026-09-03,Monthly,2023-06-01,2023-06-30,34,State,Tennessee,7917,-21.92,360000,0.71,51,11,9162,-23.77,32334,-0.72,9309,-15.33,202.53,3.53
2026-09-03,Monthly,2023-06-01,2023-06-30,36,State,Texas,27319,-10.05,350000,-3.04,42,18,35109,-9.27,120404,10.95,32441,-8.92,178.07,-0.82
2026-09-03,Monthly,2023-06-01,2023-06-30,38,State,Utah,2897,-21.07,500000,-5.64,39,15,3776,-22.91,12199,-3.7,3629,-0.7,237.98,0.06
2026-09-03,Monthly,2023-06-01,2023-06-30,40,State,Vermont,590,-18.08,387500,-0.39,43,8,635,-22.67,2142,-18.71,660,-19.54,221.18,5.45
2026-09-03,Monthly,2023-06-01,2023-06-30,42,State,Virginia,8429,-21.4,410000,3.8,23,2,9108,-24.85,23155,-20.15,9357,-17.59,206.91,4.3
2026-09-03,Monthly,2023-06-01,2023-06-30,44,State,Washington,6872,-25.53,587000,-4.36,14,3,7803,-31.23,19192,-21.2,7687,-19.37,321.01,-0.02
2026-09-03,Monthly,2023-06-01,2023-06-30,46,State,West Virginia,1077,-15.29,230000,2.38,58,-2,1227,-12.33,4420,-8.02,1154,-10.57,132.26,7.37
2026-09-03,Monthly,2023-06-01,2023-06-30,48,State,Wisconsin,5215,-19.87,305000,8.35,46,-2,5859,-18.93,17813,-17.76,5719,-17.15,168.57,7.82
2026-09-03,Monthly,2023-06-01,2023-06-30,50,State,Wyoming,600,-18.27,355900,6.65,67,6,684,-9.77,2826,0.78,592,-16.71,164.67,3.23
2026-09-03,Monthly,2023-05-01,2023-05-31,1,State,Alabama,5060,-22.41,284000,3.27,46,5,5951,-13.41,21087,-0.27,5952,-14.81,152.52,4.34
2026-09-03,Monthly,2023-05-01,2023-05-31,3,State,Alaska,651,-32.72,386375,4.43,30,5,698,-27.26,2139,-19.33,740,-26.07,222.46,6.43
2026-09-03,Monthly,2023-05-01,2023-05-31,5,State,Arizona,8026,-20.05,430000,-6.02,53,22,9206,-31.33,31387,-5.59,9878,-12.87,255.51,-3.62
2026-09-03,Monthly,2023-05-01,2023-05-31,7,State,Arkansas,3025,-20.7,250000,4.6,38,0,3707,-10.74,11897,0.67,3361,-15.31,144.73,5.52
2026-09-03,Monthly,2023-05-01,2023-05-31,9,State,California,22659,-25.89,710000,-5.33,33,11,24696,-31.81,71050,-21.05,24746,-25.84,443.62,0.06
2026-09-03,Monthly,2023-05-01,2023-05-31,11,State,Colorado,7195,-28.15,542000,-1.45,33,10,8258,-24.34,24326,-6.3,8344,-19.2,268.47,2.34
2026-09-03,Monthly,2023-05-01,2023-05-31,17,State,Columbia,623,-19.44,675000,3.85,52,19,749,-25.96,2870,-8.52,718,-14.27,511.86,-1.92
2026-09-03,Monthly,2023-05-01,2023-05-31,13,State,Connecticut,3146,-26.09,360000,7.14,37,0,3341,-28.6,9729,-24.67,3704,-24.74,206.19,7.38
2026-09-03,Monthly,2023-05-01,2023-05-31,15,State,Delaware,1118,-18.14,360000,2.86,36,18,1170,-19.18,3696,-6.33,1256,-13.63,202.24,8.55
2026-09-03,Monthly,2023-05-01,2023-05-31,19,State,Florida,32508,-15.07,390000,0,47,23,40526,-18.48,143080,17.37,38418,-12.52,245.68,1.61
2026-09-03,Monthly,2023-05-01,2023-05-31,21,State,Georgia,11334,-20.26,355000,0.57,40,15,15892,-10.39,49078,0.71,13882,-15.46,178.22,3.52
2026-09-03,Monthly,2023-05-01,2023-05-31,25,State,Hawaii,1027,-35.45,715000,1.19,70,15,1230,-27.06,5563,-5.55,1172,-23.27,666.58,-0.16
2026-09-03,Monthly,2023-05-01,2023-05-31,27,State,Idaho,2083,-20.83,450000,-12.62,45,23,2593,-23.55,9296,-1.06,2418,-10.03,257.58,-4.54
2026-09-03,Monthly,2023-05-01,2023-05-31,29,State,Illinois,11227,-23.45,275000,0,50,-4,12645,-24.08,41578,-24.89,13179,-19.95,163.95,2.69
2026-09-03,Monthly,2023-05-01,2023-05-31,31,State,Indiana,6683,-18.48,255000,5.37,21,-13,7224,-17.18,18998,-13.09,7863,-12.1,137.31,5.64
2026-09-03,Monthly,2023-05-01,2023-05-31,33,State,Iowa,3008,-18.11,225000,2.27,26,-24,3459,-12.49,10139,-20.04,3447,-6.12,146.24,4
2026-09-03,Monthly,2023-05-01,2023-05-31,35,State,Kansas,2765,-10.12,259950,0.02,23,-8,3010,-13.11,8193,-10.46,2929,-11.16,132.86,3.63
2026-09-03,Monthly,2023-05-01,2023-05-31,37,State,Kentucky,3620,-19.89,250000,4.6,33,6,4130,-18.58,12183,-8.51,4117,-16.52,150.4,6.39
2026-09-03,Monthly,2023-05-01,2023-05-31,39,State,Louisiana,3442,-25.54,245000,-2,56,27,4423,-14.72,18127,17.91,3741,-22.53,141.89,2.14
2026-09-03,Monthly,2023-05-01,2023-05-31,41,State,Maine,1367,-21.54,375000,7.14,43,29,1528,-23.43,4974,-8.13,1538,-25.79,236,12.29
2026-09-03,Monthly,2023-05-01,2023-05-31,43,State,Maryland,5779,-24.6,409128,2.03,28,8,6118,-26.2,16405,-17.39,6665,-19.47,213.5,3.18
2026-09-03,Monthly,2023-05-01,2023-05-31,45,State,Massachusetts,5069,-24.49,597500,1.27,23,2,5856,-23.8,13804,-18.36,5688,-24.58,337.14,5.2
2026-09-03,Monthly,2023-05-01,2023-05-31,47,State,Michigan,9940,-17.35,250000,2.04,26,4,11403,-18.91,31163,-10.68,10891,-14.37,147.65,4.14
2026-09-03,Monthly,2023-05-01,2023-05-31,49,State,Minnesota,5374,-24.07,340000,-0.58,28,8,6420,-17.42,19038,-10.31,6051,-18.13,183.38,3.18
2026-09-03,Monthly,2023-05-01,2023-05-31,51,State,Mississippi,1827,-16.07,253720,1.98,39,14,2317,-10.35,8017,11.15,2185,-1.42,138.8,3.84
2026-09-03,Monthly,2023-05-01,2023-05-31,2,State,Missouri,6312,-20.42,255000,2.04,23,-10,7020,-16.05,19111,-14.02,7265,-15.07,147.05,5.12
2026-09-03,Monthly,2023-05-01,2023-05-31,4,State,Montana,1003,-17.19,479000,1.07,67,9,1252,-9.86,5401,1.16,1325,3.49,267.82,2.98
2026-09-03,Monthly,2023-05-01,2023-05-31,6,State,Nebraska,1689,-11.87,285500,8.56,19,3,1930,-7.76,5191,-1.99,1691,-12.68,149.8,6.19
2026-09-03,Monthly,2023-05-01,2023-05-31,8,State,Nevada,3487,-22.46,422000,-8.26,52,25,3715,-38.08,12886,-10.64,4125,-14.69,249.17,-4.63
2026-09-03,Monthly,2023-05-01,2023-05-31,10,State,New Hampshire,1328,-23.49,450000,3.45,31,4,1521,-20.47,4098,-16.6,1523,-21.96,255.01,9.65
2026-09-03,Monthly,2023-05-01,2023-05-31,12,State,New Jersey,7224,-26.53,458700,4.49,43,-18,7926,-30.42,26015,-34.47,8595,-19.51,269.39,4.69
2026-09-03,Monthly,2023-05-01,2023-05-31,14,State,New Mexico,1640,-23.46,328995,4.44,36,-2,1918,-15.91,6364,-9.53,2068,-7.19,190,6.19
2026-09-03,Monthly,2023-05-01,2023-05-31,16,State,New York,11265,-21.79,440000,-4.35,36,5,12836,-16.94,46264,-12.37,12032,-14.29,259.97,8
2026-09-03,Monthly,2023-05-01,2023-05-31,18,State,North Carolina,12002,-19.69,362000,0.56,39,6,12569,-25.38,41011,-9.43,13318,-16.78,194.25,4.3
2026-09-03,Monthly,2023-05-01,2023-05-31,20,State,North Dakota,563,-33.42,277250,6.68,71,-2,720,2.41,2852,-7.54,473,-37.63,138.77,4.68
2026-09-03,Monthly,2023-05-01,2023-05-31,22,State,Ohio,10456,-19.19,233000,3.56,30,-7,11672,-20.46,30631,-20.1,12892,-18.99,143.61,5.74
2026-09-03,Monthly,2023-05-01,2023-05-31,23,State,Oklahoma,3964,-16.05,245000,3.16,22,12,4506,-15.93,14506,11.84,4447,-12.58,142.88,3.01
2026-09-03,Monthly,2023-05-01,2023-05-31,24,State,Oregon,3683,-32.65,500000,-3.85,34,20,4553,-23.98,14077,-3.83,4246,-24.8,294.16,1.43
2026-09-03,Monthly,2023-05-01,2023-05-31,26,State,Pennsylvania,10291,-18.02,270000,0,33,-3,11757,-19.95,34940,-15.32,11718,-14.45,165.31,3.56
2026-09-03,Monthly,2023-05-01,2023-05-31,58,State,Puerto Rico,NA,NA,NA,NA,NA,NA,NA,NA,NA,NA,NA,NA,NA,NA
2026-09-03,Monthly,2023-05-01,2023-05-31,28,State,Rhode Island,904,-22.42,425188,4.98,26,8,1000,-27.51,2435,-24.89,983,-22.31,242.03,9.83
2026-09-03,Monthly,2023-05-01,2023-05-31,30,State,South Carolina,7060,-16.61,339500,1.65,57,9,8085,-14.54,29728,-3.63,8156,-11.31,184.95,2.9
2026-09-03,Monthly,2023-05-01,2023-05-31,32,State,South Dakota,702,-18.86,310000,3.33,54,-2,889,4.39,3173,4.16,814,-9.75,181.4,6.89
2026-09-03,Monthly,2023-05-01,2023-05-31,34,State,Tennessee,8054,-19.4,350500,-1.24,52,13,9027,-19.66,33093,6.86,9498,-15.65,201.1,3.36
2026-09-03,Monthly,2023-05-01,2023-05-31,36,State,Texas,27577,-10.92,347500,-4.14,45,22,35405,-8.17,119984,20.32,32368,-12.66,178.37,-0.22
2026-09-03,Monthly,2023-05-01,2023-05-31,38,State,Utah,3005,-20.72,495000,-8.97,41,23,3687,-23.13,12248,8.55,3536,-15.29,235.27,-1.76
2026-09-03,Monthly,2023-05-01,2023-05-31,40,State,Vermont,572,-26.02,377000,1.89,38,11,653,-19.62,2158,-17.67,692,-18.72,232.98,12.32
2026-09-03,Monthly,2023-05-01,2023-05-31,42,State,Virginia,8462,-23.81,407000,1.75,25,5,8807,-27.18,23525,-18.27,9716,-19.41,206.57,4.4
2026-09-03,Monthly,2023-05-01,2023-05-31,44,State,Washington,6847,-32.23,583000,-6.72,16,5,7691,-30.59,19558,-14.53,7771,-26.2,318.71,-0.65
2026-09-03,Monthly,2023-05-01,2023-05-31,46,State,West Virginia,1016,-19.6,219900,-2.27,61,3,1220,-13.79,4405,-7.15,1150,-15.66,131.64,7.22
2026-09-03,Monthly,2023-05-01,2023-05-31,48,State,Wisconsin,5208,-22.14,292600,6.4,47,-1,5651,-21.24,17684,-18.71,5701,-20.17,167.76,8.32
2026-09-03,Monthly,2023-05-01,2023-05-31,50,State,Wyoming,571,-21.65,325000,1.56,66,8,706,-1.57,2788,0.2,567,-21.54,166.65,5.17
2026-09-03,Monthly,2023-04-01,2023-04-30,1,State,Alabama,5073,-22.85,274900,-0.04,47,6,5813,-14.36,21284,2.15,6090,-13.06,151.09,4.34
2026-09-03,Monthly,2023-04-01,2023-04-30,3,State,Alaska,625,-31.59,359900,2.83,29,5,698,-33.54,2251,-18.64,763,-27.6,219.9,5.51
2026-09-03,Monthly,2023-04-01,2023-04-30,5,State,Arizona,7826,-26.07,420000,-6.67,56,25,9302,-28.53,32778,7.51,11022,-3.17,254.21,-4.03
2026-09-03,Monthly,2023-04-01,2023-04-30,7,State,Arkansas,3029,-19.22,235000,2.17,39,3,3532,-14.87,12173,3.6,3811,-3.96,143.91,7.96
2026-09-03,Monthly,2023-04-01,2023-04-30,9,State,California,21303,-34.62,699000,-6.8,36,16,24795,-32.55,74187,-15.19,25577,-25.46,443.77,-0.72
2026-09-03,Monthly,2023-04-01,2023-04-30,11,State,Colorado,7451,-21.93,535000,-5.31,36,17,8146,-26.42,25178,-1.63,8590,-13.67,262.83,0.17
2026-09-03,Monthly,2023-04-01,2023-04-30,17,State,Columbia,610,-31.45,681250,-2.68,51,19,753,-22.28,2915,-5.74,722,-17.95,497.64,-5.41
2026-09-03,Monthly,2023-04-01,2023-04-30,13,State,Connecticut,3226,-25.39,350000,7.69,40,1,3330,-29.22,9946,-23.68,3799,-23.81,205.12,8.88
2026-09-03,Monthly,2023-04-01,2023-04-30,15,State,Delaware,1107,-22.36,363000,3.71,35,18,1158,-22.97,3733,-6.02,1256,-11.31,197.21,6.62
2026-09-03,Monthly,2023-04-01,2023-04-30,19,State,Florida,32754,-15.34,384075,1.07,49,25,40517,-15.67,144870,27.25,39245,-10.51,243.35,0.84
2026-09-03,Monthly,2023-04-01,2023-04-30,21,State,Georgia,11326,-22.77,347000,0.58,42,17,15314,-11.89,50278,7.17,14028,-13.66,176.98,4.23
2026-09-03,Monthly,2023-04-01,2023-04-30,25,State,Hawaii,1045,-33.65,695000,-7.95,73,19,1251,-24.11,5581,-5.32,1172,-25.1,698.73,4.63
2026-09-03,Monthly,2023-04-01,2023-04-30,27,State,Idaho,3203,15.06,402136,-19.73,51,31,2324,-30.12,9476,7.97,2499,-12.67,251.39,-7.32
2026-09-03,Monthly,2023-04-01,2023-04-30,29,State,Illinois,11503,-24,270000,0,49,1,12511,-26.32,42703,-22.53,13167,-18.57,161.31,1.82
2026-09-03,Monthly,2023-04-01,2023-04-30,31,State,Indiana,6753,-19.04,242504,5.44,23,-8,7137,-16.66,19077,-9.91,8001,-9.1,136.33,5.8
2026-09-03,Monthly,2023-04-01,2023-04-30,33,State,Iowa,3039,-20.37,215000,4.88,28,-18,3319,-14.28,10131,-18.29,3527,-2.21,147.21,6.01
2026-09-03,Monthly,2023-04-01,2023-04-30,35,State,Kansas,2696,-16.24,239900,0.38,23,-10,3039,-10.76,8487,-8.23,3110,-6.15,133.32,4.74
2026-09-03,Monthly,2023-04-01,2023-04-30,37,State,Kentucky,3648,-21.8,243000,5.19,33,4,4103,-19.16,12483,-5.87,4356,-8.74,149.48,6.18
2026-09-03,Monthly,2023-04-01,2023-04-30,39,State,Louisiana,3595,-23.37,239500,-3.43,53,22,4310,-17.34,17950,15.89,3854,-19.98,142.16,3.26
2026-09-03,Monthly,2023-04-01,2023-04-30,41,State,Maine,1426,-18.65,377000,9.28,39,24,1485,-27.51,5299,-2.45,1643,-19.93,230.27,8.72
2026-09-03,Monthly,2023-04-01,2023-04-30,43,State,Maryland,5829,-27.69,392475,1.94,32,14,5971,-29.21,16819,-16.31,6649,-22.81,212.4,3.29
2026-09-03,Monthly,2023-04-01,2023-04-30,45,State,Massachusetts,5192,-23.78,569000,-0.18,23,3,5439,-29.34,14571,-15,5688,-23.66,329.92,4.24
2026-09-03,Monthly,2023-04-01,2023-04-30,47,State,Michigan,9955,-18.88,237249,0.96,28,7,11431,-18.54,32131,-6.35,10939,-16.87,145.33,3.31
2026-09-03,Monthly,2023-04-01,2023-04-30,49,State,Minnesota,5468,-24.86,337000,-0.88,29,11,5954,-25.59,15826,-14.25,5761,-24.17,182.3,2.93
2026-09-03,Monthly,2023-04-01,2023-04-30,51,State,Mississippi,1856,-13.79,245000,2.13,43,14,2154,-19.18,8060,13.01,2291,1.01,136.81,3.25
2026-09-03,Monthly,2023-04-01,2023-04-30,2,State,Missouri,6407,-20.07,245000,2.13,25,-7,6904,-18.41,19588,-11.56,7411,-11.71,145.45,4.56
2026-09-03,Monthly,2023-04-01,2023-04-30,4,State,Montana,939,-24.96,469000,-4.29,63,7,1128,-12.36,5485,3.06,1324,2.9,264.95,2.58
2026-09-03,Monthly,2023-04-01,2023-04-30,6,State,Nebraska,1667,-18.5,275000,5.36,20,5,1784,-17.21,5167,-2.47,1700,-8.95,148.08,7.1
2026-09-03,Monthly,2023-04-01,2023-04-30,8,State,Nevada,3363,-28.36,411308,-8.8,57,34,3652,-36.4,13830,3.07,4126,-19.38,247.73,-5.75
2026-09-03,Monthly,2023-04-01,2023-04-30,10,State,New Hampshire,1379,-19.34,429278,4.7,33,13,1508,-20.61,4160,-13.32,1547,-20.52,248.21,8.24
2026-09-03,Monthly,2023-04-01,2023-04-30,12,State,New Jersey,7620,-23.96,430000,2.38,45,-15,7675,-32.24,26950,-31.58,8682,-20.07,268.14,5.22
2026-09-03,Monthly,2023-04-01,2023-04-30,14,State,New Mexico,1651,-25.4,321900,5.54,34,-4,1722,-26.1,6327,-9.34,2058,-9.27,188.55,6.34
2026-09-03,Monthly,2023-04-01,2023-04-30,16,State,New York,10994,-24.19,425000,-6.39,40,3,12829,-16.16,48257,-9.33,12003,-18.4,250.5,5.32
2026-09-03,Monthly,2023-04-01,2023-04-30,18,State,North Carolina,12278,-19.96,353000,0.86,40,0,12625,-22.32,41849,-9.23,13748,-11.98,192.51,4.45
2026-09-03,Monthly,2023-04-01,2023-04-30,20,State,North Dakota,588,-13.09,269500,-5.22,75,8,613,-18.35,2748,-12.26,461,-19.64,138.34,3.49
2026-09-03,Monthly,2023-04-01,2023-04-30,22,State,Ohio,10713,-17,220000,3.04,34,-3,11482,-23.55,31911,-16.36,13299,-15.86,142.36,5.57
2026-09-03,Monthly,2023-04-01,2023-04-30,23,State,Oklahoma,3833,-18.73,232000,0.87,28,17,4504,-15.68,14814,18.46,4584,-9.4,143.21,6.29
2026-09-03,Monthly,2023-04-01,2023-04-30,24,State,Oregon,3740,-34.3,490000,-4.14,36,25,4283,-29.08,14378,-1.54,4336,-25.21,289.19,-0.86
2026-09-03,Monthly,2023-04-01,2023-04-30,26,State,Pennsylvania,10597,-19.48,257000,0.78,33,-1,11840,-19.45,36480,-11.78,11799,-12.87,164.09,1.73
2026-09-03,Monthly,2023-04-01,2023-04-30,58,State,Puerto Rico,NA,NA,NA,NA,NA,NA,NA,NA,NA,NA,NA,NA,NA,NA
2026-09-03,Monthly,2023-04-01,2023-04-30,28,State,Rhode Island,941,-24.78,414000,3.5,30,10,972,-27.33,2577,-19.54,973,-22.77,240.28,7.46
2026-09-03,Monthly,2023-04-01,2023-04-30,30,State,South Carolina,7075,-18.51,329000,2.81,59,13,8007,-14.95,30106,0.92,8475,-4.17,183.32,3.18
2026-09-03,Monthly,2023-04-01,2023-04-30,32,State,South Dakota,616,-28.58,317250,6.32,53,2,879,-4.69,3047,0.01,824,-6.63,181.26,8.77
2026-09-03,Monthly,2023-04-01,2023-04-30,34,State,Tennessee,7975,-21.56,340000,-1.45,53,16,8900,-17.08,33046,13.21,9596,-14.45,199.58,5.04
2026-09-03,Monthly,2023-04-01,2023-04-30,36,State,Texas,27556,-12.57,339900,-2.89,46,24,34637,-9.64,120908,29.68,33063,-8.89,177.88,0.7
2026-09-03,Monthly,2023-04-01,2023-04-30,38,State,Utah,3014,-24.62,481250,-9.88,45,29,3579,-25.33,12644,22.24,3611,-15.66,233.22,-2.73
2026-09-03,Monthly,2023-04-01,2023-04-30,40,State,Vermont,640,-17.25,370000,-3.9,48,17,633,-20.1,2121,-16.32,681,-18.35,228.64,11.09
2026-09-03,Monthly,2023-04-01,2023-04-30,42,State,Virginia,8516,-25.45,390000,0.03,27,8,8836,-27.39,24065,-16.77,9578,-19.83,204.48,3.48
2026-09-03,Monthly,2023-04-01,2023-04-30,44,State,Washington,6931,-33.63,570000,-7.62,20,11,7386,-34.57,20672,-7.47,7901,-25.42,317.03,-1.93
2026-09-03,Monthly,2023-04-01,2023-04-30,46,State,West Virginia,1118,-13.5,225000,4.17,60,9,1217,-10.41,4433,-4.5,1175,-7.76,130.79,7.01
2026-09-03,Monthly,2023-04-01,2023-04-30,48,State,Wisconsin,5189,-23.31,282250,5.32,47,-1,5464,-25.35,17599,-19.24,5747,-20.15,166.03,6.63
2026-09-03,Monthly,2023-04-01,2023-04-30,50,State,Wyoming,524,-31.43,310400,-0.51,64,9,631,-14.32,2629,-5.79,516,-32.08,164.18,2.11
2026-09-03,Monthly,2023-03-01,2023-03-31,1,State,Alabama,5127,-24.92,274850,2.17,46,6,5775,-11.71,21486,3.63,5971,-16.37,149.19,5.04
2026-09-03,Monthly,2023-03-01,2023-03-31,3,State,Alaska,645,-29.56,349900,3.37,30,6,756,-26.44,2316,-12.36,725,-29.82,216.11,3.37
2026-09-03,Monthly,2023-03-01,2023-03-31,5,State,Arizona,7944,-27.76,411000,-7.85,59,29,9133,-29.42,34044,15.68,9783,-14.45,251,-4.26
2026-09-03,Monthly,2023-03-01,2023-03-31,7,State,Arkansas,3090,-20.76,245000,6.57,41,5,3511,-15.63,12480,4.15,3340,-17.7,140.3,5.76
2026-09-03,Monthly,2023-03-01,2023-03-31,9,State,California,22120,-34.34,685000,-6.16,40,20,23980,-36.14,77382,-10.67,24111,-33.35,444.03,0.01
2026-09-03,Monthly,2023-03-01,2023-03-31,11,State,Colorado,7546,-17.66,527000,-3.99,37,22,8262,-21.09,26036,6.51,8492,-10.25,261.13,-0.24
2026-09-03,Monthly,2023-03-01,2023-03-31,17,State,Columbia,597,-31.13,640000,-3.76,48,19,838,-19.92,2950,-6.83,679,-28.54,511.79,-2.98
2026-09-03,Monthly,2023-03-01,2023-03-31,13,State,Connecticut,3318,-24.45,329000,6.13,40,0,3387,-28.75,10403,-20.29,3632,-29.84,201.85,7.69
2026-09-03,Monthly,2023-03-01,2023-03-31,15,State,Delaware,1191,-21.02,349990,7.69,31,11,1149,-27.3,3760,-6.36,1226,-24.11,195.79,3.79
2026-09-03,Monthly,2023-03-01,2023-03-31,19,State,Florida,32465,-19.92,380000,2.7,48,25,40015,-15.59,146027,33.3,38443,-14.46,243.34,3.05
2026-09-03,Monthly,2023-03-01,2023-03-31,21,State,Georgia,11395,-23.71,339000,1.22,43,19,15962,-8.26,51716,11.62,13913,-16.08,175.26,4.84
2026-09-03,Monthly,2023-03-01,2023-03-31,25,State,Hawaii,1046,-34.26,740000,3.79,74,23,1131,-32.12,5579,-6.32,1087,-32.67,685.08,2.8
2026-09-03,Monthly,2023-03-01,2023-03-31,27,State,Idaho,2266,-21,429900,-12.07,62,44,2335,-27.77,9883,18.33,2391,-17.37,253.63,-6.48
2026-09-03,Monthly,2023-03-01,2023-03-31,29,State,Illinois,11913,-22.29,255000,-2.3,49,5,12758,-24.84,44261,-19.27,13039,-21.48,160.4,-0.06
2026-09-03,Monthly,2023-03-01,2023-03-31,31,State,Indiana,6938,-16.83,233836,5.33,25,-3,7195,-14.01,19844,-3.88,7938,-10.32,134.42,4.72
2026-09-03,Monthly,2023-03-01,2023-03-31,33,State,Iowa,3122,-19.34,211250,5.62,36,-9,3319,-15.14,10368,-16.09,3346,-9.64,145.91,4.68
2026-09-03,Monthly,2023-03-01,2023-03-31,35,State,Kansas,2731,-13.82,230000,0,24,-10,2897,-14.97,8504,-10.92,2989,-7.16,129.7,1.9
2026-09-03,Monthly,2023-03-01,2023-03-31,37,State,Kentucky,3764,-18.81,232500,3.33,33,3,4012,-20.3,12855,-4.14,4204,-26.22,149.86,6.96
2026-09-03,Monthly,2023-03-01,2023-03-31,39,State,Louisiana,3510,-25.7,239000,-0.42,50,19,4428,-11.55,18054,17.51,3836,-20.97,141.09,2.32
2026-09-03,Monthly,2023-03-01,2023-03-31,41,State,Maine,1376,-20.3,339500,6.09,37,22,1565,-19.46,5433,2.65,1608,-18.55,231.99,13.85
2026-09-03,Monthly,2023-03-01,2023-03-31,43,State,Maryland,6003,-27.45,375000,0.13,31,13,6172,-26.08,17666,-11.32,6672,-23.45,211.53,3.93
2026-09-03,Monthly,2023-03-01,2023-03-31,45,State,Massachusetts,5276,-22.87,550000,3.97,24,4,5903,-24.6,15377,-11.9,5602,-28.14,336.69,6.29
2026-09-03,Monthly,2023-03-01,2023-03-31,47,State,Michigan,10329,-15.6,229900,4.5,29,10,11456,-18.52,32970,-4,10900,-16.42,144.42,2.41
2026-09-03,Monthly,2023-03-01,2023-03-31,49,State,Minnesota,5571,-23.6,320000,-0.62,30,12,5880,-26.18,14590,-9.73,5621,-25.4,180.68,1.67
2026-09-03,Monthly,2023-03-01,2023-03-31,51,State,Mississippi,1847,-16.79,240763,5.37,43,20,2325,-4.15,8404,19.62,2227,2.42,135.32,2.64
2026-09-03,Monthly,2023-03-01,2023-03-31,2,State,Missouri,6408,-21.09,238424,5.97,26,-4,7006,-16.05,20441,-6.31,7433,-10.98,145.75,6.38
2026-09-03,Monthly,2023-03-01,2023-03-31,4,State,Montana,946,-23.3,450000,0.22,64,16,1090,-15.9,5595,3.74,1185,-0.63,264.61,3.53
2026-09-03,Monthly,2023-03-01,2023-03-31,6,State,Nebraska,1757,-12.48,271000,7.43,24,12,1832,-10.08,5370,3.92,1628,-14.07,146.43,6.11
2026-09-03,Monthly,2023-03-01,2023-03-31,8,State,Nevada,3429,-28.63,410000,-6.17,64,46,3392,-35.72,14579,13.95,3892,-26.01,244.06,-5.46
2026-09-03,Monthly,2023-03-01,2023-03-31,10,State,New Hampshire,1347,-19.87,420000,2.69,32,6,1510,-22.02,4311,-8.51,1518,-21.66,246.07,7.93
2026-09-03,Monthly,2023-03-01,2023-03-31,12,State,New Jersey,7750,-23.35,425000,4.94,45,-9,8039,-27.66,28427,-27.07,8725,-20.49,268.77,6.81
2026-09-03,Monthly,2023-03-01,2023-03-31,14,State,New Mexico,1666,-24.33,315000,6.42,38,2,1828,-17.35,6565,-4.33,2077,-7.79,187.05,6.26
2026-09-03,Monthly,2023-03-01,2023-03-31,16,State,New York,10527,-29.29,408173,-9.29,42,5,12874,-19.44,50787,-6.04,12112,-20.02,252.08,6.17
2026-09-03,Monthly,2023-03-01,2023-03-31,18,State,North Carolina,12381,-19.5,349900,4.45,40,4,12997,-15.13,43012,-5.64,13520,-10.78,193.22,6.54
2026-09-03,Monthly,2023-03-01,2023-03-31,20,State,North Dakota,615,-7.27,255000,3.26,71,5,583,-23.49,2770,-10.17,507,-12.28,135.83,2.76
2026-09-03,Monthly,2023-03-01,2023-03-31,22,State,Ohio,11172,-11.53,208750,4.37,34,-2,11693,-19.07,33304,-11.75,13285,-17.24,141.88,5.53
2026-09-03,Monthly,2023-03-01,2023-03-31,23,State,Oklahoma,3853,-19.62,235000,5.15,35,20,4553,-11.44,15039,23.04,4365,-14.87,143.9,9.47
2026-09-03,Monthly,2023-03-01,2023-03-31,24,State,Oregon,3826,-34.35,480000,-4,36,26,4275,-32.02,14921,1.12,4232,-30.5,290.56,-0.32
2026-09-03,Monthly,2023-03-01,2023-03-31,26,State,Pennsylvania,10881,-19.1,250000,0,33,-2,11836,-20.5,37674,-9.7,11439,-19.02,163.95,2.42
2026-09-03,Monthly,2023-03-01,2023-03-31,58,State,Puerto Rico,NA,NA,NA,NA,NA,NA,NA,NA,NA,NA,NA,NA,NA,NA
2026-09-03,Monthly,2023-03-01,2023-03-31,28,State,Rhode Island,930,-26.2,400000,6.67,31,11,977,-29.88,2737,-17.69,972,-26.2,239.56,7.55
2026-09-03,Monthly,2023-03-01,2023-03-31,30,State,South Carolina,7115,-20.05,323000,2.96,60,14,8139,-11.26,30766,3.6,8103,-11.77,182.24,4.6
2026-09-03,Monthly,2023-03-01,2023-03-31,32,State,South Dakota,644,-23.55,295000,3.07,55,9,783,-5.79,2917,-1.05,755,-16.93,179.07,9.93
2026-09-03,Monthly,2023-03-01,2023-03-31,34,State,Tennessee,8317,-19.13,340000,3.03,53,17,9006,-13.01,34319,19.53,9473,-17.29,198.03,4.93
2026-09-03,Monthly,2023-03-01,2023-03-31,36,State,Texas,27545,-15.26,334900,-0.33,47,25,35154,-7.13,123826,36.7,33962,-7.42,178.23,2.5
2026-09-03,Monthly,2023-03-01,2023-03-31,38,State,Utah,3185,-21.38,487000,-6.35,47,35,3478,-25.8,13216,34.68,3535,-17.61,235.19,-0.8
2026-09-03,Monthly,2023-03-01,2023-03-31,40,State,Vermont,577,-26.52,345000,4.55,39,-2,601,-33.52,2228,-15.91,656,-27.19,220.46,8.59
2026-09-03,Monthly,2023-03-01,2023-03-31,42,State,Virginia,8614,-27.06,370000,-0.8,27,7,8895,-25.46,24856,-13.35,9514,-19.77,205.38,5.33
2026-09-03,Monthly,2023-03-01,2023-03-31,44,State,Washington,7193,-31.42,560000,-6.82,25,18,7825,-32.11,21807,-2.49,7784,-29.6,320.04,-0.12
2026-09-03,Monthly,2023-03-01,2023-03-31,46,State,West Virginia,1147,-11.97,200000,-2.44,56,2,1142,-14.54,4491,-2.77,1187,-8.22,129.84,6.77
2026-09-03,Monthly,2023-03-01,2023-03-31,48,State,Wisconsin,5215,-25.46,275000,7.84,47,-1,5468,-21.98,17826,-18.36,5434,-23.72,164.31,5.71
2026-09-03,Monthly,2023-03-01,2023-03-31,50,State,Wyoming,554,-28.31,320000,7.02,57,4,573,-20.25,2590,-8.89,528,-30.96,164.82,2.1
2026-09-03,Monthly,2023-02-01,2023-02-28,1,State,Alabama,5297,-20.29,262000,0.77,46,5,5611,-12.91,21515,2.65,5945,-23.92,148.08,5.11
2026-09-03,Monthly,2023-02-01,2023-02-28,3,State,Alaska,627,-37.85,355000,9.23,26,8,746,-26.03,2267,-12.82,748,-32.3,217.87,6.07
2026-09-03,Monthly,2023-02-01,2023-02-28,5,State,Arizona,8002,-29.28,405000,-6.57,65,35,9476,-26.28,35682,20.54,10224,-17.47,251.83,-2
2026-09-03,Monthly,2023-02-01,2023-02-28,7,State,Arkansas,3184,-17.04,232500,3.33,38,3,3597,-12.37,12774,6.2,3410,-14.05,140.26,5.85
2026-09-03,Monthly,2023-02-01,2023-02-28,9,State,California,22005,-33.5,653000,-4.67,43,24,26189,-30.58,84068,-0.89,26477,-25.03,437.1,-1.18
2026-09-03,Monthly,2023-02-01,2023-02-28,11,State,Colorado,7548,-20.08,516000,-1.71,41,30,8122,-20.57,27088,13.37,8862,-2.65,261.04,1.07
2026-09-03,Monthly,2023-02-01,2023-02-28,17,State,Columbia,633,-30.24,614500,-6.5,57,30,777,-28.28,2949,-5.36,746,-23.27,496.67,-4.38
2026-09-03,Monthly,2023-02-01,2023-02-28,13,State,Connecticut,3355,-25.67,311000,3.67,40,-4,3766,-20.72,10848,-16.07,3947,-24.36,202.93,8.48
2026-09-03,Monthly,2023-02-01,2023-02-28,15,State,Delaware,1289,-18.67,350000,7.69,33,11,1303,-16.31,3868,-3.18,1365,-16.14,197.58,8.88
2026-09-03,Monthly,2023-02-01,2023-02-28,19,State,Florida,32152,-23.91,370000,4.23,47,25,39607,-15.68,147502,35.59,39200,-15.81,243.35,5.99
2026-09-03,Monthly,2023-02-01,2023-02-28,21,State,Georgia,11730,-23.17,330000,3.13,43,20,15660,-13.69,53350,15.06,14081,-20.23,174.68,6.34
2026-09-03,Monthly,2023-02-01,2023-02-28,25,State,Hawaii,1046,-37.41,680000,-2.86,69,14,1142,-36.08,5664,-4.66,1078,-36.15,692.12,3.46
2026-09-03,Monthly,2023-02-01,2023-02-28,27,State,Idaho,2411,-18.84,429900,-9.49,60,37,2441,-26.75,10554,30.31,2722,-10.28,253.15,-7.55
2026-09-03,Monthly,2023-02-01,2023-02-28,29,State,Illinois,11944,-24.65,239900,-0.04,50,12,12958,-23.08,45960,-10.78,14011,-17.54,159.41,0.61
2026-09-03,Monthly,2023-02-01,2023-02-28,31,State,Indiana,6964,-18.3,229900,6.93,27,-1,7796,-4.9,20395,-0.04,8270,-5.83,135.6,5.65
2026-09-03,Monthly,2023-02-01,2023-02-28,33,State,Iowa,3117,-21.38,196000,7.4,36,-9,3279,-21.32,10535,-14.13,3528,-7.99,143.05,1.21
2026-09-03,Monthly,2023-02-01,2023-02-28,35,State,Kansas,2849,-11.86,225600,7.43,25,-10,3106,-12.95,8849,-9.17,3088,-7.41,130.56,2.56
2026-09-03,Monthly,2023-02-01,2023-02-28,37,State,Kentucky,3792,-20.23,230000,5.99,33,3,4485,-10.08,13551,1.63,4493,-9.71,147.29,5.7
2026-09-03,Monthly,2023-02-01,2023-02-28,39,State,Louisiana,3542,-30.91,235000,-2.08,50,15,4171,-18.91,17864,16.16,3974,-23.28,139.67,1.55
2026-09-03,Monthly,2023-02-01,2023-02-28,41,State,Maine,1506,-15.08,330000,13.21,36,18,1523,-23.5,5516,6.48,1692,-13.36,231.35,13.96
2026-09-03,Monthly,2023-02-01,2023-02-28,43,State,Maryland,6155,-25.29,372000,4.79,30,7,6416,-26.08,18032,-8.17,6855,-24.96,210.1,2.32
2026-09-03,Monthly,2023-02-01,2023-02-28,45,State,Massachusetts,5397,-22.52,506000,4.33,24,6,6076,-23.1,16210,-4.61,6252,-18.12,331.83,6.58
2026-09-03,Monthly,2023-02-01,2023-02-28,47,State,Michigan,10484,-15.09,217000,3.33,28,9,11617,-17.06,34498,1.42,11448,-12.45,146.45,4.78
2026-09-03,Monthly,2023-02-01,2023-02-28,49,State,Minnesota,5706,-22.07,315000,3.28,30,12,5830,-26.96,12862,-1.51,5917,-22.78,180.62,3.11
2026-09-03,Monthly,2023-02-01,2023-02-28,51,State,Mississippi,1846,-19.77,240675,4.64,39,17,2155,-10.17,8103,14.36,13020,441.51,134.3,2.61
2026-09-03,Monthly,2023-02-01,2023-02-28,2,State,Missouri,6682,-18.1,226500,2.95,27,-1,7232,-12.96,21250,-2.79,7751,-8.89,143.12,4.97
2026-09-03,Monthly,2023-02-01,2023-02-28,4,State,Montana,1038,-17.5,469900,6.82,66,10,1117,-23.32,5774,6.01,1301,4.62,253.68,-1.85
2026-09-03,Monthly,2023-02-01,2023-02-28,6,State,Nebraska,1715,-17.44,260000,8.33,22,8,1812,-22.13,5476,4.11,1617,-21.69,148.5,9.81
2026-09-03,Monthly,2023-02-01,2023-02-28,8,State,Nevada,3343,-31.95,403500,-6.16,69,55,3480,-36.19,15856,22.97,4124,-24.79,247.76,-3.07
2026-09-03,Monthly,2023-02-01,2023-02-28,10,State,New Hampshire,1393,-18.93,399933,6.65,33,5,1557,-20.49,4472,-0.51,1590,-15.55,246.06,9.96
2026-09-03,Monthly,2023-02-01,2023-02-28,12,State,New Jersey,7598,-28.01,405000,2.02,48,-11,8650,-24.61,29631,-23.16,9320,-14.87,264.67,5.2
2026-09-03,Monthly,2023-02-01,2023-02-28,14,State,New Mexico,1676,-23.92,307000,2.78,39,4,1840,-22.02,6643,-2.24,2160,-5.45,187.55,7.83
2026-09-03,Monthly,2023-02-01,2023-02-28,16,State,New York,10329,-33.01,409950,-8.9,40,1,13654,-14.21,53078,-0.66,12411,-18.68,242.04,2.04
2026-09-03,Monthly,2023-02-01,2023-02-28,18,State,North Carolina,12513,-21.98,338315,4.1,41,5,13237,-14.09,44094,-4.29,14171,-8.88,191.64,7.37
2026-09-03,Monthly,2023-02-01,2023-02-28,20,State,North Dakota,664,-5.34,250000,2.04,74,5,689,-12.01,2936,-4.01,561,-7.46,139.4,7.54
2026-09-03,Monthly,2023-02-01,2023-02-28,22,State,Ohio,11112,-15.04,199900,5.21,35,0,12626,-8.24,35015,-6.26,13715,-10.4,140.21,4.57
2026-09-03,Monthly,2023-02-01,2023-02-28,23,State,Oklahoma,4106,-18.54,222356,3.42,40,20,4492,-6.71,15121,25.77,4431,-11.79,141.92,7.59
2026-09-03,Monthly,2023-02-01,2023-02-28,24,State,Oregon,3996,-29.13,471400,-1.38,36,23,4387,-35.87,15662,6.75,4535,-29.98,292.39,1.05
2026-09-03,Monthly,2023-02-01,2023-02-28,26,State,Pennsylvania,10894,-21.6,235000,1.29,35,-2,12154,-19.23,39180,-6.12,12440,-13.15,163.08,1.62
2026-09-03,Monthly,2023-02-01,2023-02-28,58,State,Puerto Rico,NA,NA,NA,NA,NA,NA,NA,NA,NA,NA,NA,NA,NA,NA
2026-09-03,Monthly,2023-02-01,2023-02-28,28,State,Rhode Island,879,-35.38,390000,5.98,28,2,1110,-23.11,3006,-8.19,1131,-14.17,236.76,7.52
2026-09-03,Monthly,2023-02-01,2023-02-28,30,State,South Carolina,7145,-21.09,312225,3.05,64,20,7897,-17.21,30975,3.55,8414,-10.49,182.09,6.53
2026-09-03,Monthly,2023-02-01,2023-02-28,32,State,South Dakota,708,-23.16,297875,8.36,55,8,744,-26.81,2927,-3.16,800,-15.15,179.58,8.14
2026-09-03,Monthly,2023-02-01,2023-02-28,34,State,Tennessee,8325,-18.28,330000,1.54,52,20,8883,-13.65,34150,24.55,9792,-14.94,197.39,6.86
2026-09-03,Monthly,2023-02-01,2023-02-28,36,State,Texas,27839,-14.99,329900,1.35,46,24,34892,-7.5,127136,39.19,33423,-11.19,177.06,3.04
2026-09-03,Monthly,2023-02-01,2023-02-28,38,State,Utah,3267,-17.9,467500,-6.5,50,50,3847,-15.33,14199,49.37,3752,-11.97,235.23,1
2026-09-03,Monthly,2023-02-01,2023-02-28,40,State,Vermont,567,-28.39,315000,3.28,42,1,667,-24.69,2225,-12.13,683,-24.45,219.25,5.18
2026-09-03,Monthly,2023-02-01,2023-02-28,42,State,Virginia,8922,-24.47,366000,5.48,28,5,9249,-26.1,25554,-9.25,10204,-18.28,201.93,4.35
2026-09-03,Monthly,2023-02-01,2023-02-28,44,State,Washington,7216,-22.65,550000,-1.79,29,24,7726,-36.16,23184,6.31,8591,-22.69,315.74,-1.39
2026-09-03,Monthly,2023-02-01,2023-02-28,46,State,West Virginia,1127,-21.9,199000,4.74,60,4,1249,-8.77,4573,-0.74,1187,-17.69,129.23,6.83
2026-09-03,Monthly,2023-02-01,2023-02-28,48,State,Wisconsin,5335,-24.67,260000,10.64,47,-1,5570,-23.11,18094,-17.29,5874,-19.56,162.84,6.59
2026-09-03,Monthly,2023-02-01,2023-02-28,50,State,Wyoming,613,-18.48,309000,4.75,66,15,603,-23.77,2614,-6.76,575,-23.17,159.32,1.77
2026-09-03,Monthly,2023-01-01,2023-01-31,1,State,Alabama,5188,-25,253000,1.2,45,-1,6019,-5.5,22195,3.77,6429,-11.5,147.78,6.79
2026-09-03,Monthly,2023-01-01,2023-01-31,3,State,Alaska,594,-46.81,355000,10.94,27,4,750,-17.61,2268,-11.58,759,-31.74,214.86,5.77
2026-09-03,Monthly,2023-01-01,2023-01-31,5,State,Arizona,7828,-34.88,400000,-4.76,60,28,9487,-25.86,36976,21.62,10227,-23.8,251.95,0.2
2026-09-03,Monthly,2023-01-01,2023-01-31,7,State,Arkansas,3004,-26.25,222000,2.72,41,4,3795,-10.51,12774,3.18,3426,-18.08,143.18,11.71
2026-09-03,Monthly,2023-01-01,2023-01-31,9,State,California,21185,-42.15,645000,-2.27,39,18,26274,-29.51,88764,6.78,26823,-25.17,436.69,-0.52
2026-09-03,Monthly,2023-01-01,2023-01-31,11,State,Colorado,7182,-33.94,499900,1.86,37,22,8127,-21.62,28242,16.45,8785,-5.89,260.27,2.1
2026-09-03,Monthly,2023-01-01,2023-01-31,17,State,Columbia,531,-41.69,555000,-13.95,45,8,813,-24.52,3009,-3.41,711,-29.08,510.95,-6.55
2026-09-03,Monthly,2023-01-01,2023-01-31,13,State,Connecticut,3366,-30.25,310000,3.33,40,-4,3829,-14.44,10979,-17.18,4007,-26.02,200.55,8.25
2026-09-03,Monthly,2023-01-01,2023-01-31,15,State,Delaware,1133,-33.45,338500,2.42,33,10,1330,-14.92,3905,-2.89,1371,-14.04,199.19,6.67
2026-09-03,Monthly,2023-01-01,2023-01-31,19,State,Florida,30643,-36.88,365550,4.74,45,21,39433,-13.41,148891,33.07,38979,-21.53,241.67,8.79
2026-09-03,Monthly,2023-01-01,2023-01-31,21,State,Georgia,11436,-28.72,318000,2.58,42,17,16313,-4.99,54777,17.01,14042,-24.32,175.14,7.77
2026-09-03,Monthly,2023-01-01,2023-01-31,25,State,Hawaii,941,-49.51,685000,-4.86,66,8,1152,-28.49,5681,-4.85,1005,-46.42,691.56,5.79
2026-09-03,Monthly,2023-01-01,2023-01-31,27,State,Idaho,2151,-38.36,425000,-7.61,50,23,2529,-25.33,11178,37.18,2730,-17.79,249.29,-6.76
2026-09-03,Monthly,2023-01-01,2023-01-31,29,State,Illinois,11488,-36.98,233000,-2.92,53,23,13617,-22.31,47507,-4.45,14356,-20.13,157.48,0.08
2026-09-03,Monthly,2023-01-01,2023-01-31,31,State,Indiana,6971,-26.71,215000,4.22,26,-3,7726,-9.99,20830,-0.22,8251,-11.55,133.88,4.08
2026-09-03,Monthly,2023-01-01,2023-01-31,33,State,Iowa,3109,-26.95,195000,5.98,37,-10,3357,-14.56,11099,-10.67,3617,-10.65,144.81,5.62
2026-09-03,Monthly,2023-01-01,2023-01-31,35,State,Kansas,2746,-29.24,222000,6.22,25,-13,3217,-5.56,8977,-8.93,3063,-11.76,133.47,5.99
2026-09-03,Monthly,2023-01-01,2023-01-31,37,State,Kentucky,3796,-23.92,222250,3.9,34,2,4577,-4.65,13609,0.28,4505,-9.95,146.14,5.08
2026-09-03,Monthly,2023-01-01,2023-01-31,39,State,Louisiana,3394,-36.58,229500,-0.37,56,16,4428,-14.27,17801,11.5,3922,-32.05,137.95,1.46
2026-09-03,Monthly,2023-01-01,2023-01-31,41,State,Maine,1456,-26.96,330000,13.79,38,19,1553,-17.98,5575,6.66,1701,-19.06,222.45,9.59
2026-09-03,Monthly,2023-01-01,2023-01-31,43,State,Maryland,5704,-37.1,355000,1.43,30,7,6697,-19.7,18654,-5.93,7001,-22.91,211.69,4.45
2026-09-03,Monthly,2023-01-01,2023-01-31,45,State,Massachusetts,5408,-27.68,512000,2.3,24,5,6165,-16,16585,-2.06,6227,-16.43,323.38,2.38
2026-09-03,Monthly,2023-01-01,2023-01-31,47,State,Michigan,10280,-20.49,202000,0.18,29,8,11671,-16.69,35290,3.76,11392,-15.22,143.45,3.66
2026-09-03,Monthly,2023-01-01,2023-01-31,49,State,Minnesota,5556,-29.9,304450,3.2,29,7,6050,-24.35,13133,6.13,6186,-19.53,179.76,2.85
2026-09-03,Monthly,2023-01-01,2023-01-31,51,State,Mississippi,1831,-23.56,225000,2.04,37,12,2190,-10.57,8025,10.45,1986,-21.01,134.61,3.64
2026-09-03,Monthly,2023-01-01,2023-01-31,2,State,Missouri,6561,-23.04,222900,3.67,26,-5,7319,-13.78,21749,-2.27,7990,-10.18,142.8,5.36
2026-09-03,Monthly,2023-01-01,2023-01-31,4,State,Montana,951,-32.61,472400,9.89,66,6,1227,-18.33,5904,8.49,1220,-9.32,257.85,-1.4
2026-09-03,Monthly,2023-01-01,2023-01-31,6,State,Nebraska,1657,-27.1,260000,8.33,25,5,1855,-13.04,5537,7.47,1763,-13.34,148.42,8.22
2026-09-03,Monthly,2023-01-01,2023-01-31,8,State,Nevada,3009,-47.42,400000,-3.98,62,42,3452,-35.11,16807,28.38,3964,-33.87,246.84,-0.93
2026-09-03,Monthly,2023-01-01,2023-01-31,10,State,New Hampshire,1343,-33.74,399933,6.65,32,4,1584,-16.33,4564,1.43,1657,-12.07,247.06,12.78
2026-09-03,Monthly,2023-01-01,2023-01-31,12,State,New Jersey,7566,-36.99,419000,3.46,48,-12,8711,-18.48,30093,-22.77,9109,-21.92,261.76,4.14
2026-09-03,Monthly,2023-01-01,2023-01-31,14,State,New Mexico,1637,-38.94,299900,4.49,40,0,1880,-18.38,6892,2.2,2087,-11.08,186.05,8.13
2026-09-03,Monthly,2023-01-01,2023-01-31,16,State,New York,10525,-34.77,410000,-5.75,41,2,13474,-14.75,53276,-2.46,12016,-21.46,244.59,3.76
2026-09-03,Monthly,2023-01-01,2023-01-31,18,State,North Carolina,12464,-31.57,332378,4.85,39,0,13767,-10.71,44823,-5.48,13885,-13.43,190.25,7.9
2026-09-03,Monthly,2023-01-01,2023-01-31,20,State,North Dakota,616,-29.87,229900,-7.47,71,1,679,-10.52,2860,-8.91,537,-33.34,132.65,2.56
2026-09-03,Monthly,2023-01-01,2023-01-31,22,State,Ohio,11003,-29.64,193000,4.32,37,2,12355,-13.76,35823,-6.8,13616,-18.02,140.23,5.68
2026-09-03,Monthly,2023-01-01,2023-01-31,23,State,Oklahoma,3826,-37.51,220000,6.8,39,16,4501,-11.52,15324,19.48,4648,-19.57,141.81,8.48
2026-09-03,Monthly,2023-01-01,2023-01-31,24,State,Oregon,3637,-46.12,455000,-0.22,34,19,4360,-32.22,16210,14.4,4849,-23.27,290.37,0.74
2026-09-03,Monthly,2023-01-01,2023-01-31,26,State,Pennsylvania,10624,-33.04,239900,2.09,35,-3,12325,-15.73,39600,-5.64,12390,-15.62,163.32,2.47
2026-09-03,Monthly,2023-01-01,2023-01-31,58,State,Puerto Rico,NA,NA,NA,NA,NA,NA,NA,NA,NA,NA,NA,NA,NA,NA
2026-09-03,Monthly,2023-01-01,2023-01-31,28,State,Rhode Island,916,-42.32,392000,7.4,28,1,1034,-24.8,2963,-13.22,1003,-29.7,235.17,5.55
2026-09-03,Monthly,2023-01-01,2023-01-31,30,State,South Carolina,7085,-25.67,318900,9.59,60,12,8179,-11.99,31342,2.7,8235,-16.47,177.6,3.57
2026-09-03,Monthly,2023-01-01,2023-01-31,32,State,South Dakota,742,-32.45,287000,1.73,54,1,809,-19.04,3033,1.14,967,-1.07,178.08,7.45
2026-09-03,Monthly,2023-01-01,2023-01-31,34,State,Tennessee,8075,-26.02,325000,3.35,53,15,9154,-3.79,35429,26.48,9953,-14.18,195.96,8.67
2026-09-03,Monthly,2023-01-01,2023-01-31,36,State,Texas,26383,-31.05,320000,1.59,44,20,35947,-4.72,129860,38.29,34009,-13.26,177.94,5.59
2026-09-03,Monthly,2023-01-01,2023-01-31,38,State,Utah,2882,-33.68,459000,-5.36,50,43,3779,-11.96,14771,58.66,3702,-11.25,234.99,3.1
2026-09-03,Monthly,2023-01-01,2023-01-31,40,State,Vermont,618,-31.41,325000,1.69,42,-6,642,-18.13,2248,-11.55,697,-21.17,223.47,12.05
2026-09-03,Monthly,2023-01-01,2023-01-31,42,State,Virginia,8739,-30.31,350000,4.48,28,2,9637,-13.75,26412,-5.21,10601,-11.25,202.18,5.24
2026-09-03,Monthly,2023-01-01,2023-01-31,44,State,Washington,6954,-37.8,527500,-0.47,25,20,7830,-24.42,24408,19.12,8598,-16.06,315.87,-0.43
2026-09-03,Monthly,2023-01-01,2023-01-31,46,State,West Virginia,1069,-30.77,199000,-0.75,60,2,1238,6.42,4552,-3.02,1205,-20.99,128.38,6.86
2026-09-03,Monthly,2023-01-01,2023-01-31,48,State,Wisconsin,5343,-28.07,247000,6.47,48,-2,5603,-22.23,18313,-17.7,5812,-23,162.31,7.57
2026-09-03,Monthly,2023-01-01,2023-01-31,50,State,Wyoming,595,-26.39,310000,11.31,66,12,639,-15.13,2582,-6.78,572,-28.01,169.14,13.66
2026-09-03,Monthly,2022-12-01,2022-12-31,1,State,Alabama,5082,-29.32,269900,4.61,45,-2,5870,-15.35,21515,-1.94,5754,-26.8,147.65,6.15
2026-09-03,Monthly,2022-12-01,2022-12-31,3,State,Alaska,641,-41.52,330000,1.54,27,3,729,-22.41,2270,-13.29,750,-26.26,209.25,3.83
2026-09-03,Monthly,2022-12-01,2022-12-31,5,State,Arizona,7952,-33.35,407495,-1.81,58,24,9262,-30.36,37796,20.82,9500,-33.75,250.92,0.99
2026-09-03,Monthly,2022-12-01,2022-12-31,7,State,Arkansas,3054,-27.1,234900,6.77,40,-4,3460,-23.02,12485,-2.39,3328,-21.16,142.74,9.34
2026-09-03,Monthly,2022-12-01,2022-12-31,9,State,California,21245,-40.6,650000,-3.7,37,14,28306,-23.56,92470,11.36,26726,-22.18,438.03,-0.06
2026-09-03,Monthly,2022-12-01,2022-12-31,11,State,Colorado,6709,-38.1,514000,2.8,36,18,8378,-26.86,28287,16.07,8280,-34.32,261.26,5.79
2026-09-03,Monthly,2022-12-01,2022-12-31,17,State,Columbia,493,-45.73,630000,-6.67,44,10,707,-30.29,2995,-5.77,639,-33.68,518.39,-5.37
2026-09-03,Monthly,2022-12-01,2022-12-31,13,State,Connecticut,3389,-27.41,320000,3.23,41,-5,3632,-26.57,11007,-21.75,3886,-31.41,199.65,6.62
2026-09-03,Monthly,2022-12-01,2022-12-31,15,State,Delaware,1058,-35.85,346500,6.62,32,10,1288,-19.65,3903,-2.6,1212,-29.78,192.66,7.34
2026-09-03,Monthly,2022-12-01,2022-12-31,19,State,Florida,29159,-34.29,370000,6.02,44,17,39390,-15.03,148254,27.09,37064,-26.73,241.9,11.38
2026-09-03,Monthly,2022-12-01,2022-12-31,21,State,Georgia,11717,-25.91,325000,4.02,38,13,16144,-12.36,55133,18.17,13275,-32.96,173.14,6.95
2026-09-03,Monthly,2022-12-01,2022-12-31,25,State,Hawaii,934,-43.69,711850,0.97,65,8,1214,-28.11,5710,-5.78,1089,-39.17,658.13,3.69
2026-09-03,Monthly,2022-12-01,2022-12-31,27,State,Idaho,1993,-41.06,445000,-1.11,52,24,2417,-29.26,11206,25.99,2410,-61.05,252.14,-3.53
2026-09-03,Monthly,2022-12-01,2022-12-31,29,State,Illinois,11410,-32.23,235000,-4.08,53,22,13164,-25.85,48166,-0.47,12942,-33.99,156.7,-0.71
2026-09-03,Monthly,2022-12-01,2022-12-31,31,State,Indiana,7062,-20.08,225000,4.65,24,-8,7812,-10.97,20618,-4.29,7454,-23.78,136.83,7.6
2026-09-03,Monthly,2022-12-01,2022-12-31,33,State,Iowa,3103,-23.49,190000,0,36,-15,3241,-23.82,10800,-15.98,2654,-36.68,140.1,-3.78
2026-09-03,Monthly,2022-12-01,2022-12-31,35,State,Kansas,2623,-29.2,237000,3.07,27,-11,2928,-21.15,8563,-15.8,2840,-23.03,130.24,5.93
2026-09-03,Monthly,2022-12-01,2022-12-31,37,State,Kentucky,3744,-24.3,225000,2.27,33,1,4100,-23.04,12975,-6.77,4100,-23.07,146.8,6.63
2026-09-03,Monthly,2022-12-01,2022-12-31,39,State,Louisiana,3547,-30.73,235000,0,47,7,3982,-27.43,17180,7.22,4090,-22.62,141.27,4.88
2026-09-03,Monthly,2022-12-01,2022-12-31,41,State,Maine,1369,-30.79,334750,8.8,40,21,1596,-20.94,5550,8.54,1772,-17.4,227.36,14.22
2026-09-03,Monthly,2022-12-01,2022-12-31,43,State,Maryland,5614,-36.87,369990,1.37,30,5,6524,-29.01,18528,-10.83,6768,-28.81,208.58,2.8
2026-09-03,Monthly,2022-12-01,2022-12-31,45,State,Massachusetts,5569,-23.53,517000,1.37,23,2,6114,-25.39,16390,-3.09,5891,-27.34,325.97,5.76
2026-09-03,Monthly,2022-12-01,2022-12-31,47,State,Michigan,10362,-19.64,212000,0,28,7,11733,-16.09,34816,0.14,11241,-17.33,141.52,1.98
2026-09-03,Monthly,2022-12-01,2022-12-31,49,State,Minnesota,5730,-27.8,305000,1.67,29,8,6132,-26.33,14322,4.52,5879,-28.15,179.78,4.52
2026-09-03,Monthly,2022-12-01,2022-12-31,51,State,Mississippi,1845,-21.54,232250,8.02,34,1,2186,-16.23,7861,5.9,1909,-16.13,132.42,4.44
2026-09-03,Monthly,2022-12-01,2022-12-31,2,State,Missouri,6594,-23.64,229500,2.46,26,-6,7143,-18.94,21286,-5.78,7332,-20.78,144.1,6.97
2026-09-03,Monthly,2022-12-01,2022-12-31,4,State,Montana,900,-38.77,435000,1.19,65,7,1246,-15.66,5856,4.61,1692,12.47,258.04,4.51
2026-09-03,Monthly,2022-12-01,2022-12-31,6,State,Nebraska,1571,-32.2,250000,6.38,27,8,1847,-14.61,5453,5.74,1660,-22.38,148.46,9.15
2026-09-03,Monthly,2022-12-01,2022-12-31,8,State,Nevada,2870,-47.87,410000,0,62,37,3633,-36.07,17545,33.52,3916,-38.63,248.44,1.38
2026-09-03,Monthly,2022-12-01,2022-12-31,10,State,New Hampshire,1428,-25.85,410000,8.75,32,3,1617,-18.5,4632,-2.54,1545,-23.54,243.81,9.69
2026-09-03,Monthly,2022-12-01,2022-12-31,12,State,New Jersey,7493,-30.65,420000,3.07,47,-15,8818,-23.83,30295,-25.09,8688,-29.63,261.61,5.83
2026-09-03,Monthly,2022-12-01,2022-12-31,14,State,New Mexico,1659,-33.57,309375,6.68,38,-2,2017,-17.81,7043,1.93,2012,-17.25,184.65,7.86
2026-09-03,Monthly,2022-12-01,2022-12-31,16,State,New York,10870,-25.82,385000,-6.1,41,0,13790,-14.74,53413,-2.89,11807,-27.08,232.56,-1.81
2026-09-03,Monthly,2022-12-01,2022-12-31,18,State,North Carolina,12628,-23.58,341450,5.39,38,-1,13699,-17.25,44309,-10.2,12885,-32.63,189.06,9.13
2026-09-03,Monthly,2022-12-01,2022-12-31,20,State,North Dakota,594,-30.8,254000,1.2,73,3,690,-11.68,2843,-12.3,599,-25.35,130.59,-0.03
2026-09-03,Monthly,2022-12-01,2022-12-31,22,State,Ohio,11259,-25.47,200000,4.44,37,-1,12351,-19.07,35599,-9.44,13729,-17.96,138.51,4.38
2026-09-03,Monthly,2022-12-01,2022-12-31,23,State,Oklahoma,3830,-29.97,216000,2.59,33,14,4469,-18.71,15078,15.34,4454,-23.74,141.36,8.74
2026-09-03,Monthly,2022-12-01,2022-12-31,24,State,Oregon,3628,-42.91,465000,0,31,14,4407,-35.11,16201,15.46,4016,-38.4,288.98,1.38
2026-09-03,Monthly,2022-12-01,2022-12-31,26,State,Pennsylvania,10228,-29.35,245000,2.08,35,-4,12273,-17.63,39026,-9.28,11874,-22.17,162.36,3.5
2026-09-03,Monthly,2022-12-01,2022-12-31,58,State,Puerto Rico,NA,NA,NA,NA,NA,NA,NA,NA,NA,NA,NA,NA,NA,NA
2026-09-03,Monthly,2022-12-01,2022-12-31,28,State,Rhode Island,876,-40.45,392429,6.06,28,2,1101,-25.95,2945,-15.88,1012,-31.72,254.48,15.55
2026-09-03,Monthly,2022-12-01,2022-12-31,30,State,South Carolina,7174,-23.94,320000,7.87,58,9,8046,-17.73,31595,-0.48,8742,-15.16,180.77,7.09
2026-09-03,Monthly,2022-12-01,2022-12-31,32,State,South Dakota,664,-37.68,295000,13.46,58,3,906,-7.39,3039,-7.7,753,-22.51,179.67,11.87
2026-09-03,Monthly,2022-12-01,2022-12-31,34,State,Tennessee,7720,-31.32,334900,6.32,50,11,8906,-25.86,34188,17.51,9815,-18.42,195.68,8.71
2026-09-03,Monthly,2022-12-01,2022-12-31,36,State,Texas,25925,-26.07,335000,3.11,41,16,35130,-8.57,128583,35.22,33037,-16.57,176.1,4.65
2026-09-03,Monthly,2022-12-01,2022-12-31,38,State,Utah,2651,-39.06,477500,0.53,46,38,3770,-13.2,15041,64.83,3380,-25.02,237.58,3.91
2026-09-03,Monthly,2022-12-01,2022-12-31,40,State,Vermont,579,-31.16,330425,1.67,44,-6,673,-22.4,2296,-13.75,685,-24.62,212.14,7.5
2026-09-03,Monthly,2022-12-01,2022-12-31,42,State,Virginia,9016,-27.75,355000,2.01,27,0,9482,-27.48,26358,-12.46,9879,-29.45,199.15,3.91
2026-09-03,Monthly,2022-12-01,2022-12-31,44,State,Washington,6821,-40.92,539000,-1.1,23,17,7726,-39.76,24575,21.88,7676,-32.89,318.39,1.45
2026-09-03,Monthly,2022-12-01,2022-12-31,46,State,West Virginia,1033,-25.55,199900,-3,62,5,1190,-19.89,4513,-10.81,1142,-24.17,127.35,6.54
2026-09-03,Monthly,2022-12-01,2022-12-31,48,State,Wisconsin,5498,-26.1,250000,5.49,47,-2,5677,-25.04,18477,-19.68,5950,-24.6,160.01,8.32
2026-09-03,Monthly,2022-12-01,2022-12-31,50,State,Wyoming,525,-41.03,300000,1.69,61,2,628,-27.69,2516,-15.27,565,-36.07,157.11,-1.08
2026-09-03,Monthly,2022-11-01,2022-11-30,1,State,Alabama,5334,-25.07,265000,6,45,-4,6065,-10.97,21727,-1.54,6388,-15.37,147.81,8.2
2026-09-03,Monthly,2022-11-01,2022-11-30,3,State,Alaska,728,-31.93,344950,2.97,28,-2,776,-17.95,2289,-18.05,728,-34.48,210.89,4.62
2026-09-03,Monthly,2022-11-01,2022-11-30,5,State,Arizona,8004,-36.08,415000,1.22,55,20,9516,-27.48,38292,19.93,8836,-41.27,250.45,2.06
2026-09-03,Monthly,2022-11-01,2022-11-30,7,State,Arkansas,3036,-29.1,230000,6.98,40,-6,3732,-14.53,12322,-9.37,3308,-24.08,141.46,11.13
2026-09-03,Monthly,2022-11-01,2022-11-30,9,State,California,21694,-42.8,677500,-1.09,37,14,28558,-25.31,92084,6.32,25771,-37.19,443.29,3.02
2026-09-03,Monthly,2022-11-01,2022-11-30,11,State,Colorado,6977,-40.52,524450,4.89,33,12,8705,-27.26,27904,11.11,7921,-37.52,260.83,6.19
2026-09-03,Monthly,2022-11-01,2022-11-30,17,State,Columbia,570,-40.66,645000,-11.49,52,18,805,-28.96,3016,-8.6,633,-41.06,513.28,-3.95
2026-09-03,Monthly,2022-11-01,2022-11-30,13,State,Connecticut,3573,-25.38,327750,5.73,41,-5,3740,-26.41,11238,-24.57,3926,-33.43,198.13,8.52
2026-09-03,Monthly,2022-11-01,2022-11-30,15,State,Delaware,1123,-35.86,355000,9.23,33,9,1248,-25.29,3861,-6.51,1208,-32.1,193.28,6.86
2026-09-03,Monthly,2022-11-01,2022-11-30,19,State,Florida,29690,-36.58,375000,10.29,42,15,38397,-16.37,145914,20.35,36269,-30.78,239.83,12.19
2026-09-03,Monthly,2022-11-01,2022-11-30,21,State,Georgia,11985,-32.21,330000,5.77,37,11,16395,-9.38,55344,17.88,13131,-36.55,173.96,10.66
2026-09-03,Monthly,2022-11-01,2022-11-30,25,State,Hawaii,995,-41.61,710000,2.16,65,11,1327,-22.78,5708,-8.51,1104,-42.65,669.8,5.62
2026-09-03,Monthly,2022-11-01,2022-11-30,27,State,Idaho,1994,-40.79,450000,0.22,47,18,2533,-29.28,11297,20.47,2332,-32.76,251.73,-4.07
2026-09-03,Monthly,2022-11-01,2022-11-30,29,State,Illinois,12063,-29.88,240000,-2.83,54,23,13589,-26.07,48968,0.29,13189,-32.92,156.67,-0.01
2026-09-03,Monthly,2022-11-01,2022-11-30,31,State,Indiana,7157,-20.43,230000,7.03,23,-12,7645,-16.41,20519,-10.31,7674,-25.23,132.68,6.45
2026-09-03,Monthly,2022-11-01,2022-11-30,33,State,Iowa,3265,-22.43,190000,0.53,37,-15,3478,-17.86,11184,-16.04,3384,-20.02,142.58,5.28
2026-09-03,Monthly,2022-11-01,2022-11-30,35,State,Kansas,2746,-28.61,237500,5.6,27,-14,2987,-17.91,8390,-20.31,2862,-23.46,131.31,7.72
2026-09-03,Monthly,2022-11-01,2022-11-30,37,State,Kentucky,3879,-22.57,230000,2.45,32,-1,4403,-17.02,12856,-10.06,4194,-22.51,145.22,7.54
2026-09-03,Monthly,2022-11-01,2022-11-30,39,State,Louisiana,3526,-32.07,240000,4.35,46,3,4190,-20.71,17252,6.44,4197,-23.36,138.51,4.61
2026-09-03,Monthly,2022-11-01,2022-11-30,41,State,Maine,1458,-26.96,326500,8.83,39,19,1707,-18.74,5413,4.53,1675,-25.39,221.8,9.85
2026-09-03,Monthly,2022-11-01,2022-11-30,43,State,Maryland,5894,-36.51,372000,3.33,30,5,6798,-28.09,18604,-15.3,6892,-30.09,207.86,3.65
2026-09-03,Monthly,2022-11-01,2022-11-30,45,State,Massachusetts,5637,-26.09,539000,4.76,23,2,6568,-22.34,15869,-9.85,6045,-30.08,329.62,8.54
2026-09-03,Monthly,2022-11-01,2022-11-30,47,State,Michigan,10516,-19.94,224628,2.1,28,5,11756,-16.82,34690,-2.4,11296,-18.54,142.11,3.4
2026-09-03,Monthly,2022-11-01,2022-11-30,49,State,Minnesota,5845,-28.13,310000,1.64,28,7,6235,-27.16,17521,-3.79,5868,-33.67,178.84,5.12
2026-09-03,Monthly,2022-11-01,2022-11-30,51,State,Mississippi,1896,-17.82,235000,9.3,35,-20,2224,-16.66,7685,-8.51,1879,-21.31,135.51,8.47
2026-09-03,Monthly,2022-11-01,2022-11-30,2,State,Missouri,6725,-23.39,235000,4.44,25,-9,7288,-16.65,21062,-9.25,7345,-23.3,142.17,6.8
2026-09-03,Monthly,2022-11-01,2022-11-30,4,State,Montana,913,-39.28,449000,8.19,67,6,1306,-12.95,5737,-0.4,946,-37.98,256.58,9.87
2026-09-03,Monthly,2022-11-01,2022-11-30,6,State,Nebraska,1658,-30.44,260000,11.59,26,9,1797,-20.6,5333,-0.61,1614,-26.86,145,7.97
2026-09-03,Monthly,2022-11-01,2022-11-30,8,State,Nevada,3121,-47.88,413000,1.98,57,30,3608,-38.48,17918,30.24,3521,-48.92,246.89,2.06
2026-09-03,Monthly,2022-11-01,2022-11-30,10,State,New Hampshire,1463,-29.54,415000,9.21,31,3,1620,-21.44,4587,-8.67,1601,-25.99,240.28,10.36
2026-09-03,Monthly,2022-11-01,2022-11-30,12,State,New Jersey,8049,-28.5,425000,6.25,48,-15,9021,-25.25,30802,-26.33,9131,-26.38,262.02,7.06
2026-09-03,Monthly,2022-11-01,2022-11-30,14,State,New Mexico,1755,-31.87,305000,6.27,43,4,2200,-12.62,7308,2.57,2054,-21.2,183.92,9.39
2026-09-03,Monthly,2022-11-01,2022-11-30,16,State,New York,11697,-20.45,400000,0.25,41,0,13976,-14.44,53096,-5.84,12058,-29.32,243.01,7.66
2026-09-03,Monthly,2022-11-01,2022-11-30,18,State,North Carolina,12825,-24.68,349950,10.92,38,-3,13819,-20.22,44038,-13.74,12874,-33.29,189.13,9.91
2026-09-03,Monthly,2022-11-01,2022-11-30,20,State,North Dakota,671,-18.62,246000,2.5,74,2,701,-12.65,2856,-13.85,642,-17.39,132.17,4.35
2026-09-03,Monthly,2022-11-01,2022-11-30,22,State,Ohio,11428,-24.67,204900,2.45,37,-2,12460,-18.89,35401,-12.53,13714,-20.51,138,5.56
2026-09-03,Monthly,2022-11-01,2022-11-30,23,State,Oklahoma,3978,-28.92,225000,4.65,27,10,4496,-17.22,14814,11.91,4586,-22.49,139.79,9.91
2026-09-03,Monthly,2022-11-01,2022-11-30,24,State,Oregon,3850,-42.9,485000,3.21,28,13,4755,-31.61,15927,9.78,4163,-40.87,288.22,3.66
2026-09-03,Monthly,2022-11-01,2022-11-30,26,State,Pennsylvania,10858,-26.54,255000,5.81,35,-7,12200,-19.52,38847,-12.74,12081,-22.67,161.06,3.7
2026-09-03,Monthly,2022-11-01,2022-11-30,58,State,Puerto Rico,NA,NA,NA,NA,NA,NA,NA,NA,NA,NA,NA,NA,NA,NA
2026-09-03,Monthly,2022-11-01,2022-11-30,28,State,Rhode Island,984,-31,400000,9.62,28,0,1133,-27.37,2813,-24.37,1016,-39.04,237,11.18
2026-09-03,Monthly,2022-11-01,2022-11-30,30,State,South Carolina,7359,-23.04,329934,13.61,57,8,8290,-15.78,31795,-3.2,7723,-28.44,180.85,10.39
2026-09-03,Monthly,2022-11-01,2022-11-30,32,State,South Dakota,757,-29.18,295250,12.69,56,-2,862,-14.56,3054,-13.03,769,-46.87,170.99,8.13
2026-09-03,Monthly,2022-11-01,2022-11-30,34,State,Tennessee,7851,-32.4,330000,5.77,49,10,9496,-17.54,35215,14.99,9695,-21.38,192.75,9.74
2026-09-03,Monthly,2022-11-01,2022-11-30,36,State,Texas,25991,-28.02,330449,4.74,38,13,35258,-9.08,126408,30.89,32945,-20.13,176.7,6.6
2026-09-03,Monthly,2022-11-01,2022-11-30,38,State,Utah,2628,-41.68,485000,3.19,43,30,3698,-21.15,14816,53.2,3262,-34.86,235.74,5.11
2026-09-03,Monthly,2022-11-01,2022-11-30,40,State,Vermont,632,-24.76,375000,13.98,44,-12,685,-25.17,2347,-16.94,684,-29.71,210.57,7.61
2026-09-03,Monthly,2022-11-01,2022-11-30,42,State,Virginia,9157,-29.64,360000,1.41,27,-1,9759,-25.37,26321,-17.25,9510,-35.86,200.96,6.47
2026-09-03,Monthly,2022-11-01,2022-11-30,44,State,Washington,7244,-40.66,550000,1.69,22,15,8409,-33.52,24529,19.34,7578,-39.86,318.05,2.73
2026-09-03,Monthly,2022-11-01,2022-11-30,46,State,West Virginia,1114,-21.23,207000,-1.43,63,3,1233,-20.59,4597,-9.88,1167,-17.31,126.4,6.17
2026-09-03,Monthly,2022-11-01,2022-11-30,48,State,Wisconsin,5604,-25.57,259900,8.29,47,-2,5925,-23.39,18715,-21.09,5865,-29.48,160,7.66
2026-09-03,Monthly,2022-11-01,2022-11-30,50,State,Wyoming,571,-34.81,320000,7.02,63,2,665,-26.33,2535,-18.27,597,-31.86,162.38,5.94
2026-09-03,Monthly,2022-10-01,2022-10-31,1,State,Alabama,5628,-18.92,270000,8.04,44,-6,6346,-3.02,21772,-1.63,9044,20.98,146.45,8.29
2026-09-03,Monthly,2022-10-01,2022-10-31,3,State,Alaska,793,-20.56,353500,7.12,35,6,792,-24.89,2318,-21.24,796,-26.38,211.98,8.19
2026-09-03,Monthly,2022-10-01,2022-10-31,5,State,Arizona,8421,-30.97,425000,4.67,52,17,9651,-25.92,39266,21.73,9007,-40.1,252.28,5.21
2026-09-03,Monthly,2022-10-01,2022-10-31,7,State,Arkansas,3286,-22.57,230000,10.05,38,-8,3852,-11.4,12273,-12.47,3405,-23.87,140.54,11.84
2026-09-03,Monthly,2022-10-01,2022-10-31,9,State,California,23749,-35.65,680000,0.15,36,12,29122,-25.09,92330,2.96,26220,-36.99,437.24,3.66
2026-09-03,Monthly,2022-10-01,2022-10-31,11,State,Colorado,7691,-32.03,526500,6.36,32,10,8901,-24.8,27379,6.38,8286,-35.32,258.98,5.69
2026-09-03,Monthly,2022-10-01,2022-10-31,17,State,Columbia,652,-27.66,652500,-7.45,40,6,826,-23.9,3005,-9.16,668,-35.01,503.66,-4.6
2026-09-03,Monthly,2022-10-01,2022-10-31,13,State,Connecticut,3700,-23.15,335000,9.84,41,-7,3792,-23.02,11486,-25.7,4116,-29.59,195.37,8.15
2026-09-03,Monthly,2022-10-01,2022-10-31,15,State,Delaware,1212,-28.48,347500,7.59,29,7,1289,-22.17,3871,-7.21,1192,-35.06,192.81,11.34
2026-09-03,Monthly,2022-10-01,2022-10-31,19,State,Florida,35035,-23.32,378990,14.85,38,11,37778,-18.98,144919,14.9,36175,-32.94,239.23,14.18
2026-09-03,Monthly,2022-10-01,2022-10-31,21,State,Georgia,12549,-22.19,330000,7.39,36,11,16649,-7.06,55891,20.27,13995,-29.6,173.85,12.58
2026-09-03,Monthly,2022-10-01,2022-10-31,25,State,Hawaii,1125,-31.15,735000,7.46,66,9,1295,-27.68,5692,-9.59,1154,-39.78,672.7,6.46
2026-09-03,Monthly,2022-10-01,2022-10-31,27,State,Idaho,2167,-33.92,462535,2.79,46,19,2685,-25.43,11610,18.58,2392,-29.72,254.05,-3.06
2026-09-03,Monthly,2022-10-01,2022-10-31,29,State,Illinois,12598,-24.71,248000,1.22,56,27,13979,-23.61,49950,0.82,13773,-28.8,156.67,0.96
2026-09-03,Monthly,2022-10-01,2022-10-31,31,State,Indiana,7394,-16.52,235000,9.3,22,-16,7712,-14.02,20692,-11.36,8012,-18.05,131.93,7.57
2026-09-03,Monthly,2022-10-01,2022-10-31,33,State,Iowa,3391,-16.39,200000,2.56,39,-12,3586,-14.36,11404,-15.15,3403,-17,141.64,5.07
2026-09-03,Monthly,2022-10-01,2022-10-31,35,State,Kansas,3013,-16.12,245500,10.59,26,-17,3036,-17.42,8339,-22.65,2946,-17.86,128.14,6.29
2026-09-03,Monthly,2022-10-01,2022-10-31,37,State,Kentucky,4070,-17.26,235000,6.82,33,-1,4411,-16.18,12886,-11.18,4318,-20.12,143.76,7.9
2026-09-03,Monthly,2022-10-01,2022-10-31,39,State,Louisiana,3915,-17.86,240000,4.35,42,-1,4610,-10.89,17297,5.1,4252,-21.65,139.95,7.1
2026-09-03,Monthly,2022-10-01,2022-10-31,41,State,Maine,1561,-23.65,335000,9.48,43,24,1610,-22.17,5400,2.99,1713,-24.98,221.94,12.67
2026-09-03,Monthly,2022-10-01,2022-10-31,43,State,Maryland,6320,-31.76,375000,2.74,30,6,6738,-27.96,18817,-17.51,7164,-27.6,205.57,3.81
2026-09-03,Monthly,2022-10-01,2022-10-31,45,State,Massachusetts,5909,-20.02,530000,6,23,1,6349,-21.26,15567,-14.14,6087,-29.2,326.47,7.79
2026-09-03,Monthly,2022-10-01,2022-10-31,47,State,Michigan,10890,-16.29,230000,4.55,28,6,11859,-15.74,35008,-2.5,11648,-15.14,142.34,5.68
2026-09-03,Monthly,2022-10-01,2022-10-31,49,State,Minnesota,6123,-22.97,320000,4.2,28,7,6487,-23.32,20398,-6.75,6141,-28.73,179.1,5.06
2026-09-03,Monthly,2022-10-01,2022-10-31,51,State,Mississippi,1971,-16.08,239900,10.05,39,-18,2318,-6.33,7611,-13.22,2136,2.91,134.97,7.11
2026-09-03,Monthly,2022-10-01,2022-10-31,2,State,Missouri,6980,-19.73,237925,10.15,24,-11,7528,-12.12,20984,-11.33,7479,-21.31,141.32,7.81
2026-09-03,Monthly,2022-10-01,2022-10-31,4,State,Montana,1069,-19.57,445000,7.23,68,8,1493,-4.1,5695,-0.77,1112,-16.58,258.74,9.59
2026-09-03,Monthly,2022-10-01,2022-10-31,6,State,Nebraska,1868,-16.36,262500,11.7,24,7,1935,-15.67,5330,-3.36,1694,-22.82,145.36,10.14
2026-09-03,Monthly,2022-10-01,2022-10-31,8,State,Nevada,3324,-39.94,423250,6.08,55,27,4127,-32.12,18563,31.63,3603,-48.1,246.59,3.07
2026-09-03,Monthly,2022-10-01,2022-10-31,10,State,New Hampshire,1589,-20.83,415000,12.47,32,2,1690,-13.91,4637,-10.73,1625,-24.66,237.24,10.33
2026-09-03,Monthly,2022-10-01,2022-10-31,12,State,New Jersey,8489,-24.97,425000,6.25,50,-11,9134,-23.91,31258,-27.07,9400,-23.92,258.74,6.8
2026-09-03,Monthly,2022-10-01,2022-10-31,14,State,New Mexico,2080,-18.18,325000,15.69,47,9,2191,-14.83,7226,-2.38,2186,-13.55,183.55,10.58
2026-09-03,Monthly,2022-10-01,2022-10-31,16,State,New York,12149,-18.72,400000,-1.23,40,0,14043,-15.09,52779,-8.18,12311,-24.99,241.07,4.47
2026-09-03,Monthly,2022-10-01,2022-10-31,18,State,North Carolina,13586,-16.95,346900,11.91,36,-6,13834,-22,44303,-14.64,13480,-29.24,188.74,12.16
2026-09-03,Monthly,2022-10-01,2022-10-31,20,State,North Dakota,672,-22.57,260000,6.01,71,-6,721,-13.3,2861,-15.74,640,-20.37,134.45,4.28
2026-09-03,Monthly,2022-10-01,2022-10-31,22,State,Ohio,11954,-20.2,210000,5,37,-2,12666,-17.56,35866,-13.53,13922,-20.38,138.3,7.29
2026-09-03,Monthly,2022-10-01,2022-10-31,23,State,Oklahoma,4409,-16.72,229173,7.59,24,8,4710,-14.32,14704,8.34,4602,-22.9,139.1,9.45
2026-09-03,Monthly,2022-10-01,2022-10-31,24,State,Oregon,4333,-32.09,490000,4.28,29,15,4975,-31.15,15648,4.77,4339,-38.8,288.33,4.61
2026-09-03,Monthly,2022-10-01,2022-10-31,26,State,Pennsylvania,11554,-19.05,255000,4.94,38,-2,12358,-17.24,39919,-11.5,12299,-20.74,162.89,6.74
2026-09-03,Monthly,2022-10-01,2022-10-31,58,State,Puerto Rico,NA,NA,NA,NA,NA,NA,NA,NA,NA,NA,NA,NA,NA,NA
2026-09-03,Monthly,2022-10-01,2022-10-31,28,State,Rhode Island,1060,-23.86,400000,9.59,30,2,1087,-30.88,2781,-26.33,991,-39.37,231.93,10.67
2026-09-03,Monthly,2022-10-01,2022-10-31,30,State,South Carolina,7629,-19.19,325000,12.29,56,5,8444,-15.01,32141,-3.88,7848,-27.84,180.56,12.2
2026-09-03,Monthly,2022-10-01,2022-10-31,32,State,South Dakota,812,-22.06,299000,15,54,-8,879,-14.76,3110,-15.2,807,-20.25,172.87,8.56
2026-09-03,Monthly,2022-10-01,2022-10-31,34,State,Tennessee,8641,-22.49,338000,9.03,48,8,9857,-13.77,34454,11.21,9827,-20.64,193.39,11.82
2026-09-03,Monthly,2022-10-01,2022-10-31,36,State,Texas,27953,-20.69,338000,8.33,36,11,36570,-3.96,124758,28.78,33249,-18.23,177.73,8.82
2026-09-03,Monthly,2022-10-01,2022-10-31,38,State,Utah,2734,-37.81,495000,6.45,40,28,3832,-13.51,14639,49.61,3149,-37.8,234.05,6.11
2026-09-03,Monthly,2022-10-01,2022-10-31,40,State,Vermont,665,-23.74,356125,7.92,46,-10,732,-9.98,2396,-19.43,707,-26.39,217.38,13.66
2026-09-03,Monthly,2022-10-01,2022-10-31,42,State,Virginia,9587,-25.16,365000,4.29,26,-4,9918,-24.98,26615,-20.03,10001,-31.68,199.71,6
2026-09-03,Monthly,2022-10-01,2022-10-31,44,State,Washington,7822,-34.56,565000,3.67,21,14,8826,-28.16,24344,16.9,7947,-38.72,318.38,3.48
2026-09-03,Monthly,2022-10-01,2022-10-31,46,State,West Virginia,1164,-14.66,211750,3.29,62,0,1237,-12.64,4621,-9.05,1163,-19.37,126.02,6.68
2026-09-03,Monthly,2022-10-01,2022-10-31,48,State,Wisconsin,5811,-22.14,260000,6.12,48,-2,6109,-23.27,19042,-21.17,5948,-28.5,160.56,8.78
2026-09-03,Monthly,2022-10-01,2022-10-31,50,State,Wyoming,635,-24.03,320000,4.25,58,-1,653,-24.63,2590,-16.64,648,-23.97,163.17,8.72
2026-09-03,Monthly,2022-09-01,2022-09-30,1,State,Alabama,5874,-17.91,275000,10.04,44,-7,6437,-1.32,21685,-3.78,6312,-16.56,145.86,8.71
2026-09-03,Monthly,2022-09-01,2022-09-30,3,State,Alaska,767,-21.8,350000,4.87,37,13,791,-25.02,2398,-20.79,849,-20.8,213.33,9.88
2026-09-03,Monthly,2022-09-01,2022-09-30,5,State,Arizona,8844,-28.94,425000,6.25,47,14,10068,-20.74,40473,24.31,9884,-32.2,253.54,6.79
2026-09-03,Monthly,2022-09-01,2022-09-30,7,State,Arkansas,3428,-16.14,240000,11.63,39,-7,3741,-14.22,12228,-13.92,3524,-18.82,140.09,11.4
2026-09-03,Monthly,2022-09-01,2022-09-30,9,State,California,25805,-29.3,695000,2.96,35,13,30216,-22.75,94307,3.93,27829,-33.66,435.65,5.99
2026-09-03,Monthly,2022-09-01,2022-09-30,11,State,Colorado,8282,-25.58,528300,7.82,32,9,9326,-18.46,27874,8.9,9414,-22.76,263.15,8.34
2026-09-03,Monthly,2022-09-01,2022-09-30,17,State,Columbia,651,-20.16,619000,0.65,42,9,900,-21.76,3052,-6.82,718,-23.7,514.3,-2.83
2026-09-03,Monthly,2022-09-01,2022-09-30,13,State,Connecticut,3818,-21.52,340000,9.68,42,-6,3876,-21.14,11854,-25.48,4260,-27.68,193.4,8.81
2026-09-03,Monthly,2022-09-01,2022-09-30,15,State,Delaware,1290,-24.06,355000,12.7,29,8,1359,-19.94,3970,-4.99,1352,-21.93,191.01,9.53
2026-09-03,Monthly,2022-09-01,2022-09-30,19,State,Florida,30845,-30.5,375000,14.33,36,9,37515,-18.86,145302,13.38,38410,-26.33,238.75,15.13
2026-09-03,Monthly,2022-09-01,2022-09-30,21,State,Georgia,12842,-20.19,340000,13.33,35,11,17283,-2.28,55668,20.29,14793,-22.84,173.57,14.11
2026-09-03,Monthly,2022-09-01,2022-09-30,25,State,Hawaii,1161,-32.63,705000,1.18,61,2,1348,-28.4,5764,-8.33,1244,-29.01,664.94,5.91
2026-09-03,Monthly,2022-09-01,2022-09-30,27,State,Idaho,2138,-31.68,459000,4.31,43,18,2923,-20.26,11803,19.5,2458,-24.85,255.49,-2.51
2026-09-03,Monthly,2022-09-01,2022-09-30,29,State,Illinois,13192,-21.48,252000,1.2,57,31,14328,-21.05,51069,2.98,14325,-24.33,156.43,1.36
2026-09-03,Monthly,2022-09-01,2022-09-30,31,State,Indiana,7590,-13.97,235000,6.87,22,-16,7996,-5.93,20844,-11.01,8090,-13.93,131.94,8.91
2026-09-03,Monthly,2022-09-01,2022-09-30,33,State,Iowa,3463,-14.5,206000,5.64,48,-6,3608,-10.38,11945,-10.86,3578,-10.37,141.86,8
2026-09-03,Monthly,2022-09-01,2022-09-30,35,State,Kansas,2997,-20.44,240000,8.11,28,-15,3124,-12.46,8612,-21.41,2995,-19.27,130.58,10.34
2026-09-03,Monthly,2022-09-01,2022-09-30,37,State,Kentucky,4186,-15.35,235000,6.82,34,0,4560,-12.97,13471,-7.81,4790,-6.92,144.83,9.67
2026-09-03,Monthly,2022-09-01,2022-09-30,39,State,Louisiana,3956,-1.59,238205,3.58,42,1,4766,19.61,17198,7.07,4407,1.57,137.81,7.77
2026-09-03,Monthly,2022-09-01,2022-09-30,41,State,Maine,1704,-14.85,335000,4.69,41,21,1710,-16.02,5554,1.46,1793,-22.48,217.11,11.1
2026-09-03,Monthly,2022-09-01,2022-09-30,43,State,Maryland,6712,-27.2,385000,5.48,29,6,7225,-23.68,19574,-16.34,7359,-26.08,207.1,5.56
2026-09-03,Monthly,2022-09-01,2022-09-30,45,State,Massachusetts,6044,-21.12,550000,7.84,22,1,6458,-18.81,15958,-14.45,6334,-26.72,318.02,5.33
2026-09-03,Monthly,2022-09-01,2022-09-30,47,State,Michigan,11194,-14.73,235000,4.44,28,5,11911,-15.62,35409,-3.05,12068,-12.83,143.65,7.4
2026-09-03,Monthly,2022-09-01,2022-09-30,49,State,Minnesota,6352,-21.09,324000,4.52,27,7,6564,-21.21,21708,-5.73,6323,-24.05,178.75,5.97
2026-09-03,Monthly,2022-09-01,2022-09-30,51,State,Mississippi,2048,-11.74,239450,9.86,36,-21,2306,-1.59,7657,-13.76,2132,-0.64,138.49,15.45
2026-09-03,Monthly,2022-09-01,2022-09-30,2,State,Missouri,7265,-17.06,242500,7.78,23,-12,7563,-12.65,20868,-13.84,7935,-13.71,141.37,9.64
2026-09-03,Monthly,2022-09-01,2022-09-30,4,State,Montana,1038,-27.91,469900,10.56,66,6,1334,-14.75,5615,-2.31,1056,-25.82,256.46,5.07
2026-09-03,Monthly,2022-09-01,2022-09-30,6,State,Nebraska,1919,-12.83,265000,11.34,22,5,1892,-16.77,5376,-4.29,1756,-18.19,145.59,9.99
2026-09-03,Monthly,2022-09-01,2022-09-30,8,State,Nevada,3503,-34.6,435000,10.13,48,23,4509,-22.99,18973,37.62,3970,-40.84,249.47,6.13
2026-09-03,Monthly,2022-09-01,2022-09-30,10,State,New Hampshire,1714,-13.57,421000,12.27,31,2,1684,-17.69,4749,-11.85,1665,-23.45,236.07,10.54
2026-09-03,Monthly,2022-09-01,2022-09-30,12,State,New Jersey,9032,-17.49,440000,8.81,61,2,9431,-17.98,36427,-16.96,14190,19.73,259.01,9.43
2026-09-03,Monthly,2022-09-01,2022-09-30,14,State,New Mexico,1948,-24.18,310000,10.71,43,5,2143,-15.95,7177,-5.78,2202,-13.85,179.87,8.08
2026-09-03,Monthly,2022-09-01,2022-09-30,16,State,New York,12644,-12.44,410000,-1.2,38,-4,14388,-10.02,52808,-9.66,12803,-18.43,242.74,11.55
2026-09-03,Monthly,2022-09-01,2022-09-30,18,State,North Carolina,13809,-17.09,350000,14.75,35,-7,14195,-18.73,45015,-13.64,14237,-21.99,188.34,13.05
2026-09-03,Monthly,2022-09-01,2022-09-30,20,State,North Dakota,760,-9.45,265000,6.04,71,-6,716,-9.4,2893,-15.25,710,-8.9,130.06,2.3
2026-09-03,Monthly,2022-09-01,2022-09-30,22,State,Ohio,12195,-17.35,217000,8.5,37,-2,12886,-14.83,36445,-13.24,14118,-19.52,138.54,8.96
2026-09-03,Monthly,2022-09-01,2022-09-30,23,State,Oklahoma,4602,-14.71,233000,10.95,20,6,4814,-7.68,14644,7.44,4739,-19.93,140.57,13.33
2026-09-03,Monthly,2022-09-01,2022-09-30,24,State,Oregon,4592,-26.56,499950,6.37,28,14,5207,-26.45,15541,5.19,4805,-30.94,287.81,4.9
2026-09-03,Monthly,2022-09-01,2022-09-30,26,State,Pennsylvania,11972,-17.73,256000,4.49,39,0,12604,-15.81,41027,-9.61,12483,-18.23,161.17,6.14
2026-09-03,Monthly,2022-09-01,2022-09-30,58,State,Puerto Rico,NA,NA,NA,NA,NA,NA,NA,NA,NA,NA,NA,NA,NA,NA
2026-09-03,Monthly,2022-09-01,2022-09-30,28,State,Rhode Island,1021,-28.51,405000,9.46,28,1,1084,-29.04,2847,-24.59,1070,-29.25,231.29,12.98
2026-09-03,Monthly,2022-09-01,2022-09-30,30,State,South Carolina,7783,-17.83,330000,17.29,55,3,8629,-11.96,32509,-2.55,8322,-19.56,179.07,12.04
2026-09-03,Monthly,2022-09-01,2022-09-30,32,State,South Dakota,855,-10.7,295000,9.06,57,-7,897,-9.22,3231,-13.34,829,-12.23,173.3,12.02
2026-09-03,Monthly,2022-09-01,2022-09-30,34,State,Tennessee,9397,-14.78,342175,14.06,46,5,10359,-7.44,35565,12.33,10224,-16.07,195.19,14.8
2026-09-03,Monthly,2022-09-01,2022-09-30,36,State,Texas,29355,-16.69,345000,11.29,34,9,36951,-1.92,123024,26.79,34298,-14.83,177.52,9.91
2026-09-03,Monthly,2022-09-01,2022-09-30,38,State,Utah,3265,-24.12,495000,6.45,37,25,3844,-14.27,14434,47.56,3394,-30.68,233,6.86
2026-09-03,Monthly,2022-09-01,2022-09-30,40,State,Vermont,718,-14.62,370000,17.93,46,-12,717,-14.89,2475,-20.52,720,-27.92,217.83,11.73
2026-09-03,Monthly,2022-09-01,2022-09-30,42,State,Virginia,9836,-24.65,365000,4.58,26,-3,10334,-21,27445,-19.33,10490,-25.63,197.93,6.72
2026-09-03,Monthly,2022-09-01,2022-09-30,44,State,Washington,8469,-27.7,575000,7.16,21,14,9070,-25.98,24535,16.71,8629,-32.16,318.71,6.23
2026-09-03,Monthly,2022-09-01,2022-09-30,46,State,West Virginia,1174,-14.98,225000,9.76,63,1,1221,-10.06,4678,-7.78,1158,-17.66,125.53,7.3
2026-09-03,Monthly,2022-09-01,2022-09-30,48,State,Wisconsin,6036,-19.15,271000,10.61,48,-2,6085,-22.18,19607,-19.25,6262,-22.66,158.41,8.77
2026-09-03,Monthly,2022-09-01,2022-09-30,50,State,Wyoming,638,-24.79,305000,1.7,61,-1,685,-12.8,2666,-14.81,645,-24.03,163.01,6.62
2026-09-03,Monthly,2022-08-01,2022-08-31,1,State,Alabama,5974,-14.28,269900,10.16,43,-8,6667,-0.51,21502,-5.66,6572,-11.98,146.51,11.21
2026-09-03,Monthly,2022-08-01,2022-08-31,3,State,Alaska,800,-15.87,351000,8,32,4,784,-30.3,2471,-19.42,835,-24.2,207.86,7.08
2026-09-03,Monthly,2022-08-01,2022-08-31,5,State,Arizona,8787,-28.85,429900,8.84,41,9,10390,-19.57,41041,25.29,10728,-23.86,254.87,9.18
2026-09-03,Monthly,2022-08-01,2022-08-31,7,State,Arkansas,3591,-10.72,240000,15.77,38,-10,3855,-14.09,12303,-15.46,3657,-27.73,139.76,13.41
2026-09-03,Monthly,2022-08-01,2022-08-31,9,State,California,25653,-29.25,698000,2.8,33,11,31162,-21.24,97353,6.25,30232,-27.52,436.05,4.86
2026-09-03,Monthly,2022-08-01,2022-08-31,11,State,Colorado,8104,-25.24,536578,9.51,31,8,9546,-17.32,28361,10.77,9892,-14.97,261.99,8.59
2026-09-03,Monthly,2022-08-01,2022-08-31,17,State,Columbia,669,-20.7,650000,-1.89,38,7,869,-20.62,3107,-2.79,791,-15,533.43,1.41
2026-09-03,Monthly,2022-08-01,2022-08-31,13,State,Connecticut,3932,-18.94,355000,9.23,40,-7,4047,-26.65,12444,-23.87,4499,-25.05,193.73,8.61
2026-09-03,Monthly,2022-08-01,2022-08-31,15,State,Delaware,1298,-18.03,360000,12.5,27,8,1395,-22.33,3979,-6.4,1423,-19.64,192.74,14.12
2026-09-03,Monthly,2022-08-01,2022-08-31,19,State,Florida,34060,-20.33,380000,16.92,31,3,44214,-5.68,146253,14.53,42094,-17.44,239.1,16.21
2026-09-03,Monthly,2022-08-01,2022-08-31,21,State,Georgia,13096,-18.8,340000,13.33,32,10,16799,-7.26,54828,18.37,15529,-16.94,173.92,15.9
2026-09-03,Monthly,2022-08-01,2022-08-31,25,State,Hawaii,1216,-30.62,699500,1.38,60,-2,1420,-23.29,5814,-8.04,1318,-30.93,665.12,11.64
2026-09-03,Monthly,2022-08-01,2022-08-31,27,State,Idaho,2145,-27.2,466500,5.31,40,16,2968,-16.52,11885,23.15,2523,-19.65,261.21,1.69
2026-09-03,Monthly,2022-08-01,2022-08-31,29,State,Illinois,13222,-19.38,260000,0.89,58,33,14562,-20.52,52296,5.53,15203,-19.25,157.39,2.64
2026-09-03,Monthly,2022-08-01,2022-08-31,31,State,Indiana,7758,-10.98,240000,11.11,18,-20,8011,-10.36,21271,-10.42,8628,-4.99,131.17,9.94
2026-09-03,Monthly,2022-08-01,2022-08-31,33,State,Iowa,3526,-13.64,212750,6.37,51,-4,3631,-11.96,12801,-5.23,3841,-2.72,141.67,7.29
2026-09-03,Monthly,2022-08-01,2022-08-31,35,State,Kansas,3133,-10.77,246000,5.81,28,-16,3203,-14.22,8805,-20.59,3181,-10.46,130.75,9.72
2026-09-03,Monthly,2022-08-01,2022-08-31,37,State,Kentucky,4161,-14.67,240000,10.22,34,3,4654,-12.64,13694,-5.52,4676,-9.05,145.16,11.31
2026-09-03,Monthly,2022-08-01,2022-08-31,39,State,Louisiana,4052,-7.6,240000,4.35,38,-4,4823,-4.37,16799,1,5760,26.14,137.99,6.24
2026-09-03,Monthly,2022-08-01,2022-08-31,41,State,Maine,1686,-13.69,340000,9.68,38,19,1715,-18.87,5750,1.58,1963,-11.59,210.79,9.33
2026-09-03,Monthly,2022-08-01,2022-08-31,43,State,Maryland,6885,-23.35,389000,4.4,26,6,7437,-28.67,20139,-15.69,7740,-22.59,207.02,6.81
2026-09-03,Monthly,2022-08-01,2022-08-31,45,State,Massachusetts,6224,-17.01,567500,6.07,22,0,6743,-22.3,16920,-9.78,7218,-13.97,321.78,8.49
2026-09-03,Monthly,2022-08-01,2022-08-31,47,State,Michigan,11387,-12.39,240000,6.67,26,3,11996,-15.56,36175,-0.81,12055,-12.89,142.97,8.16
2026-09-03,Monthly,2022-08-01,2022-08-31,49,State,Minnesota,6429,-20.09,330950,4.73,24,4,6729,-19.74,22928,-4.07,6697,-18.66,178.07,6.72
2026-09-03,Monthly,2022-08-01,2022-08-31,51,State,Mississippi,1992,-12.91,240000,9.09,34,-23,2424,-7.11,7641,-15.75,2130,1.31,136.59,12.92
2026-09-03,Monthly,2022-08-01,2022-08-31,2,State,Missouri,7323,-17.29,244400,9.11,21,-15,7685,-14.27,21518,-12.44,9806,4.02,140.7,9.83
2026-09-03,Monthly,2022-08-01,2022-08-31,4,State,Montana,1024,-27.15,475000,15.85,64,3,1345,-17.84,5577,-2.71,1013,-26.6,255.69,8.98
2026-09-03,Monthly,2022-08-01,2022-08-31,6,State,Nebraska,1877,-13.26,265000,10.42,21,6,2054,-10.28,5639,-1.08,1860,-12.19,140.68,8.99
2026-09-03,Monthly,2022-08-01,2022-08-31,8,State,Nevada,3355,-35.85,435000,10.9,44,18,5054,-15.81,19112,38.87,4245,-38.46,250.52,9.09
2026-09-03,Monthly,2022-08-01,2022-08-31,10,State,New Hampshire,1675,-13.24,428700,11.35,31,2,1732,-16.84,4983,-9.29,1819,-15.11,235.75,12.94
2026-09-03,Monthly,2022-08-01,2022-08-31,12,State,New Jersey,8997,-19.25,450000,7.14,62,1,9963,-24.11,37795,-15.95,10235,-19.3,258.53,8.55
2026-09-03,Monthly,2022-08-01,2022-08-31,14,State,New Mexico,1979,-20.83,305000,10.51,44,4,2127,-21.33,7279,-6.35,2153,-14.79,181.62,12.33
2026-09-03,Monthly,2022-08-01,2022-08-31,16,State,New York,12933,-12.64,444000,0.91,35,-8,14444,-13.68,54134,-10.61,13218,-17.07,239.03,6.89
2026-09-03,Monthly,2022-08-01,2022-08-31,18,State,North Carolina,13974,-15.93,350000,14.75,33,-11,15085,-13.91,46015,-11.97,15032,-15.31,188.75,15.96
2026-09-03,Monthly,2022-08-01,2022-08-31,20,State,North Dakota,705,-12.3,255000,-1.89,73,-6,744,-0.11,2977,-13.39,706,-8.85,130.1,4.81
2026-09-03,Monthly,2022-08-01,2022-08-31,22,State,Ohio,12670,-9.49,223000,6.19,37,-2,13185,-16,37745,-11.35,14824,-15.32,137.11,8.62
2026-09-03,Monthly,2022-08-01,2022-08-31,23,State,Oklahoma,4534,-12.36,231000,9.48,14,3,4883,-12.8,14761,6.36,5025,-13.5,138.59,10.66
2026-09-03,Monthly,2022-08-01,2022-08-31,24,State,Oregon,4523,-24.81,505000,7.23,23,11,5179,-24,15662,9.12,5263,-21.08,290.99,7.61
2026-09-03,Monthly,2022-08-01,2022-08-31,26,State,Pennsylvania,11954,-15.26,265000,3.92,38,-1,12471,-18.22,41498,-10.13,12898,-17.01,160.55,6.07
2026-09-03,Monthly,2022-08-01,2022-08-31,58,State,Puerto Rico,NA,NA,NA,NA,NA,NA,NA,NA,NA,NA,NA,NA,NA,NA
2026-09-03,Monthly,2022-08-01,2022-08-31,28,State,Rhode Island,1122,-15.18,400000,6.67,28,0,1119,-28.75,3055,-20.68,1183,-22.96,228.17,11.04
2026-09-03,Monthly,2022-08-01,2022-08-31,30,State,South Carolina,7898,-16.55,325000,14.04,52,0,8741,-11.36,32756,-1.4,8687,-13.94,178.59,12.84
2026-09-03,Monthly,2022-08-01,2022-08-31,32,State,South Dakota,800,-18.08,299000,10.76,56,-9,960,-4.06,3332,-12.79,861,-10.24,171.99,10.98
2026-09-03,Monthly,2022-08-01,2022-08-31,34,State,Tennessee,9119,-18.26,345000,15,44,3,10648,-5.67,34529,10.91,10512,-14.44,194.17,16.95
2026-09-03,Monthly,2022-08-01,2022-08-31,36,State,Texas,28939,-15.58,346500,11.71,30,6,36756,-4.23,120335,24.39,35028,-12.87,178.03,12.07
2026-09-03,Monthly,2022-08-01,2022-08-31,38,State,Utah,3223,-23.18,504819,10.83,32,20,3940,-12.15,14367,48.48,3669,-22.86,234.61,9.02
2026-09-03,Monthly,2022-08-01,2022-08-31,40,State,Vermont,740,-15.73,349500,9.99,42,-15,776,-10.66,2607,-19.47,806,-16.25,213.96,17.2
2026-09-03,Monthly,2022-08-01,2022-08-31,42,State,Virginia,10149,-21.79,370173,4.8,24,-5,10407,-24.92,28092,-19.16,11077,-20.8,198.23,7.37
2026-09-03,Monthly,2022-08-01,2022-08-31,44,State,Washington,8461,-26.32,575000,4.7,18,10,9482,-20.55,25323,22.37,9293,-30.25,319.63,6.25
2026-09-03,Monthly,2022-08-01,2022-08-31,46,State,West Virginia,1224,-7.45,224700,9.6,61,-2,1291,-7.9,4792,-6.33,1270,-10.21,124.53,7.24
2026-09-03,Monthly,2022-08-01,2022-08-31,48,State,Wisconsin,6239,-15.48,274900,9.96,48,-2,6095,-23.59,20376,-15.84,6601,-15.88,158.04,10.04
2026-09-03,Monthly,2022-08-01,2022-08-31,50,State,Wyoming,636,-23.04,315000,9,61,-2,721,-14.46,2709,-15.42,663,-21.57,164.75,10.15
2026-09-03,Monthly,2022-07-01,2022-07-31,1,State,Alabama,5992,-14.37,276000,10.4,42,-10,6579,-5.84,21466,-5.7,6624,-11.02,146.68,12.34
2026-09-03,Monthly,2022-07-01,2022-07-31,3,State,Alaska,837,-11.96,358333,5.94,30,2,851,-27.07,2592,-14.45,916,-13.6,208.75,8.26
2026-09-03,Monthly,2022-07-01,2022-07-31,5,State,Arizona,9082,-26.99,440800,12.74,37,4,12897,-2.02,39870,24.58,10106,-23.79,259.7,13.02
2026-09-03,Monthly,2022-07-01,2022-07-31,7,State,Arkansas,3435,-13.36,239000,11.16,37,-14,4146,-5.56,12365,-14.86,3743,-25.94,139.15,14.34
2026-09-03,Monthly,2022-07-01,2022-07-31,9,State,California,25853,-30.75,715000,4.38,29,8,33479,-16.79,97764,6.94,29328,-29.17,443.31,7.18
2026-09-03,Monthly,2022-07-01,2022-07-31,11,State,Colorado,8379,-24.49,540500,8.12,29,6,10729,-6.01,28169,10.77,9028,-23.75,262.41,12.06
2026-09-03,Monthly,2022-07-01,2022-07-31,17,State,Columbia,681,-26.01,649000,-3.49,37,7,991,-12.68,3128,-0.69,750,-20.84,508.82,-3.65
2026-09-03,Monthly,2022-07-01,2022-07-31,13,State,Connecticut,3996,-20.89,365000,9.13,40,-8,4408,-21.28,12944,-21.82,4622,-21.12,194.21,10.59
2026-09-03,Monthly,2022-07-01,2022-07-31,15,State,Delaware,1329,-12.94,350000,7.61,22,3,1496,-17.52,4020,-3.03,1429,-14.86,188.03,10.97
2026-09-03,Monthly,2022-07-01,2022-07-31,19,State,Florida,34480,-22.22,384000,18.15,28,-1,49659,4.62,141917,12.51,41074,-16.71,240.27,18.64
2026-09-03,Monthly,2022-07-01,2022-07-31,21,State,Georgia,13309,-17.96,345000,15,28,6,17481,-2.69,53426,17.01,15265,-15.5,173.84,17.8
2026-09-03,Monthly,2022-07-01,2022-07-31,25,State,Hawaii,1280,-26.11,725000,8.21,57,-4,1525,-8.02,5838,-7.16,1391,-24.44,659.49,9.21
2026-09-03,Monthly,2022-07-01,2022-07-31,27,State,Idaho,2110,-31.8,480000,9.09,38,14,3372,-5.26,11813,26.43,2505,-15.25,261.27,2.95
2026-09-03,Monthly,2022-07-01,2022-07-31,29,State,Illinois,13701,-18.51,273000,3.8,56,39,15611,-17.07,53872,9.68,15051,-20.07,158.13,3.37
2026-09-03,Monthly,2022-07-01,2022-07-31,31,State,Indiana,7894,-10,245000,11.36,21,-20,8582,-2.26,22218,-4.49,8899,0.31,131.04,12.46
2026-09-03,Monthly,2022-07-01,2022-07-31,33,State,Iowa,3520,-12.65,225000,12.5,51,-6,3903,-1.3,12943,-3.75,3498,-11.22,141.12,8.51
2026-09-03,Monthly,2022-07-01,2022-07-31,35,State,Kansas,3042,-14.16,255000,8.51,31,-12,3348,-12.27,9116,-18.33,3352,-8.01,128.67,9.59
2026-09-03,Monthly,2022-07-01,2022-07-31,37,State,Kentucky,4311,-11.78,240000,6.97,30,-3,4918,-10.26,13863,-1.85,4611,-9.62,145.01,12.05
2026-09-03,Monthly,2022-07-01,2022-07-31,39,State,Louisiana,4111,-14.5,249172,7.4,30,-12,4990,-7.22,16334,-2.1,4412,-9.05,139.06,7.09
2026-09-03,Monthly,2022-07-01,2022-07-31,41,State,Maine,1685,-17.87,350717,11.34,34,15,1910,-13.09,5909,2.62,1918,-12.62,214.98,14.23
2026-09-03,Monthly,2022-07-01,2022-07-31,43,State,Maryland,6993,-21.71,395000,5.33,25,6,8347,-22.58,20513,-10.98,7771,-22.38,207.13,6.32
2026-09-03,Monthly,2022-07-01,2022-07-31,45,State,Massachusetts,6273,-18.26,590000,9.77,22,0,7776,-9.62,17452,-5.03,7156,-9.24,322.3,9.66
2026-09-03,Monthly,2022-07-01,2022-07-31,47,State,Michigan,11622,-10.77,250000,8.7,25,3,13894,-2.27,36862,4.01,12324,-9.9,141.33,7.41
2026-09-03,Monthly,2022-07-01,2022-07-31,49,State,Minnesota,6641,-18.08,338500,7.46,23,4,7236,-13.37,22846,-1.51,6845,-15.66,176.95,6.35
2026-09-03,Monthly,2022-07-01,2022-07-31,51,State,Mississippi,2057,-9.82,250000,15.23,28,-32,2513,-4.54,7483,-17.05,2098,-0.03,134.86,13.06
2026-09-03,Monthly,2022-07-01,2022-07-31,2,State,Missouri,7471,-15.02,250000,11.11,22,-13,8087,-9.33,22256,-7.28,8106,-11.59,140.64,11.59
2026-09-03,Monthly,2022-07-01,2022-07-31,4,State,Montana,1072,-27.44,465000,16.54,63,-3,1449,-5.22,5544,-2.82,1083,-25.63,258.93,11.99
2026-09-03,Monthly,2022-07-01,2022-07-31,6,State,Nebraska,1898,-12.38,275000,14.14,17,2,2118,-6.38,5547,-2.25,1791,-13.59,145.31,13.52
2026-09-03,Monthly,2022-07-01,2022-07-31,8,State,Nevada,3577,-32.37,445000,12.83,35,10,6046,1.85,18227,36.46,3950,-35.14,252.06,12.14
2026-09-03,Monthly,2022-07-01,2022-07-31,10,State,New Hampshire,1619,-15.4,430000,13.16,28,-2,1836,-13.18,5000,-9.41,1812,-15.86,233.67,14.23
2026-09-03,Monthly,2022-07-01,2022-07-31,12,State,New Jersey,9222,-16.71,459000,9.55,64,2,10920,-19.22,39277,-13.09,11132,-7.89,256.92,8.85
2026-09-03,Monthly,2022-07-01,2022-07-31,14,State,New Mexico,1948,-22.25,307500,9.82,41,0,2343,-15.09,7352,-5.42,5855,118.8,180.83,13.93
2026-09-03,Monthly,2022-07-01,2022-07-31,16,State,New York,13492,-10.3,455000,4.6,34,-9,15014,-10.77,54892,-10.3,13408,-18.96,238.39,6.18
2026-09-03,Monthly,2022-07-01,2022-07-31,18,State,North Carolina,14292,-13.14,357315,17.58,31,-13,16397,-6.5,46105,-11.42,14916,-13.39,188.56,18.21
2026-09-03,Monthly,2022-07-01,2022-07-31,20,State,North Dakota,705,-18.59,270000,5.92,72,-9,700,-15.02,2976,-16.81,722,-11.17,132.24,6.85
2026-09-03,Monthly,2022-07-01,2022-07-31,22,State,Ohio,12715,-8.86,225000,7.14,37,-3,14054,-12.39,38660,-8.09,14972,-16.33,136.56,8.98
2026-09-03,Monthly,2022-07-01,2022-07-31,23,State,Oklahoma,4605,-5.35,235000,12.44,13,3,5555,-4.16,14741,8.92,5189,-9.26,137.31,12.89
2026-09-03,Monthly,2022-07-01,2022-07-31,24,State,Oregon,4698,-24.44,512300,8.17,20,10,5699,-12.83,15779,12.46,5009,-23.99,289.15,8.33
2026-09-03,Monthly,2022-07-01,2022-07-31,26,State,Pennsylvania,12128,-14.32,274000,7.03,38,1,12863,-16.13,42130,-7.12,13096,-12.45,162.18,8.54
2026-09-03,Monthly,2022-07-01,2022-07-31,58,State,Puerto Rico,NA,NA,NA,NA,NA,NA,NA,NA,NA,NA,NA,NA,NA,NA
2026-09-03,Monthly,2022-07-01,2022-07-31,28,State,Rhode Island,1189,-9.46,401550,8.53,24,-3,1313,-20.43,3282,-13.27,1252,-15.95,226.37,10.72
2026-09-03,Monthly,2022-07-01,2022-07-31,30,State,South Carolina,8080,-14.22,330000,17.69,50,-3,9015,-10.11,32556,-1.32,8610,-12.55,179.84,15.59
2026-09-03,Monthly,2022-07-01,2022-07-31,32,State,South Dakota,804,-13.06,310500,18.29,58,-8,989,-3.96,3272,-14.52,1077,15.37,171.7,13.11
2026-09-03,Monthly,2022-07-01,2022-07-31,34,State,Tennessee,9237,-14.79,345400,15.13,41,1,11427,-0.06,34485,10.76,10559,-13.32,196.35,20.39
2026-09-03,Monthly,2022-07-01,2022-07-31,36,State,Texas,29380,-13.38,350000,12.25,26,2,38083,-0.01,115934,23.49,34660,-12.95,178.41,14.37
2026-09-03,Monthly,2022-07-01,2022-07-31,38,State,Utah,3062,-28.09,510000,11.06,27,14,4730,2.61,13953,49.06,3682,-20.3,233.26,10.12
2026-09-03,Monthly,2022-07-01,2022-07-31,40,State,Vermont,701,-20.92,370000,16.58,37,-28,758,-22.19,2562,-23.85,798,-19.43,203.47,9.46
2026-09-03,Monthly,2022-07-01,2022-07-31,60,State,Virgin Islands of the U.S.,NA,NA,NA,NA,NA,NA,NA,NA,NA,NA,NA,NA,NA,NA
2026-09-03,Monthly,2022-07-01,2022-07-31,42,State,Virginia,10383,-21.27,380000,5.56,23,-4,11455,-20.39,28806,-17.01,11122,-19.28,197.34,7.73
2026-09-03,Monthly,2022-07-01,2022-07-31,44,State,Washington,8494,-27.96,590000,7.27,14,6,10588,-9.01,25613,27.14,9387,-19.89,321.22,9.09
2026-09-03,Monthly,2022-07-01,2022-07-31,46,State,West Virginia,1158,-16.2,215000,6.17,58,-8,1305,-11.55,4790,-6.33,1243,-11.84,124.1,7.87
2026-09-03,Monthly,2022-07-01,2022-07-31,48,State,Wisconsin,6289,-16.65,280000,11.11,48,-2,6801,-16.66,21187,-12.35,6786,-11.44,156.17,9.38
2026-09-03,Monthly,2022-07-01,2022-07-31,50,State,Wyoming,669,-23.82,314250,5.1,60,-5,690,-18.37,2729,-16.4,681,-22.84,161.14,10.24
2026-09-03,Monthly,2022-06-01,2022-06-30,1,State,Alabama,6346,-13.61,281270,13.87,43,-9,7017,5.29,21521,-5.25,7198,-5.65,146.33,14.68
2026-09-03,Monthly,2022-06-01,2022-06-30,3,State,Alaska,912,-0.66,369950,6,26,-3,972,-7.13,2674,-9.88,914,-15.54,208.18,8.18
2026-09-03,Monthly,2022-06-01,2022-06-30,5,State,Arizona,9651,-21.75,455000,18.03,35,3,13381,2.2,36836,18.74,10590,-18.19,262.56,16.81
2026-09-03,Monthly,2022-06-01,2022-06-30,7,State,Arkansas,3562,-14.83,249000,21.52,37,-13,4302,2.29,12130,-15.95,3798,-24.36,138.59,17.03
2026-09-03,Monthly,2022-06-01,2022-06-30,9,State,California,28301,-23.53,735000,5.76,26,3,35371,-11.6,93973,3.66,30268,-27.16,442.95,7.51
2026-09-03,Monthly,2022-06-01,2022-06-30,11,State,Colorado,9041,-17.1,560000,13.13,26,3,10843,-3.28,26688,4.39,9627,-20.26,262.23,10.6
2026-09-03,Monthly,2022-06-01,2022-06-30,17,State,Columbia,732,-17.65,725000,2.37,36,7,964,-17.57,3112,-2.55,783,-22.76,536.8,-0.4
2026-09-03,Monthly,2022-06-01,2022-06-30,13,State,Connecticut,4118,-18.25,358300,6.96,39,-12,4653,-15.75,12957,-23.75,4775,-20.06,194.94,11.84
2026-09-03,Monthly,2022-06-01,2022-06-30,15,State,Delaware,1247,-20.63,360050,14.3,21,2,1546,-14.02,3984,-2.88,1474,-11.45,186.74,9.69
2026-09-03,Monthly,2022-06-01,2022-06-30,19,State,Florida,36685,-18.83,394700,22.58,26,-6,50939,9,132340,4.9,41811,-20.04,242.27,22.17
2026-09-03,Monthly,2022-06-01,2022-06-30,21,State,Georgia,13881,-14.7,355000,18.33,27,4,17693,-1.47,51253,13.34,15689,-14.32,172.96,19.46
2026-09-03,Monthly,2022-06-01,2022-06-30,25,State,Hawaii,1439,-20.52,735000,10.86,56,-4,1608,-10.61,5875,-9.14,1438,-25.58,681.78,17.42
2026-09-03,Monthly,2022-06-01,2022-06-30,27,State,Idaho,2318,-22.51,499000,13.15,34,12,3770,17.9,10949,22.81,2410,-22.08,262.33,3.83
2026-09-03,Monthly,2022-06-01,2022-06-30,29,State,Illinois,14383,-13.65,285000,5.56,55,37,16607,-11.33,55295,14.49,15893,-14.28,158.82,3.99
2026-09-03,Monthly,2022-06-01,2022-06-30,31,State,Indiana,7952,-8.92,250000,15.21,34,-8,9118,7.67,22754,-0.16,9204,3.13,130.93,14.07
2026-09-03,Monthly,2022-06-01,2022-06-30,33,State,Iowa,3692,-7.8,225000,10.97,52,-4,4113,3.02,13046,-4.57,3800,-4.62,138.65,8
2026-09-03,Monthly,2022-06-01,2022-06-30,35,State,Kansas,3171,-7.94,265000,13.73,30,-15,3467,-5.28,9192,-16.18,3266,-10.18,127.8,10.02
2026-09-03,Monthly,2022-06-01,2022-06-30,37,State,Kentucky,4387,-11.38,248000,10.71,27,-8,5209,0.66,13688,-0.58,4745,-7.54,142.91,12.52
2026-09-03,Monthly,2022-06-01,2022-06-30,39,State,Louisiana,4309,-14.16,255000,8.51,28,-18,5419,4.26,16116,-3.24,4579,-9.58,140.35,9.76
2026-09-03,Monthly,2022-06-01,2022-06-30,41,State,Maine,1765,-13.6,365000,16.1,22,4,1987,-8.01,5756,0.19,2009,-10.54,212.12,14.9
2026-09-03,Monthly,2022-06-01,2022-06-30,43,State,Maryland,7196,-19.7,405000,8,21,4,8432,-16.43,20124,-8.67,8073,-19.67,208.6,8.31
2026-09-03,Monthly,2022-06-01,2022-06-30,45,State,Massachusetts,6510,-14.76,600000,8.89,21,-1,7711,-11.68,17080,-7.84,6958,-14.48,318.43,8.65
2026-09-03,Monthly,2022-06-01,2022-06-30,47,State,Michigan,11782,-9.93,252500,9.78,24,1,14085,-0.5,36220,3.96,12510,-8.3,142.91,9.56
2026-09-03,Monthly,2022-06-01,2022-06-30,49,State,Minnesota,6862,-15.23,345000,6.17,20,0,7534,-9.13,22916,1.08,7191,-11.3,177.06,7.16
2026-09-03,Monthly,2022-06-01,2022-06-30,51,State,Mississippi,2120,-8.41,250000,14.94,28,-33,2606,6.04,7363,-18.02,2174,-0.21,134.54,15.48
2026-09-03,Monthly,2022-06-01,2022-06-30,2,State,Missouri,7696,-13.61,259900,15.51,31,-6,8374,-4.59,22826,-2.44,8779,-5.37,139.94,11.33
2026-09-03,Monthly,2022-06-01,2022-06-30,4,State,Montana,1091,-26.8,495000,24.06,61,-3,1435,-2.17,5452,-6,1136,-26.66,260.84,14.35
2026-09-03,Monthly,2022-06-01,2022-06-30,6,State,Nebraska,1990,-2.9,272000,11.82,16,1,2171,-4.86,5421,-5.17,1845,-11.23,140.92,12.19
2026-09-03,Monthly,2022-06-01,2022-06-30,8,State,Nevada,3962,-24.95,459350,20.88,33,8,6434,14.91,16294,26.29,4293,-32.36,257.9,17.86
2026-09-03,Monthly,2022-06-01,2022-06-30,10,State,New Hampshire,1736,-11.68,433000,15.08,28,-1,1830,-16.18,4935,-9.76,1830,-17.24,235.32,15.31
2026-09-03,Monthly,2022-06-01,2022-06-30,12,State,New Jersey,9557,-14.4,455000,9.64,65,2,11506,-14.76,39879,-12.09,10445,-18.49,256.39,10.3
2026-09-03,Monthly,2022-06-01,2022-06-30,14,State,New Mexico,2052,-16.75,306000,11.27,39,-2,2303,-6.07,7186,-5.75,2176,-17.36,180.25,14.83
2026-09-03,Monthly,2022-06-01,2022-06-30,16,State,New York,14142,-4.95,475000,10.34,33,-13,15729,-6.71,54252,-11.99,13878,-14.25,241.64,7.73
2026-09-03,Monthly,2022-06-01,2022-06-30,18,State,North Carolina,14637,-11.25,364111,19.38,31,-15,17215,0.47,45741,-12.41,15140,-12.9,187.98,19.35
2026-09-03,Monthly,2022-06-01,2022-06-30,20,State,North Dakota,712,-13.69,279000,11.6,74,-8,778,-9.03,3043,-16.64,727,-8.78,132.9,5.67
2026-09-03,Monthly,2022-06-01,2022-06-30,22,State,Ohio,12782,-5.81,231100,10.05,37,-3,14912,-3.19,38943,-4.46,15327,-6.6,136.6,10.72
2026-09-03,Monthly,2022-06-01,2022-06-30,23,State,Oklahoma,4598,-9.86,242000,15.1,10,0,5622,2.03,13955,9.16,5126,-8.53,137.64,14.4
2026-09-03,Monthly,2022-06-01,2022-06-30,24,State,Oregon,5029,-15.94,520000,10.64,16,5,6000,-6.02,15163,8.11,5052,-23.15,291.18,10.88
2026-09-03,Monthly,2022-06-01,2022-06-30,26,State,Pennsylvania,12469,-10.48,280000,7.69,35,-3,14818,-4.4,42152,-5.72,13484,-14.3,161.83,9.84
2026-09-03,Monthly,2022-06-01,2022-06-30,58,State,Puerto Rico,NA,NA,NA,NA,NA,NA,NA,NA,NA,NA,NA,NA,NA,NA
2026-09-03,Monthly,2022-06-01,2022-06-30,28,State,Rhode Island,1157,-17.82,414900,13.67,22,-5,1407,-11.45,3315,-9.83,1203,-20.94,221.03,8.74
2026-09-03,Monthly,2022-06-01,2022-06-30,30,State,South Carolina,8267,-13.4,333648,17.13,50,-4,9467,-1.28,32214,-1.78,8851,-11.53,179.42,18.36
2026-09-03,Monthly,2022-06-01,2022-06-30,32,State,South Dakota,803,-16.68,311525,16.24,60,-11,988,-0.73,3186,-16.35,839,-15.15,174.27,17.03
2026-09-03,Monthly,2022-06-01,2022-06-30,34,State,Tennessee,10141,-4.94,357445,19.15,41,0,12019,12.51,32570,9.09,10995,-8.67,195.61,22.44
2026-09-03,Monthly,2022-06-01,2022-06-30,36,State,Texas,30373,-9.18,360990,16.13,24,-1,38694,3.31,108519,20.23,35619,-9.7,179.55,17.38
2026-09-03,Monthly,2022-06-01,2022-06-30,38,State,Utah,3671,-15.35,529900,17.76,24,10,4898,9.54,12668,37.9,3655,-22.07,237.83,14.13
2026-09-03,Monthly,2022-06-01,2022-06-30,40,State,Vermont,721,-18.14,389000,19.71,35,-28,821,-6.41,2635,-23.12,821,-16.38,209.74,12.02
2026-09-03,Monthly,2022-06-01,2022-06-30,42,State,Virginia,10723,-18.45,395000,6.76,21,-6,12120,-13.58,28998,-15.35,11354,-20.25,198.37,9.09
2026-09-03,Monthly,2022-06-01,2022-06-30,44,State,Washington,9227,-19.12,613750,11.59,12,3,11347,-0.84,24356,19.04,9533,-21.23,321.09,9.73
2026-09-03,Monthly,2022-06-01,2022-06-30,46,State,West Virginia,1271,-9.59,224650,10.67,60,-6,1399,2.8,4805,-5.33,1291,-10.24,123.17,7.97
2026-09-03,Monthly,2022-06-01,2022-06-30,48,State,Wisconsin,6508,-13.87,281500,9.11,48,-2,7227,-11.12,21660,-10.16,6903,-13.26,156.34,12.37
2026-09-03,Monthly,2022-06-01,2022-06-30,50,State,Wyoming,734,-21.77,333700,18.33,62,-6,759,-7.29,2804,-15.9,711,-22.05,159.52,12.64
2026-09-03,Monthly,2022-05-01,2022-05-31,1,State,Alabama,6522,-3.73,275000,14.58,42,-12,6873,8.72,21143,-7.15,6986,-2.24,146.18,16.18
2026-09-03,Monthly,2022-05-01,2022-05-31,3,State,Alaska,968,2.29,370000,12.63,25,-5,960,-12.53,2651,-12.97,1001,-16.78,209.02,10.64
2026-09-03,Monthly,2022-05-01,2022-05-31,5,State,Arizona,10038,-17.94,457550,20.41,31,-1,13407,4.12,33244,8.58,11337,-10.23,265.1,20.57
2026-09-03,Monthly,2022-05-01,2022-05-31,7,State,Arkansas,3815,-1.3,239000,16.59,38,-13,4153,-0.12,11818,-17.27,3968,-16.94,137.15,17.21
2026-09-03,Monthly,2022-05-01,2022-05-31,9,State,California,30574,-16.57,750000,9.89,22,-2,36218,-8.05,89994,-1.35,33368,-17.56,443.38,8.72
2026-09-03,Monthly,2022-05-01,2022-05-31,11,State,Colorado,10015,-0.27,550000,12.24,24,0,10914,5.65,25961,1.98,10326,-3.83,262.34,11.45
2026-09-03,Monthly,2022-05-01,2022-05-31,17,State,Columbia,773,-17.99,650000,-5.66,33,4,1012,-5.58,3138,-1.97,837,-17.71,521.87,1.14
2026-09-03,Monthly,2022-05-01,2022-05-31,13,State,Connecticut,4257,-14.69,336000,8.39,37,-15,4680,-13.38,12914,-25.63,4921,-20.89,192.02,11.14
2026-09-03,Monthly,2022-05-01,2022-05-31,15,State,Delaware,1366,-7.26,350000,14.75,18,-4,1448,-16.24,3946,-5.49,1455,-16.31,186.31,10.57
2026-09-03,Monthly,2022-05-01,2022-05-31,19,State,Florida,38274,-13.17,390000,25.04,24,-10,49709,4.69,121904,-4.7,43917,-15.41,241.78,23.68
2026-09-03,Monthly,2022-05-01,2022-05-31,21,State,Georgia,14213,-12.35,353000,20.69,25,0,17735,2.06,48732,7.77,16422,-7.16,172.15,21.94
2026-09-03,Monthly,2022-05-01,2022-05-31,25,State,Hawaii,1591,-9.21,706580,7.22,55,-8,1686,-1.99,5891,-9.41,1527,-18.17,667.64,13.32
2026-09-03,Monthly,2022-05-01,2022-05-31,27,State,Idaho,2631,-10.82,514995,18.58,21,-2,3392,14.01,9395,6.85,2688,-13.44,269.85,9.65
2026-09-03,Monthly,2022-05-01,2022-05-31,29,State,Illinois,14665,-10.93,275000,5.77,54,33,16655,-8.47,55355,14.07,16463,-10.15,159.66,5.34
2026-09-03,Monthly,2022-05-01,2022-05-31,31,State,Indiana,8199,-5.4,242000,15.24,34,-8,8722,8.58,21860,-2.37,8945,-1.11,129.98,14.06
2026-09-03,Monthly,2022-05-01,2022-05-31,33,State,Iowa,3673,-9.37,220000,12.82,51,-5,3952,0.02,12680,-6.93,3672,-9.41,140.61,8.31
2026-09-03,Monthly,2022-05-01,2022-05-31,35,State,Kansas,3077,-9.99,259900,12.03,32,-13,3464,-7.47,9150,-16.94,3297,-9.75,128.2,11.14
2026-09-03,Monthly,2022-05-01,2022-05-31,37,State,Kentucky,4519,-8.14,239000,11.16,26,-9,5072,0.14,13316,-3.02,4932,-4.07,141.36,11.63
2026-09-03,Monthly,2022-05-01,2022-05-31,39,State,Louisiana,4622,-4.58,250000,9.65,28,-19,5187,3.15,15373,-10.34,4829,-2.49,138.92,9.6
2026-09-03,Monthly,2022-05-01,2022-05-31,41,State,Maine,1743,-16.74,350000,14.75,14,-4,1996,-3.38,5414,-6.94,2073,-8.12,210.17,16.39
2026-09-03,Monthly,2022-05-01,2022-05-31,43,State,Maryland,7665,-12.93,401000,9.86,19,0,8291,-12.48,19859,-9.84,8277,-18.67,206.92,8.41
2026-09-03,Monthly,2022-05-01,2022-05-31,45,State,Massachusetts,6713,-13.91,590000,11.32,21,-2,7686,-2.83,16909,-9.32,7542,-8.26,320.49,9.77
2026-09-03,Monthly,2022-05-01,2022-05-31,47,State,Michigan,12026,-9.24,245000,10.61,23,-2,14062,-0.12,34889,-0.26,12719,-8.08,141.78,10.27
2026-09-03,Monthly,2022-05-01,2022-05-31,49,State,Minnesota,7077,-12.99,342000,10.32,19,-3,7775,-1.61,21227,1.01,7391,-11.98,177.73,8.83
2026-09-03,Monthly,2022-05-01,2022-05-31,51,State,Mississippi,2176,-8.48,248800,15.77,26,-37,2585,4.55,7213,-21.32,2216,3.75,133.67,15.13
2026-09-03,Monthly,2022-05-01,2022-05-31,2,State,Missouri,7931,-8.89,249900,13.64,33,-2,8362,-5.42,22227,-5.24,8554,-9.33,139.89,13
2026-09-03,Monthly,2022-05-01,2022-05-31,4,State,Montana,1212,-13.04,473950,21.68,59,-6,1389,10.29,5339,-6.73,1280,-9.66,260.06,20.14
2026-09-03,Monthly,2022-05-01,2022-05-31,6,State,Nebraska,1916,-8.23,263000,11.91,16,1,2092,-0.23,5296,-5.85,1937,-5.2,141.07,13.09
2026-09-03,Monthly,2022-05-01,2022-05-31,8,State,Nevada,4497,-11.29,460000,24.32,27,-2,6000,7.39,14420,8.95,4836,-18.23,261.27,22.18
2026-09-03,Monthly,2022-05-01,2022-05-31,10,State,New Hampshire,1735,-10.56,435000,16,27,-5,1913,-7.76,4914,-8.81,1952,-13.08,232.58,17.18
2026-09-03,Monthly,2022-05-01,2022-05-31,12,State,New Jersey,9832,-11.59,439000,9.78,62,0,11391,-10.78,39699,-12.48,10678,-16.23,257.32,11.18
2026-09-03,Monthly,2022-05-01,2022-05-31,14,State,New Mexico,2143,-12.1,315000,17.12,39,-4,2280,-8.57,7034,-9.08,2228,-17.63,178.91,15.68
2026-09-03,Monthly,2022-05-01,2022-05-31,16,State,New York,14403,-4.76,460000,13.38,32,-21,15455,-6.39,52792,-15.76,14039,-16.76,240.72,8.86
2026-09-03,Monthly,2022-05-01,2022-05-31,18,State,North Carolina,14944,-8.8,360000,20.4,33,-13,16845,0.76,45278,-14.28,16003,-6.37,186.25,20.73
2026-09-03,Monthly,2022-05-01,2022-05-31,20,State,North Dakota,846,-3.82,259900,3.13,74,-5,703,-13.79,3084,-16.17,759,-6.17,132.57,6.55
2026-09-03,Monthly,2022-05-01,2022-05-31,22,State,Ohio,12940,-2.45,225000,12.5,37,-3,14674,-2.29,38337,-4.56,15915,-2.2,135.82,11
2026-09-03,Monthly,2022-05-01,2022-05-31,23,State,Oklahoma,4722,-3.17,237500,15.85,10,-2,5359,1.52,12970,4.71,5088,-10.1,138.7,18.66
2026-09-03,Monthly,2022-05-01,2022-05-31,24,State,Oregon,5468,-8.44,520000,11.83,14,2,5989,-3.26,14638,2.27,5646,-13.59,290.01,11.59
2026-09-03,Monthly,2022-05-01,2022-05-31,26,State,Pennsylvania,12553,-6.98,270000,11.8,35,-5,14687,-3.56,41262,-7.87,13698,-12.03,159.64,9.92
2026-09-03,Monthly,2022-05-01,2022-05-31,58,State,Puerto Rico,NA,NA,NA,NA,NA,NA,NA,NA,NA,NA,NA,NA,NA,NA
2026-09-03,Monthly,2022-05-01,2022-05-31,28,State,Rhode Island,1165,-13.58,405000,15.71,18,-11,1379,-7.26,3242,-11.62,1265,-18.79,220.37,10.75
2026-09-03,Monthly,2022-05-01,2022-05-31,30,State,South Carolina,8466,-10.61,334000,21.47,48,-9,9460,-2.76,30848,-8.65,9196,-9.19,179.74,20.37
2026-09-03,Monthly,2022-05-01,2022-05-31,32,State,South Dakota,865,-0.55,300000,17.67,56,-11,851,-8.98,3047,-17.65,902,-4.11,169.7,18.7
2026-09-03,Monthly,2022-05-01,2022-05-31,34,State,Tennessee,9993,-0.69,354890,22.42,39,-2,11235,10.63,30969,3.04,11259,-6.81,194.57,24.29
2026-09-03,Monthly,2022-05-01,2022-05-31,36,State,Texas,30959,-6.06,362500,19.2,23,-3,38555,4.84,99719,11.74,37061,-6,178.76,18.91
2026-09-03,Monthly,2022-05-01,2022-05-31,38,State,Utah,3791,-5.71,543755,23.58,18,3,4796,23.01,11283,23.94,4174,-6.18,239.48,16.97
2026-09-03,Monthly,2022-05-01,2022-05-31,40,State,Vermont,773,-10.36,370000,17.46,27,-42,813,-8.64,2622,-26.36,852,-20.9,207.42,17.27
2026-09-03,Monthly,2022-05-01,2022-05-31,42,State,Virginia,11105,-16.18,400000,9.59,19,-8,12095,-10.74,28784,-15.27,12057,-11.7,197.87,10.86
2026-09-03,Monthly,2022-05-01,2022-05-31,44,State,Washington,10104,-9.15,625000,14.68,11,3,11080,4.18,22884,8.07,10530,-13.66,320.78,11.16
2026-09-03,Monthly,2022-05-01,2022-05-31,46,State,West Virginia,1264,-1.67,225000,15.42,58,-6,1415,4.14,4744,-7.11,1364,-3.05,122.77,8.57
2026-09-03,Monthly,2022-05-01,2022-05-31,48,State,Wisconsin,6689,-10.55,275000,10.89,48,-3,7175,-6.37,21756,-9.01,7142,-11.05,154.88,12.2
2026-09-03,Monthly,2022-05-01,2022-05-31,50,State,Wyoming,729,-21.46,320000,20.75,58,-12,717,-7.54,2782,-17.65,722,-20.74,158.46,11.32
2026-09-03,Monthly,2022-04-01,2022-04-30,1,State,Alabama,6576,-4.99,275000,16.03,41,-13,6788,7.12,20835,-9.31,7005,-4.61,144.81,16.79
2026-09-03,Monthly,2022-04-01,2022-04-30,3,State,Alaska,914,-3.24,350000,8.28,24,-6,1050,-1.12,2767,-9.26,1055,-6.98,208.43,10.32
2026-09-03,Monthly,2022-04-01,2022-04-30,5,State,Arizona,10586,-13.59,450000,22.95,30,-3,13014,0.71,30488,-0.92,11383,-4.82,264.9,24.06
2026-09-03,Monthly,2022-04-01,2022-04-30,7,State,Arkansas,3750,1.64,230000,15.87,36,-15,4149,4.89,11750,-16.23,3968,-15.26,133.3,14.28
2026-09-03,Monthly,2022-04-01,2022-04-30,9,State,California,32586,-11.22,750000,11.94,20,-5,36758,-7.27,87473,-7.02,34313,-15.65,447.01,11.02
2026-09-03,Monthly,2022-04-01,2022-04-30,11,State,Colorado,9543,-7.5,565000,18.7,19,-8,11070,6.78,25596,-3.26,9950,-4.27,262.38,12.61
2026-09-03,Monthly,2022-04-01,2022-04-30,17,State,Columbia,890,-7.41,700000,7.24,33,2,969,-11.35,3092,-5.23,880,-12.99,526.08,-0.5
2026-09-03,Monthly,2022-04-01,2022-04-30,13,State,Connecticut,4324,-15.07,325000,6.38,39,-14,4704,-12.96,13032,-25.7,4986,-19.36,188.38,9.26
2026-09-03,Monthly,2022-04-01,2022-04-30,15,State,Delaware,1426,-3.3,350000,17.85,17,-7,1503,-10.28,3972,-5.02,1417,-16.15,184.98,12.3
2026-09-03,Monthly,2022-04-01,2022-04-30,19,State,Florida,38689,-13.91,380000,24.59,24,-14,48043,1.88,113848,-12.41,43853,-15.12,241.31,26.33
2026-09-03,Monthly,2022-04-01,2022-04-30,21,State,Georgia,14665,-9.08,345000,21.05,25,-3,17380,-2.67,46913,0.88,16247,-8.43,169.8,21.4
2026-09-03,Monthly,2022-04-01,2022-04-30,25,State,Hawaii,1575,-9.61,755000,17.97,53,-14,1649,-4.37,5895,-12.26,1565,-16.22,667.81,13.88
2026-09-03,Monthly,2022-04-01,2022-04-30,27,State,Idaho,2784,-8.63,501000,19.62,20,-5,3325,11.5,8776,-2.22,2862,-5.01,271.24,12.46
2026-09-03,Monthly,2022-04-01,2022-04-30,29,State,Illinois,15135,-5.45,270000,3.89,48,23,16980,-7.63,55118,11.64,16168,-9.96,158.44,4.93
2026-09-03,Monthly,2022-04-01,2022-04-30,31,State,Indiana,8341,-3.36,230000,16.75,31,-10,8563,6.87,21176,-5.27,8802,0.83,128.86,13.71
2026-09-03,Monthly,2022-04-01,2022-04-30,33,State,Iowa,3816,-3.22,205000,7.92,46,-9,3872,-1.49,12398,-8.82,3606,-9.25,138.87,6.17
2026-09-03,Monthly,2022-04-01,2022-04-30,35,State,Kansas,3219,0.05,239000,8.64,33,-12,3405,-5.13,9248,-14.23,3314,-5.39,127.29,11.5
2026-09-03,Monthly,2022-04-01,2022-04-30,37,State,Kentucky,4666,-3.71,231000,12.68,29,-5,5076,0.37,13262,-2.91,4773,-6.33,140.78,12.81
2026-09-03,Monthly,2022-04-01,2022-04-30,39,State,Louisiana,4691,-0.41,248000,9.01,31,-17,5214,5.17,15488,-10.47,4816,0.27,137.67,9.77
2026-09-03,Monthly,2022-04-01,2022-04-30,41,State,Maine,1753,-15.49,345000,21.27,15,-5,2049,-5.08,5433,-11.2,2052,-11.32,211.79,18.3
2026-09-03,Monthly,2022-04-01,2022-04-30,43,State,Maryland,8062,-7.44,385000,7.84,18,-1,8434,-7.01,20097,-7.9,8613,-13.66,205.63,8.02
2026-09-03,Monthly,2022-04-01,2022-04-30,45,State,Massachusetts,6811,-10.96,570000,11.33,20,-2,7698,-8.73,17143,-16.06,7451,-11.26,316.5,9.19
2026-09-03,Monthly,2022-04-01,2022-04-30,47,State,Michigan,12271,-7.61,235000,9.3,21,-3,14032,-0.54,34310,-2.89,13160,-3.83,140.68,10.03
2026-09-03,Monthly,2022-04-01,2022-04-30,49,State,Minnesota,7277,-9.45,340000,11.48,19,-3,8002,-2.52,18456,-5.45,7598,-7.27,177.11,8.63
2026-09-03,Monthly,2022-04-01,2022-04-30,51,State,Mississippi,2153,-9.2,239900,13.97,28,-36,2665,11.89,7132,-23.2,2268,9.86,132.51,15.56
2026-09-03,Monthly,2022-04-01,2022-04-30,2,State,Missouri,8015,-7.6,239900,14.78,32,-4,8462,-4.32,22148,-6.04,8394,-8.51,139.1,13.99
2026-09-03,Monthly,2022-04-01,2022-04-30,4,State,Montana,1252,-15.08,490000,30.67,56,-8,1287,-4.74,5322,-12.41,1287,-10.42,258.28,18.33
2026-09-03,Monthly,2022-04-01,2022-04-30,6,State,Nebraska,2045,1.74,261000,13.48,15,-6,2155,0.81,5298,-7.06,1867,-8.58,138.26,11.81
2026-09-03,Monthly,2022-04-01,2022-04-30,8,State,Nevada,4694,-12.61,451000,25.28,23,-10,5742,4.32,13418,-3.76,5117,-12.03,262.83,25.69
2026-09-03,Monthly,2022-04-01,2022-04-30,10,State,New Hampshire,1709,-14.1,410000,13.75,20,-13,1899,-12.11,4799,-14.37,1946,-14.06,229.31,15.83
2026-09-03,Monthly,2022-04-01,2022-04-30,12,State,New Jersey,10022,-10.04,420000,9.09,60,-3,11327,-9.45,39386,-13.32,10861,-14.14,254.84,9.89
2026-09-03,Monthly,2022-04-01,2022-04-30,14,State,New Mexico,2213,-9.02,305000,17.31,39,-6,2330,-4.91,6979,-10.19,2268,-14.43,177.31,14.93
2026-09-03,Monthly,2022-04-01,2022-04-30,16,State,New York,14501,-7.07,454000,9.4,37,-19,15301,-10.72,53223,-17.42,14709,-8.7,237.83,6.07
2026-09-03,Monthly,2022-04-01,2022-04-30,18,State,North Carolina,15341,-5.98,350000,21.95,40,-6,16252,-2.04,46106,-13.32,15619,-8.43,184.32,21.32
2026-09-03,Monthly,2022-04-01,2022-04-30,20,State,North Dakota,676,-20.89,284340,16.65,67,-15,751,-8.64,3132,-16.1,574,-26.18,133.67,7.7
2026-09-03,Monthly,2022-04-01,2022-04-30,22,State,Ohio,12908,1.32,213500,11.87,36,-5,15018,2.96,38151,-4.71,15805,-2.46,134.85,10.96
2026-09-03,Monthly,2022-04-01,2022-04-30,23,State,Oklahoma,4716,-2.95,230000,14.22,11,-8,5342,6.33,12506,-2.58,5059,-9.56,134.73,16.53
2026-09-03,Monthly,2022-04-01,2022-04-30,24,State,Oregon,5692,-3.67,511150,14.98,11,-1,6040,-3.74,14604,-1.44,5798,-8.21,291.69,13.84
2026-09-03,Monthly,2022-04-01,2022-04-30,26,State,Pennsylvania,13161,-2.59,255000,8.51,34,-7,14699,-4.58,41349,-8.59,13543,-11.46,161.31,11.15
2026-09-03,Monthly,2022-04-01,2022-04-30,58,State,Puerto Rico,NA,NA,NA,NA,NA,NA,NA,NA,NA,NA,NA,NA,NA,NA
2026-09-03,Monthly,2022-04-01,2022-04-30,28,State,Rhode Island,1250,-10.42,400000,17.68,19,-9,1338,-9.14,3202,-19.69,1261,-16.28,223.61,15.41
2026-09-03,Monthly,2022-04-01,2022-04-30,30,State,South Carolina,8682,-8.7,320000,18.52,46,-12,9415,-2.3,29831,-14.04,8844,-14.51,177.67,20.32
2026-09-03,Monthly,2022-04-01,2022-04-30,32,State,South Dakota,862,-1.22,298400,21.85,51,-10,922,-0.02,3046,-16.43,882,-4.29,166.65,15.28
2026-09-03,Monthly,2022-04-01,2022-04-30,34,State,Tennessee,10167,-1.13,345000,23.21,38,-6,10734,7.66,29191,-3.41,11217,-6.99,190.01,22.93
2026-09-03,Monthly,2022-04-01,2022-04-30,36,State,Texas,31517,-3.75,350000,19.45,23,-6,38331,3.8,93234,1.74,36290,-8.22,176.65,19.47
2026-09-03,Monthly,2022-04-01,2022-04-30,38,State,Utah,3999,-6.62,534000,24.19,16,1,4793,7.35,10344,8.23,4281,-4.44,239.76,19.78
2026-09-03,Monthly,2022-04-01,2022-04-30,40,State,Vermont,773,-19.6,385000,28.76,31,-31,792,-19.98,2534,-31.62,834,-27.35,205.82,13.35
2026-09-03,Monthly,2022-04-01,2022-04-30,42,State,Virginia,11424,-13.31,389900,9.83,19,-11,12169,-6.29,28914,-14.1,11947,-9.17,197.6,11.43
2026-09-03,Monthly,2022-04-01,2022-04-30,44,State,Washington,10443,-4.54,617000,17.52,9,1,11289,-2.34,22342,-1.41,10594,-9.78,323.26,13.41
2026-09-03,Monthly,2022-04-01,2022-04-30,46,State,West Virginia,1293,-6.76,216000,16.76,51,-15,1358,2.29,4642,-10.05,1274,-9.38,122.23,8.94
2026-09-03,Monthly,2022-04-01,2022-04-30,48,State,Wisconsin,6766,-10.27,268000,13.56,48,-4,7320,-3.25,21791,-9.06,7198,-6.06,155.72,12.05
2026-09-03,Monthly,2022-04-01,2022-04-30,50,State,Wyoming,765,-16.02,312000,14.5,55,-11,737,-10.54,2791,-19.46,760,-16.19,160.79,17.11
2026-09-03,Monthly,2022-03-01,2022-03-31,1,State,Alabama,6829,0.32,269000,14.47,41,-12,6541,5.47,20733,-10.12,7140,-0.95,142.03,15.65
2026-09-03,Monthly,2022-03-01,2022-03-31,3,State,Alaska,915,-10.39,338500,12.87,24,-3,1028,-0.65,2643,-13.74,1033,-15.51,209.07,11.93
2026-09-03,Monthly,2022-03-01,2022-03-31,5,State,Arizona,10997,-11.51,446000,27.35,30,-3,12940,1.27,29429,-4.62,11435,-5.2,262.17,25.77
2026-09-03,Monthly,2022-03-01,2022-03-31,7,State,Arkansas,3900,2.64,229900,21.06,35,-18,4161,1.58,11983,-13.9,4059,-14.16,132.66,13.96
2026-09-03,Monthly,2022-03-01,2022-03-31,9,State,California,33686,-5.75,730000,14.06,19,-8,37550,-4.44,86628,-8.98,36178,-10.73,443.99,11.74
2026-09-03,Monthly,2022-03-01,2022-03-31,11,State,Colorado,9165,-14.87,548902,20.9,15,-12,10471,-0.28,24445,-10.49,9462,-11.85,261.77,14.14
2026-09-03,Monthly,2022-03-01,2022-03-31,17,State,Columbia,867,-10.3,665000,4.72,29,0,1047,0.66,3166,-2.67,950,-10.13,527.48,-1.8
2026-09-03,Monthly,2022-03-01,2022-03-31,13,State,Connecticut,4392,-13.41,310000,6.9,40,-13,4754,-14.15,13052,-26.18,5176,-19.64,187.43,9.38
2026-09-03,Monthly,2022-03-01,2022-03-31,15,State,Delaware,1508,-0.15,325000,14.04,21,-5,1580,0.18,4015,-5.14,1615,-5.83,188.64,15.33
2026-09-03,Monthly,2022-03-01,2022-03-31,19,State,Florida,40543,-10.5,370000,24.58,22,-19,47406,1.83,109545,-18.54,44941,-17.7,236.13,26.31
2026-09-03,Monthly,2022-03-01,2022-03-31,21,State,Georgia,14936,-8.18,334900,21.53,23,-7,17399,-0.31,46331,-2.5,16579,-7.63,167.16,21.14
2026-09-03,Monthly,2022-03-01,2022-03-31,25,State,Hawaii,1591,-6.95,713000,15.93,50,-17,1665,-0.72,5955,-13.59,1614,-15.49,666.44,16.37
2026-09-03,Monthly,2022-03-01,2022-03-31,27,State,Idaho,2868,-6.21,488888,19.24,18,-6,3233,0.64,8353,-8.86,2894,-2.06,271.2,16.42
2026-09-03,Monthly,2022-03-01,2022-03-31,29,State,Illinois,15329,-4.32,261000,4.4,44,15,16974,-5.22,54828,11.11,16606,-5.12,160.5,6.91
2026-09-03,Monthly,2022-03-01,2022-03-31,31,State,Indiana,8342,-3.16,222000,16.84,29,-11,8367,9.1,20645,-5.9,8852,4.18,128.36,14.76
2026-09-03,Monthly,2022-03-01,2022-03-31,33,State,Iowa,3871,-2.28,200000,11.73,45,-8,3911,-0.19,12356,-7.65,3703,-6.79,139.38,8.86
2026-09-03,Monthly,2022-03-01,2022-03-31,35,State,Kansas,3169,-1.52,230000,6.98,34,-10,3407,-5.15,9546,-9.95,3220,-7.58,127.28,10.64
2026-09-03,Monthly,2022-03-01,2022-03-31,37,State,Kentucky,4636,-4.79,225000,13.92,30,-6,5035,2.22,13410,-2.34,5698,11.58,140.11,13.2
2026-09-03,Monthly,2022-03-01,2022-03-31,39,State,Louisiana,4724,1.18,240000,6.67,31,-18,5006,4.11,15364,-11.44,4854,2.2,137.89,10.41
2026-09-03,Monthly,2022-03-01,2022-03-31,41,State,Maine,1727,-15.81,320000,16.36,15,-8,1943,-15.86,5293,-16.27,1974,-19.59,203.76,12.54
2026-09-03,Monthly,2022-03-01,2022-03-31,43,State,Maryland,8274,-4.04,374500,9.99,18,-3,8349,-6.71,19921,-8.39,8716,-15.03,203.52,7.83
2026-09-03,Monthly,2022-03-01,2022-03-31,45,State,Massachusetts,6840,-11.68,529000,11.37,20,-2,7829,-8.47,17455,-17.17,7796,-11.69,316.76,12.41
2026-09-03,Monthly,2022-03-01,2022-03-31,47,State,Michigan,12238,-8.75,220000,9.29,19,-5,14060,-0.27,34345,-2.95,13042,-7.27,141.01,11.03
2026-09-03,Monthly,2022-03-01,2022-03-31,49,State,Minnesota,7292,-9.31,322000,9.15,19,-2,7965,-7.7,16162,-8.97,7534,-12.35,177.7,11.39
2026-09-03,Monthly,2022-03-01,2022-03-31,51,State,Mississippi,2220,-3.51,228500,10.41,23,-36,2425,4.27,7025,-24.8,2174,8.55,131.84,15.51
2026-09-03,Monthly,2022-03-01,2022-03-31,2,State,Missouri,8121,-6.71,225000,10.84,30,-7,8345,-3.78,21818,-7.38,8349,-9.49,137,12.28
2026-09-03,Monthly,2022-03-01,2022-03-31,4,State,Montana,1234,-16.27,449000,21.35,48,-11,1297,-14.18,5393,-12.53,1193,-19.86,255.59,20.57
2026-09-03,Monthly,2022-03-01,2022-03-31,6,State,Nebraska,2008,2.91,252250,12.61,12,-11,2037,-1.63,5167,-9.56,1895,-10.65,138,11.57
2026-09-03,Monthly,2022-03-01,2022-03-31,8,State,Nevada,4804,-9.65,436960,25.2,18,-15,5277,-1.73,12794,-9.98,5260,-9.31,258.15,24.46
2026-09-03,Monthly,2022-03-01,2022-03-31,10,State,New Hampshire,1681,-16.47,409000,22.09,27,-9,1937,-11.44,4712,-17.3,1938,-19.42,227.99,17.16
2026-09-03,Monthly,2022-03-01,2022-03-31,12,State,New Jersey,10110,-15.71,405000,8,54,-9,11112,-10.48,38976,-14.47,10973,-15.27,251.63,9.36
2026-09-03,Monthly,2022-03-01,2022-03-31,14,State,New Mexico,2202,-10.67,296000,16.08,36,-5,2212,-9.38,6863,-11.5,2252,-13.35,176.03,15.95
2026-09-03,Monthly,2022-03-01,2022-03-31,16,State,New York,14888,-5.9,450000,11.11,37,-16,15981,-3.84,54049,-17.36,15143,-5.98,237.44,10.82
2026-09-03,Monthly,2022-03-01,2022-03-31,18,State,North Carolina,15381,-6.82,335000,19.64,36,-10,15315,-6.87,45584,-15.85,15153,-13.83,181.36,21.21
2026-09-03,Monthly,2022-03-01,2022-03-31,20,State,North Dakota,663,-21.87,246950,8.31,66,-19,762,-16.16,3083,-18.12,578,-25.54,132.18,7.4
2026-09-03,Monthly,2022-03-01,2022-03-31,22,State,Ohio,12628,-4.05,200000,11.11,36,-6,14449,-0.55,37737,-5.9,16053,-1.53,134.44,11.8
2026-09-03,Monthly,2022-03-01,2022-03-31,23,State,Oklahoma,4794,0.77,223500,11.75,15,-16,5141,1.2,12223,-8.55,5128,-7.22,131.45,13.96
2026-09-03,Monthly,2022-03-01,2022-03-31,24,State,Oregon,5827,1.85,500000,14.94,10,-5,6288,-0.77,14756,-3.36,6089,-4.03,291.49,16.99
2026-09-03,Monthly,2022-03-01,2022-03-31,26,State,Pennsylvania,13449,-2.49,250000,9.17,35,-7,14887,-2.76,41723,-6.97,14126,-6.86,160.09,11.76
2026-09-03,Monthly,2022-03-01,2022-03-31,58,State,Puerto Rico,NA,NA,NA,NA,NA,NA,NA,NA,NA,NA,NA,NA,NA,NA
2026-09-03,Monthly,2022-03-01,2022-03-31,28,State,Rhode Island,1261,-11.74,375000,15.37,20,-13,1393,-11.61,3325,-20.43,1317,-17.31,222.75,16.1
2026-09-03,Monthly,2022-03-01,2022-03-31,30,State,South Carolina,8900,-6.24,313699,18.41,45,-11,9172,-4.33,29697,-16.03,9185,-13.18,174.23,19.32
2026-09-03,Monthly,2022-03-01,2022-03-31,32,State,South Dakota,842,-9.74,286200,21.79,46,-12,832,-16.23,2948,-18.62,909,-3.69,162.89,12.69
2026-09-03,Monthly,2022-03-01,2022-03-31,34,State,Tennessee,10284,0.48,329990,20.15,35,-9,10353,6.58,28713,-7.73,11454,-7.47,188.73,22.68
2026-09-03,Monthly,2022-03-01,2022-03-31,36,State,Texas,32504,-0.75,336000,17.89,22,-10,37855,3.3,90580,-3.32,36685,-7.51,173.88,19.64
2026-09-03,Monthly,2022-03-01,2022-03-31,38,State,Utah,4051,0.25,520000,27.45,12,0,4687,4.31,9813,0.24,4290,-6.86,237.09,20.98
2026-09-03,Monthly,2022-03-01,2022-03-31,40,State,Vermont,785,-19.67,330000,20,41,-20,904,-12.14,2649,-29,901,-23.32,203.03,13.44
2026-09-03,Monthly,2022-03-01,2022-03-31,42,State,Virginia,11809,-9,373000,12.6,20,-10,11933,-5.41,28686,-13.87,11858,-12.57,194.99,11.6
2026-09-03,Monthly,2022-03-01,2022-03-31,44,State,Washington,10489,-2.13,601000,17.51,7,-1,11526,-0.35,22363,-3.78,11056,-6.96,320.44,14.37
2026-09-03,Monthly,2022-03-01,2022-03-31,46,State,West Virginia,1303,-1.11,205000,10.81,54,-9,1337,-4.67,4619,-10.2,1293,-4.98,121.61,9.06
2026-09-03,Monthly,2022-03-01,2022-03-31,48,State,Wisconsin,6996,-5.07,255000,10.87,48,-4,7009,-7.89,21836,-8.5,7124,-11.59,155.43,13.97
2026-09-03,Monthly,2022-03-01,2022-03-31,50,State,Wyoming,772,-10.31,299000,15.44,53,-14,718,-6.61,2843,-17.46,765,-11.28,161.43,15.23
2026-09-03,Monthly,2022-02-01,2022-02-28,1,State,Alabama,6645,1.71,260000,15.01,41,-13,6443,2.95,20960,-9.43,7815,19.16,140.88,14.45
2026-09-03,Monthly,2022-02-01,2022-02-28,3,State,Alaska,1009,1.95,325000,12.16,18,-12,1009,-9.49,2600,-18.37,1106,-14.67,205.4,11.46
2026-09-03,Monthly,2022-02-01,2022-02-28,5,State,Arizona,11315,-8.4,433500,27.5,29,-3,12855,-0.3,29603,-4.65,12388,-2.96,256.97,27.61
2026-09-03,Monthly,2022-02-01,2022-02-28,7,State,Arkansas,3838,6.81,225000,16.88,36,-15,4105,24.6,12028,-10.43,3967,-3.05,132.51,13.26
2026-09-03,Monthly,2022-02-01,2022-02-28,9,State,California,33093,-8.54,685000,12.85,19,-9,37725,-2.69,84822,-11.44,35317,-12.76,442.32,12.49
2026-09-03,Monthly,2022-02-01,2022-02-28,11,State,Colorado,9445,-12.92,525000,20.69,11,-14,10225,-9.22,23893,-14.83,9103,-12.4,258.28,14.29
2026-09-03,Monthly,2022-02-01,2022-02-28,17,State,Columbia,907,-3.26,657250,3.5,27,2,1084,-1.35,3116,-6.79,972,-6.35,519.44,-5.74
2026-09-03,Monthly,2022-02-01,2022-02-28,13,State,Connecticut,4513,-11.35,300000,6.01,44,-9,4750,-6.8,12926,-26.16,5218,-17.82,187.06,10.67
2026-09-03,Monthly,2022-02-01,2022-02-28,15,State,Delaware,1586,-1.5,325000,17.76,22,-4,1557,7.98,3995,-6.62,1628,-1.18,181.47,13.91
2026-09-03,Monthly,2022-02-01,2022-02-28,19,State,Florida,42257,-4.82,355000,23.48,21,-19,46974,2.89,108787,-22.23,46563,-11.46,229.61,26.56
2026-09-03,Monthly,2022-02-01,2022-02-28,21,State,Georgia,15267,-4.64,320000,20.96,22,-9,18144,3.84,46366,-4.53,17651,-1.99,164.27,20.82
2026-09-03,Monthly,2022-02-01,2022-02-28,25,State,Hawaii,1671,-1.54,700000,9.72,54,-13,1787,12.4,5941,-15.37,1688,-9.4,668.97,15.37
2026-09-03,Monthly,2022-02-01,2022-02-28,27,State,Idaho,2970,0.54,475000,22.74,22,-2,3333,-1.37,8099,-10.27,3034,6.79,273.83,21.53
2026-09-03,Monthly,2022-02-01,2022-02-28,29,State,Illinois,15851,1.54,240000,5.03,39,6,16845,6.75,51513,3.36,16991,-1.54,158.45,6.63
2026-09-03,Monthly,2022-02-01,2022-02-28,31,State,Indiana,8524,-3.31,215000,17.55,27,-11,8198,16.06,20404,-5.88,8782,3.08,128.34,16.67
2026-09-03,Monthly,2022-02-01,2022-02-28,33,State,Iowa,3965,1.86,182500,4.29,45,-9,4167,8.18,12268,-6.61,3835,-0.34,141.34,6.07
2026-09-03,Monthly,2022-02-01,2022-02-28,35,State,Kansas,3232,-4.18,210000,6.73,35,-8,3568,9.56,9742,-6.76,3336,-1.9,127.3,9.95
2026-09-03,Monthly,2022-02-01,2022-02-28,37,State,Kentucky,4753,-3.06,217000,12.29,30,-3,4988,10.93,13333,-2.51,4976,3.53,139.35,11.65
2026-09-03,Monthly,2022-02-01,2022-02-28,39,State,Louisiana,5127,14.71,240000,9.14,35,-14,5144,11.78,15380,-10.46,5179,13.25,137.54,8.19
2026-09-03,Monthly,2022-02-01,2022-02-28,41,State,Maine,1773,-12.48,291500,16.6,17,-8,1991,-15.35,5181,-17.93,1953,-16.51,203,12.76
2026-09-03,Monthly,2022-02-01,2022-02-28,43,State,Maryland,8239,-9.82,355000,10.94,23,2,8681,1.37,19638,-6.45,9135,-8.6,205.33,9.53
2026-09-03,Monthly,2022-02-01,2022-02-28,45,State,Massachusetts,6966,-11.85,485000,7.78,19,-9,7902,-3.46,16993,-20.22,7636,-12.67,311.35,8.59
2026-09-03,Monthly,2022-02-01,2022-02-28,47,State,Michigan,12348,-8.37,210000,12.9,19,-5,14007,-0.36,34014,-4.17,13075,-6.16,139.78,10.93
2026-09-03,Monthly,2022-02-01,2022-02-28,49,State,Minnesota,7323,-10.92,305000,8.16,18,-4,7982,-6.49,13059,-10.73,7663,-8.36,175.16,9.77
2026-09-03,Monthly,2022-02-01,2022-02-28,51,State,Mississippi,2300,4.28,230000,15,22,-38,2399,21.14,7085,-23.86,2404,26.9,130.89,15.16
2026-09-03,Monthly,2022-02-01,2022-02-28,2,State,Missouri,8159,-6.34,220000,11.11,29,-6,8309,4.89,21859,-6.89,8507,-3.73,136.35,12.89
2026-09-03,Monthly,2022-02-01,2022-02-28,4,State,Montana,1258,-9.84,439900,26.41,56,-5,1456,-4.85,5447,-11.34,1244,-11.03,258.45,22.21
2026-09-03,Monthly,2022-02-01,2022-02-28,6,State,Nebraska,2077,5.06,240000,10.6,15,-7,2327,15.34,5260,-6.78,2065,6.47,135.23,10.12
2026-09-03,Monthly,2022-02-01,2022-02-28,8,State,Nevada,4913,-8.79,430000,24.64,14,-17,5454,1.46,12894,-13.02,5483,-17.49,255.62,26.57
2026-09-03,Monthly,2022-02-01,2022-02-28,10,State,New Hampshire,1718,-20.4,375000,13.64,27,-8,1958,-9.02,4495,-21.2,1883,-19.5,223.78,14.34
2026-09-03,Monthly,2022-02-01,2022-02-28,12,State,New Jersey,10555,-14.02,397000,8.77,59,-3,11474,1.49,38562,-16.25,10948,-14.97,251.59,11.47
2026-09-03,Monthly,2022-02-01,2022-02-28,14,State,New Mexico,2203,-10.52,298700,19.48,35,-6,2359,-6.54,6795,-11.47,2285,-10.88,173.93,15.8
2026-09-03,Monthly,2022-02-01,2022-02-28,16,State,New York,15417,-5.25,450000,15.37,39,-12,15915,-4.19,53429,-20.1,15261,-4.84,237.2,9.98
2026-09-03,Monthly,2022-02-01,2022-02-28,18,State,North Carolina,16039,-1.74,325000,20.15,35,-10,15407,-6.2,46073,-15.68,15552,-7.06,178.48,20.62
2026-09-03,Monthly,2022-02-01,2022-02-28,20,State,North Dakota,702,-9.02,245000,6.52,69,-11,783,-1.26,3059,-16.61,606,-16.84,129.62,6.45
2026-09-03,Monthly,2022-02-01,2022-02-28,22,State,Ohio,13078,-0.7,190000,11.83,36,-6,13760,0.92,37352,-7.27,15307,-4.9,134.08,12.73
2026-09-03,Monthly,2022-02-01,2022-02-28,23,State,Oklahoma,5040,7.37,215000,11.11,20,-18,4815,18.25,12023,-6.69,5023,10.67,131.91,13.32
2026-09-03,Monthly,2022-02-01,2022-02-28,24,State,Oregon,5639,-1.26,478000,13.81,13,-4,6840,10.34,14672,-2.21,6477,11.39,289.36,16.72
2026-09-03,Monthly,2022-02-01,2022-02-28,26,State,Pennsylvania,13895,-0.42,232000,7.91,37,-3,15048,1.1,41736,-5.83,14324,-1.57,160.49,11.97
2026-09-03,Monthly,2022-02-01,2022-02-28,58,State,Puerto Rico,NA,NA,NA,NA,NA,NA,NA,NA,NA,NA,NA,NA,NA,NA
2026-09-03,Monthly,2022-02-01,2022-02-28,28,State,Rhode Island,1360,-9.55,368000,18.52,26,-6,1443,-3.83,3274,-20.36,1317,-12.15,220.21,13.57
2026-09-03,Monthly,2022-02-01,2022-02-28,30,State,South Carolina,9055,-3.76,302995,17.49,43,-18,9539,0.21,29914,-16.15,9400,-9.6,170.93,18.6
2026-09-03,Monthly,2022-02-01,2022-02-28,32,State,South Dakota,921,-11.15,274900,16.36,47,-9,1017,10.29,3023,-13.71,943,-2.98,166.06,17.52
2026-09-03,Monthly,2022-02-01,2022-02-28,34,State,Tennessee,10188,1.87,325000,24.05,32,-7,10287,2.73,27418,-12.56,11512,-4.26,184.72,21.57
2026-09-03,Monthly,2022-02-01,2022-02-28,36,State,Texas,32746,13.07,325500,18.36,22,-6,37720,22.46,91342,-3.38,37635,8.05,171.83,20.49
2026-09-03,Monthly,2022-02-01,2022-02-28,38,State,Utah,3979,-4.95,500000,29.2,0,-7,4543,6.84,9506,-3.53,4262,-4.9,232.89,21.92
2026-09-03,Monthly,2022-02-01,2022-02-28,40,State,Vermont,792,-20.47,305000,12.96,41,-23,885,-7.63,2532,-31.84,904,-23.46,208.46,22.72
2026-09-03,Monthly,2022-02-01,2022-02-28,42,State,Virginia,11812,-8.9,347000,8.44,23,-5,12515,5,28159,-14.75,12486,-2.07,193.51,11.28
2026-09-03,Monthly,2022-02-01,2022-02-28,44,State,Washington,9329,-11.53,560000,16.67,5,-1,12101,4.48,21809,-6.72,11113,-1.29,320.19,16.35
2026-09-03,Monthly,2022-02-01,2022-02-28,46,State,West Virginia,1443,7.43,190000,8.57,56,-11,1370,24.79,4607,-8.37,1442,2.28,120.98,9.69
2026-09-03,Monthly,2022-02-01,2022-02-28,48,State,Wisconsin,7082,-5.36,235000,9.35,48,-5,7245,0.8,21877,-8.22,7302,-5.66,152.77,13.15
2026-09-03,Monthly,2022-02-01,2022-02-28,50,State,Wyoming,752,-11.42,295000,13.46,51,-18,791,-10.36,2804,-19.48,748,-12.83,156.55,10.67
2026-09-03,Monthly,2022-01-01,2022-01-31,1,State,Alabama,6918,3.5,250000,13.69,47,-7,6369,-0.77,21388,-8.83,7265,4.25,138.38,13.43
2026-09-03,Monthly,2022-01-01,2022-01-31,3,State,Alaska,1116,0.98,320000,8.47,23,-6,910,-20.58,2565,-22.8,1112,-17.51,203.14,10.09
2026-09-03,Monthly,2022-01-01,2022-01-31,5,State,Arizona,12022,-6.09,420000,26.89,33,-3,12796,2.59,30404,-3.95,13421,1.28,251.44,26.85
2026-09-03,Monthly,2022-01-01,2022-01-31,7,State,Arkansas,4073,7.03,216119,17.46,37,-17,4241,6.71,12380,-9.45,4182,0.38,128.17,12.45
2026-09-03,Monthly,2022-01-01,2022-01-31,9,State,California,36618,-7.01,660000,12.9,21,-5,37272,-2.11,83130,-15.44,35847,-11.33,438.98,12.75
2026-09-03,Monthly,2022-01-01,2022-01-31,11,State,Colorado,10872,-1.44,490782,15.77,15,-7,10370,-11.03,24252,-13.87,9335,-9.25,254.91,12.18
2026-09-03,Monthly,2022-01-01,2022-01-31,17,State,Columbia,910,-2.97,645000,4.89,37,11,1077,-10.06,3115,-7.65,1002,-3.23,546.79,2.02
2026-09-03,Monthly,2022-01-01,2022-01-31,13,State,Connecticut,4825,-8.57,300000,4.35,44,-8,4475,-17.16,13256,-27.52,5416,-16.69,185.27,9.27
2026-09-03,Monthly,2022-01-01,2022-01-31,15,State,Delaware,1702,-5.87,330500,20.23,23,-4,1564,-3.26,4021,-9.22,1595,-11.07,186.74,17.05
2026-09-03,Monthly,2022-01-01,2022-01-31,19,State,Florida,48549,2.89,349000,23.32,24,-19,45541,0.71,111887,-23.63,49673,-5.79,222.14,24.96
2026-09-03,Monthly,2022-01-01,2022-01-31,21,State,Georgia,16043,-2.39,310000,19.23,25,-8,17171,-0.74,46815,-5.73,18554,-1.5,162.52,20.57
2026-09-03,Monthly,2022-01-01,2022-01-31,25,State,Hawaii,1864,15.39,720000,16.13,57,-12,1611,4.08,5971,-17.04,1876,6.91,653.69,19.14
2026-09-03,Monthly,2022-01-01,2022-01-31,27,State,Idaho,3489,8.26,460000,22.67,27,1,3387,1.93,8149,-6.11,3320,21.85,267.37,22.04
2026-09-03,Monthly,2022-01-01,2022-01-31,29,State,Illinois,18229,7.75,240000,6.56,30,-2,17527,-1.97,49721,-7.96,17974,-3.4,157.36,5.1
2026-09-03,Monthly,2022-01-01,2022-01-31,31,State,Indiana,9512,5.79,206293,14.61,29,-11,8584,6.05,20876,-8.21,9329,3.55,128.63,17.58
2026-09-03,Monthly,2022-01-01,2022-01-31,33,State,Iowa,4256,3.97,184000,5.14,47,-9,3929,2.5,12424,-8.06,4048,-0.5,137.11,8.15
2026-09-03,Monthly,2022-01-01,2022-01-31,35,State,Kansas,3881,2.54,209000,1.95,38,-4,3406,-8.2,9856,-9.35,3471,-1.68,125.94,10.3
2026-09-03,Monthly,2022-01-01,2022-01-31,37,State,Kentucky,4989,-0.32,213900,13.23,33,-1,4800,-5.7,13571,-5.84,5003,-5.1,139.07,13.35
2026-09-03,Monthly,2022-01-01,2022-01-31,39,State,Louisiana,5351,10.85,230348,7.19,40,-11,5165,6.15,15965,-9.21,5772,23,135.96,11.1
2026-09-03,Monthly,2022-01-01,2022-01-31,41,State,Maine,1993,-4.71,290000,11.58,18,-5,1893,-18.38,5227,-18.49,2101,-12.07,202.97,18.54
2026-09-03,Monthly,2022-01-01,2022-01-31,43,State,Maryland,9069,-4.36,350000,7.69,23,2,8340,-14.77,19831,-11.21,9081,-13.89,202.66,7.41
2026-09-03,Monthly,2022-01-01,2022-01-31,45,State,Massachusetts,7478,-6.4,500500,10.49,19,-3,7339,-17.03,16934,-22.93,7452,-15.53,315.86,11.83
2026-09-03,Monthly,2022-01-01,2022-01-31,47,State,Michigan,12929,-4.95,201628,8.4,21,-4,14009,-0.3,34012,-6.21,13437,-5.52,138.38,9.23
2026-09-03,Monthly,2022-01-01,2022-01-31,49,State,Minnesota,7925,-5.95,295000,8.46,21,-1,7997,-9.39,12374,-11.81,7688,-11.42,174.78,9.99
2026-09-03,Monthly,2022-01-01,2022-01-31,51,State,Mississippi,2395,1.11,220500,13.13,25,-41,2449,2.8,7266,-24.39,2514,24.36,129.88,15.91
2026-09-03,Monthly,2022-01-01,2022-01-31,2,State,Missouri,8525,-3.32,215000,11.69,30,-5,8488,-1.55,22253,-8.65,8896,-4.8,135.54,12.23
2026-09-03,Monthly,2022-01-01,2022-01-31,4,State,Montana,1410,-4.05,429900,22.83,60,-5,1502,-5.2,5442,-12.16,1346,-6.87,261.51,31.04
2026-09-03,Monthly,2022-01-01,2022-01-31,6,State,Nebraska,2273,2.71,240000,14.29,20,0,2133,0.97,5152,-9.68,2034,1.9,137.15,13.29
2026-09-03,Monthly,2022-01-01,2022-01-31,8,State,Nevada,5724,1.89,416563,24.35,20,-15,5320,4.29,13091,-15.31,5994,-6.27,249.17,24.64
2026-09-03,Monthly,2022-01-01,2022-01-31,10,State,New Hampshire,2026,-10.86,375000,13.64,27,-10,1893,-15.76,4500,-24.57,1885,-22.69,219.06,11.47
2026-09-03,Monthly,2022-01-01,2022-01-31,12,State,New Jersey,12007,-7.26,405000,9.16,60,-2,10686,-15.65,38963,-18.88,11666,-12.73,251.35,10.93
2026-09-03,Monthly,2022-01-01,2022-01-31,14,State,New Mexico,2681,2.63,287000,16.19,39,-2,2304,-11.24,6744,-13.1,2348,-11.61,172.06,15.35
2026-09-03,Monthly,2022-01-01,2022-01-31,16,State,New York,16136,3.53,435000,14.47,39,-13,15805,-10.61,54617,-26.89,15299,-11.03,235.72,8.79
2026-09-03,Monthly,2022-01-01,2022-01-31,18,State,North Carolina,18215,7.89,317000,17.76,38,-9,15418,-7.6,47424,-14.03,16040,-7.13,176.32,19.94
2026-09-03,Monthly,2022-01-01,2022-01-31,20,State,North Dakota,879,10.86,248467,4.95,70,-14,759,-12.67,3140,-15.09,805,8.26,129.33,6.69
2026-09-03,Monthly,2022-01-01,2022-01-31,22,State,Ohio,15637,5.05,185000,8.19,36,-6,14326,-1.18,38436,-6.84,16610,0.36,132.68,11.74
2026-09-03,Monthly,2022-01-01,2022-01-31,23,State,Oklahoma,6122,13.75,206000,10.16,23,-15,5087,-0.83,12826,-8.43,5779,2.69,130.73,15.6
2026-09-03,Monthly,2022-01-01,2022-01-31,24,State,Oregon,6751,6.33,456000,11.22,15,-3,6433,-3.97,14170,-7.08,6319,-0.45,288.24,16.47
2026-09-03,Monthly,2022-01-01,2022-01-31,26,State,Pennsylvania,15866,2.3,235000,7.31,37,-4,14626,-5.9,41966,-8.93,14683,-5.3,159.38,12.61
2026-09-03,Monthly,2022-01-01,2022-01-31,58,State,Puerto Rico,NA,NA,NA,NA,NA,NA,NA,NA,NA,NA,NA,NA,NA,NA
2026-09-03,Monthly,2022-01-01,2022-01-31,28,State,Rhode Island,1588,6.01,365000,14.06,28,-5,1375,-18.35,3415,-20.25,1427,-15.69,222.82,15.04
2026-09-03,Monthly,2022-01-01,2022-01-31,30,State,South Carolina,9532,-0.92,290990,14.11,48,-14,9293,-3.05,30519,-16,9858,-7.03,171.48,20.95
2026-09-03,Monthly,2022-01-01,2022-01-31,32,State,South Dakota,1098,-1.03,282125,20.33,53,-11,999,-3.78,2998,-16.23,977,0.55,165.73,20.01
2026-09-03,Monthly,2022-01-01,2022-01-31,34,State,Tennessee,10914,3.24,314474,23.08,37,-8,9515,-12.31,28011,-15,11598,-6.33,180.33,19.81
2026-09-03,Monthly,2022-01-01,2022-01-31,36,State,Texas,38263,5.95,315000,18.87,24,-6,37729,3.69,93904,-8.03,39210,-3.34,168.51,18.33
2026-09-03,Monthly,2022-01-01,2022-01-31,38,State,Utah,4345,-2.81,485000,27.63,7,-4,4292,-3.75,9310,-7.94,4172,-13.75,227.92,19.07
2026-09-03,Monthly,2022-01-01,2022-01-31,40,State,Vermont,901,-10.62,319587,16.21,48,-19,784,-19.38,2542,-33.89,884,-25.67,199.44,17.48
2026-09-03,Monthly,2022-01-01,2022-01-31,42,State,Virginia,12540,-4.6,335000,8.06,26,-3,11173,-16.11,27863,-19.22,11945,-13.95,192.11,11.08
2026-09-03,Monthly,2022-01-01,2022-01-31,44,State,Washington,11180,-9.99,530000,16.48,5,-2,10361,-14.23,20490,-12.94,10243,-12.4,317.23,17.11
2026-09-03,Monthly,2022-01-01,2022-01-31,46,State,West Virginia,1544,3.74,200500,11.39,58,-10,1164,-14.48,4694,-11.12,1526,5.47,120.14,9.62
2026-09-03,Monthly,2022-01-01,2022-01-31,48,State,Wisconsin,7428,-3.02,232000,10.48,49,-4,7204,-7.08,22251,-8.27,7548,-9.15,150.89,11.09
2026-09-03,Monthly,2022-01-01,2022-01-31,50,State,Wyoming,809,-6.22,278500,9.22,54,-10,753,-15.44,2770,-20.53,794,-9.77,148.81,9.25
2026-09-03,Monthly,2021-12-01,2021-12-31,1,State,Alabama,7190,5.25,258000,16.6,47,-9,6935,3.98,21942,-7.34,7861,10.3,139.09,15.59
2026-09-03,Monthly,2021-12-01,2021-12-31,3,State,Alaska,1096,3,325000,2.04,24,-8,939,-19.41,2618,-19.06,1017,4.12,201.54,9.14
2026-09-03,Monthly,2021-12-01,2021-12-31,5,State,Arizona,11930,-8.63,415000,27.58,34,-3,13300,1.86,31281,-5.88,14339,-4.75,248.45,26.14
2026-09-03,Monthly,2021-12-01,2021-12-31,7,State,Arkansas,4189,6.63,220000,15.85,44,-11,4495,11.26,12790,-8.47,4222,0.57,130.55,14.26
2026-09-03,Monthly,2021-12-01,2021-12-31,9,State,California,35768,-6.88,675000,15.38,23,-4,37028,-5.68,83040,-17.66,34343,-15.72,438.28,10.6
2026-09-03,Monthly,2021-12-01,2021-12-31,11,State,Colorado,10839,-6.85,500000,17.37,18,-8,11455,-8.52,24371,-12.81,12605,-8.19,246.97,14.22
2026-09-03,Monthly,2021-12-01,2021-12-31,17,State,Columbia,909,-4.48,675000,5.8,34,4,1014,-23.94,3178,-4.74,963,-8.26,547.78,-1.48
2026-09-03,Monthly,2021-12-01,2021-12-31,13,State,Connecticut,4668,-12.84,310000,6.9,46,-8,4946,-17.2,14066,-25.73,5665,-12.39,187.26,4.78
2026-09-03,Monthly,2021-12-01,2021-12-31,15,State,Delaware,1649,-6.26,325000,11.97,22,-7,1603,-6.22,4007,-11.26,1725,-5.03,179.48,9.31
2026-09-03,Monthly,2021-12-01,2021-12-31,19,State,Florida,44377,-3.73,349000,22.46,27,-18,46360,0.93,116651,-23.65,50589,-4.05,217.18,21.64
2026-09-03,Monthly,2021-12-01,2021-12-31,21,State,Georgia,15814,-1.99,312450,17.91,26,-9,18422,1.99,46656,-7.53,19802,2.8,161.88,22.07
2026-09-03,Monthly,2021-12-01,2021-12-31,25,State,Hawaii,1659,-0.09,705000,10.42,57,-17,1689,2.44,6060,-19.57,1789,-5.77,634.68,20.69
2026-09-03,Monthly,2021-12-01,2021-12-31,27,State,Idaho,3381,-3.26,450000,23.29,28,0,3416,-4.99,8894,5.01,6187,97.32,261.37,20.86
2026-09-03,Monthly,2021-12-01,2021-12-31,29,State,Illinois,16836,0.11,245000,6.52,31,-1,17753,-3.81,48393,-7.69,19606,6.25,157.82,4.17
2026-09-03,Monthly,2021-12-01,2021-12-31,31,State,Indiana,8836,-1.32,215000,14.36,32,-9,8775,2.29,21543,-8.41,9780,2.28,127.16,13.23
2026-09-03,Monthly,2021-12-01,2021-12-31,33,State,Iowa,4055,-0.17,190000,6.15,50,-7,4254,4.33,12854,-7.63,4192,2.82,145.61,14.19
2026-09-03,Monthly,2021-12-01,2021-12-31,35,State,Kansas,3705,-1.46,229950,9.5,38,-6,3713,-3.27,10170,-7.46,3689,-1.69,122.96,6.63
2026-09-03,Monthly,2021-12-01,2021-12-31,37,State,Kentucky,4945,-1.36,220000,15.49,33,-1,5328,-5.8,13917,-3.66,5329,-3.52,137.68,12.2
2026-09-03,Monthly,2021-12-01,2021-12-31,39,State,Louisiana,5121,6.17,235000,7.31,41,-11,5486,5.38,16024,-9.5,5285,6.45,134.69,8.62
2026-09-03,Monthly,2021-12-01,2021-12-31,41,State,Maine,1978,-13.1,307675,14.38,19,-3,2019,-15.52,5113,-18.4,2146,-7.15,199.05,5.91
2026-09-03,Monthly,2021-12-01,2021-12-31,43,State,Maryland,8894,-7.26,365000,8.96,25,3,9189,-11.53,20779,-6.97,9506,-8.1,202.9,7.96
2026-09-03,Monthly,2021-12-01,2021-12-31,45,State,Massachusetts,7283,-9.56,510000,10.87,20,-4,8195,-14.23,16913,-24.3,8108,-14.23,308.21,8.58
2026-09-03,Monthly,2021-12-01,2021-12-31,47,State,Michigan,12895,-7.62,212000,8.72,21,-6,13982,-0.61,34767,-4.84,13597,-6.01,138.77,10.63
2026-09-03,Monthly,2021-12-01,2021-12-31,49,State,Minnesota,7936,-5.69,300000,7.82,20,-3,8323,-14.69,13702,-12.16,8183,-7.36,172,8.35
2026-09-03,Monthly,2021-12-01,2021-12-31,51,State,Mississippi,2352,3.35,215000,4.88,33,-32,2609,5.64,7423,-24.14,2276,1.63,126.79,11.23
2026-09-03,Monthly,2021-12-01,2021-12-31,2,State,Missouri,8635,-2.42,224000,12.56,32,-4,8812,-6.91,22593,-7.9,9256,-3.23,134.71,11.44
2026-09-03,Monthly,2021-12-01,2021-12-31,4,State,Montana,1469,-9.27,429900,23.18,58,-8,1477,-16.12,5598,-10.77,1505,-7.49,246.9,21.86
2026-09-03,Monthly,2021-12-01,2021-12-31,6,State,Nebraska,2317,1.04,235000,10.33,19,0,2162,-9.21,5157,-10.11,2138,-0.01,136.02,12.93
2026-09-03,Monthly,2021-12-01,2021-12-31,8,State,Nevada,5506,-1.8,410000,21.66,24,-15,5684,-3.69,13140,-17.84,6381,-2.66,245.05,23.6
2026-09-03,Monthly,2021-12-01,2021-12-31,10,State,New Hampshire,1925,-20.28,376999,13.55,29,-11,1984,-13.74,4752,-22.45,2020,-21.72,222.28,17.9
2026-09-03,Monthly,2021-12-01,2021-12-31,12,State,New Jersey,10805,-18.61,407500,8.96,62,-1,11576,-17.17,40444,-19.02,12346,-11.67,247.19,8.26
2026-09-03,Monthly,2021-12-01,2021-12-31,14,State,New Mexico,2498,-4.59,290000,12.84,40,-1,2454,-11.82,6910,-11.65,2432,-7.75,171.2,18
2026-09-03,Monthly,2021-12-01,2021-12-31,16,State,New York,14654,-8.31,410000,10.81,41,-10,16173,-10.8,55006,-27.69,16191,-5.01,236.85,4.36
2026-09-03,Monthly,2021-12-01,2021-12-31,18,State,North Carolina,16524,0.33,324000,17.82,39,-10,16554,-2.07,49345,-11.41,19126,3.22,173.24,18.18
2026-09-03,Monthly,2021-12-01,2021-12-31,20,State,North Dakota,859,-2.45,251000,6.81,69,-18,781,-4.02,3242,-13.1,802,-1.34,130.63,9.3
2026-09-03,Monthly,2021-12-01,2021-12-31,22,State,Ohio,15107,0.89,191500,6.69,37,-5,15261,0.58,39310,-5.74,16734,0.3,132.7,8.84
2026-09-03,Monthly,2021-12-01,2021-12-31,23,State,Oklahoma,5470,0.94,210550,9.09,19,-13,5497,6.57,13073,-6.64,5841,4.43,130,13.71
2026-09-03,Monthly,2021-12-01,2021-12-31,24,State,Oregon,6355,-6.29,465000,14.25,16,-3,6792,-12.44,14032,-7.94,6520,-7.81,285.05,16.16
2026-09-03,Monthly,2021-12-01,2021-12-31,26,State,Pennsylvania,14478,-6.34,240000,9.09,39,-3,14900,-3.13,43021,-7.79,15257,-4.09,156.87,7.61
2026-09-03,Monthly,2021-12-01,2021-12-31,58,State,Puerto Rico,NA,NA,NA,NA,NA,NA,NA,NA,NA,NA,NA,NA,NA,NA
2026-09-03,Monthly,2021-12-01,2021-12-31,28,State,Rhode Island,1472,-7.38,370000,15.63,26,-8,1487,-15.44,3501,-18.43,1482,-8.93,220.23,17.06
2026-09-03,Monthly,2021-12-01,2021-12-31,30,State,South Carolina,9432,-0.35,296645,16.33,49,-17,9780,-0.2,31747,-14.07,10304,-3.6,168.8,20.36
2026-09-03,Monthly,2021-12-01,2021-12-31,32,State,South Dakota,1066,1.35,260000,8.33,54,-14,978,-12.72,3293,-10.7,972,-5.27,160.61,15.82
2026-09-03,Monthly,2021-12-01,2021-12-31,34,State,Tennessee,11242,-0.65,315000,18.87,39,-8,12013,2.39,29094,-12.1,12031,-1.53,180,20.54
2026-09-03,Monthly,2021-12-01,2021-12-31,36,State,Texas,35067,-1.44,324900,19.01,24,-6,38422,3.27,95092,-7.95,39598,-3.13,168.28,19.42
2026-09-03,Monthly,2021-12-01,2021-12-31,38,State,Utah,4350,-7.84,475000,23.7,9,-5,4344,-17.97,9125,-10.49,4508,-11.8,228.65,22.73
2026-09-03,Monthly,2021-12-01,2021-12-31,40,State,Vermont,842,-25.25,325000,13.54,50,-21,868,-13.99,2662,-33.42,909,-29.33,197.34,14.93
2026-09-03,Monthly,2021-12-01,2021-12-31,42,State,Virginia,12478,-3.02,348000,8.75,28,-2,13075,-12.49,30108,-15.07,14003,-4.63,191.66,11.31
2026-09-03,Monthly,2021-12-01,2021-12-31,44,State,Washington,11544,-6.78,545000,19.94,6,-1,12824,-11.67,20163,-14.17,11437,-9.41,313.83,15.98
2026-09-03,Monthly,2021-12-01,2021-12-31,46,State,West Virginia,1387,3.87,206075,12,57,-10,1485,5.55,5060,-4.83,1506,9.24,119.53,9.92
2026-09-03,Monthly,2021-12-01,2021-12-31,48,State,Wisconsin,7439,-3.26,237000,10.23,49,-5,7574,-9.1,23004,-6.29,7892,-6.5,147.72,8.2
2026-09-03,Monthly,2021-12-01,2021-12-31,50,State,Wyoming,891,-4.16,295000,11.32,59,-14,868,-5.98,2970,-16.58,884,-5.6,158.83,19.74
2026-09-03,Monthly,2021-11-01,2021-11-30,1,State,Alabama,7119,6.26,250000,11.61,49,-8,6812,2.12,22067,-7.38,7548,6.29,136.62,14.43
2026-09-03,Monthly,2021-11-01,2021-11-30,3,State,Alaska,1070,5.09,335000,9.48,30,-2,945,-16.73,2794,-13.35,1110,15.14,201.58,17.6
2026-09-03,Monthly,2021-11-01,2021-11-30,5,State,Arizona,12522,-4.57,410000,26.15,35,-3,13122,4.07,31927,-7.46,15045,-4.69,245.39,27.72
2026-09-03,Monthly,2021-11-01,2021-11-30,7,State,Arkansas,4282,3.92,215000,13.16,46,-9,4366,6.89,13596,-4.83,4357,1.96,127.3,13.99
2026-09-03,Monthly,2021-11-01,2021-11-30,9,State,California,37929,-0.81,685000,16.14,23,-3,38233,-0.21,86609,-14.73,41028,-3.42,430.31,12.5
2026-09-03,Monthly,2021-11-01,2021-11-30,11,State,Colorado,11729,-2.57,500000,16.28,21,-7,11968,1.87,25113,-10.66,12678,-5.59,245.63,15.1
2026-09-03,Monthly,2021-11-01,2021-11-30,17,State,Columbia,961,-0.94,728700,7.16,33,4,1133,-2.32,3300,3.07,1073,8.75,534.37,-2.96
2026-09-03,Monthly,2021-11-01,2021-11-30,13,State,Connecticut,4787,-11.2,310000,6.9,46,-9,5082,-15.88,14900,-22.9,5898,-10.16,182.58,8.5
2026-09-03,Monthly,2021-11-01,2021-11-30,15,State,Delaware,1751,1.62,325000,8.44,24,-4,1670,-3.27,4130,-8.85,1780,-5.4,180.87,14.66
2026-09-03,Monthly,2021-11-01,2021-11-30,19,State,Florida,46813,-0.19,340000,21.43,27,-19,45915,1.22,121238,-22.87,52398,1.97,213.78,23.02
2026-09-03,Monthly,2021-11-01,2021-11-30,21,State,Georgia,17679,7.56,312000,18.84,26,-10,18092,4.82,46948,-8.36,20695,5.9,157.2,19.84
2026-09-03,Monthly,2021-11-01,2021-11-30,25,State,Hawaii,1704,12.23,695000,13.01,54,-19,1719,8.23,6239,-18.2,1924,10.95,634.18,19.42
2026-09-03,Monthly,2021-11-01,2021-11-30,27,State,Idaho,3368,-6.85,449000,24.72,28,-1,3582,6.68,9377,7.91,3469,4.97,262.4,24.72
2026-09-03,Monthly,2021-11-01,2021-11-30,29,State,Illinois,17203,3,247000,7.39,31,0,18381,2.81,48826,-7.22,19660,6.86,156.69,4.53
2026-09-03,Monthly,2021-11-01,2021-11-30,31,State,Indiana,8994,2.29,214900,13.16,35,-8,9146,9.63,22878,-4.41,10263,10.96,124.64,16.15
2026-09-03,Monthly,2021-11-01,2021-11-30,33,State,Iowa,4209,4.01,189000,6.1,52,-8,4234,5.34,13320,-6.42,4232,2.77,135.43,7.72
2026-09-03,Monthly,2021-11-01,2021-11-30,35,State,Kansas,3847,4.14,224900,7.1,41,-5,3639,-3.68,10528,-5.14,3739,2.69,121.9,8.51
2026-09-03,Monthly,2021-11-01,2021-11-30,37,State,Kentucky,5009,0.76,224500,12.31,34,-1,5306,-0.17,14294,-0.56,5412,0.73,135.04,12.75
2026-09-03,Monthly,2021-11-01,2021-11-30,39,State,Louisiana,5191,13.5,230000,3.28,43,-11,5284,5.98,16208,-8.17,5476,15.55,132.4,6.55
2026-09-03,Monthly,2021-11-01,2021-11-30,41,State,Maine,1996,-10.61,300000,11.11,20,-5,2101,-13.34,5178,-18.95,2246,-9.63,201.91,14.78
2026-09-03,Monthly,2021-11-01,2021-11-30,43,State,Maryland,9284,-2.84,360000,5.88,25,4,9453,-5.59,21965,-3.26,9859,-5,200.55,8.36
2026-09-03,Monthly,2021-11-01,2021-11-30,45,State,Massachusetts,7626,-2.93,514500,11.85,21,-3,8457,-7.88,17604,-23.16,8646,-7.39,303.69,10.15
2026-09-03,Monthly,2021-11-01,2021-11-30,47,State,Michigan,13134,-5.32,220000,10,23,-6,14134,1.65,35544,-3.82,13868,-4.65,137.43,10.13
2026-09-03,Monthly,2021-11-01,2021-11-30,49,State,Minnesota,8133,-3.83,305000,7.42,21,-2,8559,0.15,18211,-5.97,8847,2.71,170.14,8.59
2026-09-03,Monthly,2021-11-01,2021-11-30,51,State,Mississippi,2308,-0.95,215000,4.93,55,-12,2669,9.77,8400,-15.44,2388,9.84,124.93,11.31
2026-09-03,Monthly,2021-11-01,2021-11-30,2,State,Missouri,8778,-1.04,225000,9.76,34,-4,8745,-0.23,23210,-6,9577,-0.2,133.12,13.03
2026-09-03,Monthly,2021-11-01,2021-11-30,4,State,Montana,1504,-11,415000,19.08,61,-7,1500,-7.57,5760,-9.93,1525,-8.84,233.53,15.74
2026-09-03,Monthly,2021-11-01,2021-11-30,6,State,Nebraska,2384,1.56,233000,4.95,17,-3,2263,4.72,5365,-4.94,2206,3.75,134.3,14.31
2026-09-03,Monthly,2021-11-01,2021-11-30,8,State,Nevada,5988,2.78,405000,19.12,26,-16,5865,4.43,13757,-16.53,6893,3.73,241.91,25.14
2026-09-03,Monthly,2021-11-01,2021-11-30,10,State,New Hampshire,2076,-12.24,380000,14.46,28,-13,2062,-9.27,5022,-20.41,2163,-13.33,217.71,16.35
2026-09-03,Monthly,2021-11-01,2021-11-30,12,State,New Jersey,11258,-13.67,400000,6.7,62,-1,12068,-16.04,41813,-17.75,12402,-10.01,244.74,9.11
2026-09-03,Monthly,2021-11-01,2021-11-30,14,State,New Mexico,2577,-2.79,287000,14,39,-3,2517,1.45,7124,-8.67,2606,2.32,168.14,15.34
2026-09-03,Monthly,2021-11-01,2021-11-30,16,State,New York,14703,-4.02,399000,14,41,-9,16334,-12.54,56387,-26.31,17060,2.02,225.71,1.99
2026-09-03,Monthly,2021-11-01,2021-11-30,18,State,North Carolina,17028,2.69,315500,14.73,40,-9,17323,6.19,51051,-8.43,19299,5.29,172.08,19.47
2026-09-03,Monthly,2021-11-01,2021-11-30,20,State,North Dakota,825,-5.52,240000,2.78,73,-17,803,-2.86,3315,-13.01,777,-4.51,126.66,8.19
2026-09-03,Monthly,2021-11-01,2021-11-30,22,State,Ohio,15170,2.74,200000,11.11,38,-5,15363,1.14,40474,-4.31,17253,2.01,130.73,11.59
2026-09-03,Monthly,2021-11-01,2021-11-30,23,State,Oklahoma,5596,8.5,215000,10.26,17,-10,5431,0.57,13237,-5.77,5917,8.22,127.19,13.66
2026-09-03,Monthly,2021-11-01,2021-11-30,24,State,Oregon,6744,0.68,469900,14.61,15,-4,6953,1.23,14509,-3.24,7040,3.41,278.03,14.35
2026-09-03,Monthly,2021-11-01,2021-11-30,26,State,Pennsylvania,14782,-4.74,241000,7.11,42,-2,15159,-1.69,44516,-6.66,15622,-3.43,155.32,10.86
2026-09-03,Monthly,2021-11-01,2021-11-30,58,State,Puerto Rico,NA,NA,NA,NA,NA,NA,NA,NA,NA,NA,NA,NA,NA,NA
2026-09-03,Monthly,2021-11-01,2021-11-30,28,State,Rhode Island,1426,-10.84,364900,15.19,28,-8,1561,-8.95,3719,-14.61,1666,-3.6,213.17,13.8
2026-09-03,Monthly,2021-11-01,2021-11-30,30,State,South Carolina,9562,0.61,290400,11.74,49,-15,9843,3.91,32845,-11.7,10791,1.65,163.83,16.05
2026-09-03,Monthly,2021-11-01,2021-11-30,32,State,South Dakota,1068,1.34,262000,10.13,58,-12,1009,-1.22,3512,-6.18,1447,43.61,158.13,13.46
2026-09-03,Monthly,2021-11-01,2021-11-30,34,State,Tennessee,11613,6.28,312000,19.54,39,-8,11516,0.53,30624,-10.13,12331,1.66,175.65,20.87
2026-09-03,Monthly,2021-11-01,2021-11-30,36,State,Texas,36108,0.8,315500,16.85,25,-7,38778,7.39,96573,-7.14,41248,2.28,165.77,19.02
2026-09-03,Monthly,2021-11-01,2021-11-30,38,State,Utah,4506,-10.65,470000,23.69,12,-3,4689,3.41,9671,-5.15,5008,-2.84,224.28,25.43
2026-09-03,Monthly,2021-11-01,2021-11-30,40,State,Vermont,840,-21.97,329000,15.44,56,-16,915,-18.2,2825,-31.28,973,-20.26,195.68,15.3
2026-09-03,Monthly,2021-11-01,2021-11-30,42,State,Virginia,13016,1.69,355000,8.9,29,-1,13077,-10.01,31809,-10.45,14828,1.41,188.74,10.03
2026-09-03,Monthly,2021-11-01,2021-11-30,44,State,Washington,12209,-1.5,540835,17.57,6,-1,12650,0.99,20554,-11.83,12601,-0.8,309.61,16.69
2026-09-03,Monthly,2021-11-01,2021-11-30,46,State,West Virginia,1414,-4.97,210000,14.91,60,-8,1553,8.28,5101,-6.04,1411,-5.65,119.05,11.06
2026-09-03,Monthly,2021-11-01,2021-11-30,48,State,Wisconsin,7530,-2.76,240000,7.62,50,-5,7734,-2.09,23716,-4.51,8317,0.9,148.62,10.84
2026-09-03,Monthly,2021-11-01,2021-11-30,50,State,Wyoming,876,-8.6,299000,10.74,61,-14,903,-1.68,3102,-14.46,875,-7.61,153.28,14
2026-09-03,Monthly,2021-10-01,2021-10-31,1,State,Alabama,6941,-2.34,249900,13.59,50,-10,6544,0.42,22133,-8.53,7475,0.67,135.24,15.23
2026-09-03,Monthly,2021-10-01,2021-10-31,3,State,Alaska,998,-0.31,330000,6.45,28,-10,1054,-6.48,2943,-12.01,1081,1.91,195.93,7.97
2026-09-03,Monthly,2021-10-01,2021-10-31,5,State,Arizona,12200,-8.83,406020,23.79,34,-3,13029,1.6,32256,-9.47,15037,-7.72,239.79,26.41
2026-09-03,Monthly,2021-10-01,2021-10-31,7,State,Arkansas,4244,5.43,209000,12.06,47,-11,4348,10.08,14022,-2.77,4473,7.02,125.66,12.91
2026-09-03,Monthly,2021-10-01,2021-10-31,9,State,California,36903,-0.6,679000,15.28,24,-5,38876,-1.4,89672,-12.53,41615,-5.39,421.8,12.11
2026-09-03,Monthly,2021-10-01,2021-10-31,11,State,Colorado,11315,-10.99,495000,13.79,22,-9,11836,-2.18,25737,-12.6,12810,-6.49,245.04,16.08
2026-09-03,Monthly,2021-10-01,2021-10-31,17,State,Columbia,902,-6.85,705000,4.44,34,6,1086,-14.98,3308,2.73,1029,-1.46,527.92,1.11
2026-09-03,Monthly,2021-10-01,2021-10-31,13,State,Connecticut,4815,-12.93,305000,3.39,48,-9,4925,-22.28,15460,-21.87,5846,-11.32,180.64,7.75
2026-09-03,Monthly,2021-10-01,2021-10-31,15,State,Delaware,1694,-1.74,322990,13.33,22,-12,1656,-8.74,4172,-10.04,1835,-6.2,173.17,10.79
2026-09-03,Monthly,2021-10-01,2021-10-31,19,State,Florida,45690,-4.95,330000,20,27,-21,46626,2.53,126125,-22.23,53944,0.46,209.52,20.94
2026-09-03,Monthly,2021-10-01,2021-10-31,21,State,Georgia,16127,-1.23,307301,15.96,25,-13,17913,2.59,46473,-11.65,19880,1.74,154.42,19.05
2026-09-03,Monthly,2021-10-01,2021-10-31,25,State,Hawaii,1634,15.28,684000,16.92,57,-17,1790,8.38,6295,-18.97,1915,17.14,631.87,17.71
2026-09-03,Monthly,2021-10-01,2021-10-31,27,State,Idaho,3279,-12.05,450000,27.84,28,-6,3601,-3.42,9791,8.43,3404,-2.71,262.06,27.71
2026-09-03,Monthly,2021-10-01,2021-10-31,29,State,Illinois,16734,-3.24,245000,4.26,29,-5,18300,0.35,49545,-5.87,19344,2.01,155.19,4.24
2026-09-03,Monthly,2021-10-01,2021-10-31,31,State,Indiana,8858,-1.17,215000,13.16,38,-7,8970,7.4,23345,-5.06,9777,2.99,122.65,14.21
2026-09-03,Monthly,2021-10-01,2021-10-31,33,State,Iowa,4055,1.34,195000,6.85,52,-11,4187,5.8,13440,-7.52,4100,0.38,134.81,7.47
2026-09-03,Monthly,2021-10-01,2021-10-31,35,State,Kansas,3592,-7.87,222000,3.74,42,-4,3677,-3.65,10780,-5.36,3586,-9.78,120.56,6.48
2026-09-03,Monthly,2021-10-01,2021-10-31,37,State,Kentucky,4919,-0.85,220000,10.55,34,-2,5263,-1.7,14508,0.35,5406,-0.7,133.24,11.31
2026-09-03,Monthly,2021-10-01,2021-10-31,39,State,Louisiana,4766,6.51,230000,4.55,43,-15,5173,15.24,16458,-5.72,5428,15.75,130.67,5.46
2026-09-03,Monthly,2021-10-01,2021-10-31,41,State,Maine,2044,-9.54,306000,10.87,19,-7,2069,-20.3,5243,-18.74,2284,-12.53,196.98,15.29
2026-09-03,Monthly,2021-10-01,2021-10-31,43,State,Maryland,9260,-3.13,365000,6.62,25,1,9353,-10.45,22810,-2.34,9895,-5.59,198.02,7.96
2026-09-03,Monthly,2021-10-01,2021-10-31,45,State,Massachusetts,7387,-9.01,500000,10.13,22,-3,8064,-16.81,18131,-22.36,8597,-8.43,302.87,9.81
2026-09-03,Monthly,2021-10-01,2021-10-31,47,State,Michigan,13009,-8.58,220000,10,23,-7,14074,1.37,35906,-5.53,13726,-9.17,134.69,9.47
2026-09-03,Monthly,2021-10-01,2021-10-31,49,State,Minnesota,7949,-9.34,307094,7.75,21,-3,8459,-4.56,21875,-10.38,8616,-6.58,170.48,10.5
2026-09-03,Monthly,2021-10-01,2021-10-31,51,State,Mississippi,2349,4.37,218000,10.25,57,-14,2475,1.84,8771,-12.03,2075,-5.3,126.02,14.06
2026-09-03,Monthly,2021-10-01,2021-10-31,2,State,Missouri,8696,-3.56,216000,5.37,35,-4,8566,-2.65,23664,-5.63,9504,-3.71,131.08,11.71
2026-09-03,Monthly,2021-10-01,2021-10-31,4,State,Montana,1329,-28.12,415000,18.61,60,-11,1556,-13.83,5739,-13.4,1333,-26.91,236.08,21.54
2026-09-03,Monthly,2021-10-01,2021-10-31,6,State,Nebraska,2233,-4.02,235000,6.82,17,-5,2294,3.54,5515,-4.62,2195,1.46,131.98,12.93
2026-09-03,Monthly,2021-10-01,2021-10-31,8,State,Nevada,5535,2.24,399000,19.1,28,-17,6080,8.2,14103,-17.33,6943,2.82,239.25,24.34
2026-09-03,Monthly,2021-10-01,2021-10-31,10,State,New Hampshire,2007,-13.13,369000,13.54,30,-13,1964,-15.29,5195,-19.26,2156,-16.23,215.02,18
2026-09-03,Monthly,2021-10-01,2021-10-31,12,State,New Jersey,11314,-14.88,400000,8.11,62,-3,12005,-22.19,42858,-16.73,12355,-12.38,242.27,10
2026-09-03,Monthly,2021-10-01,2021-10-31,14,State,New Mexico,2542,-2.61,280925,11.26,39,-5,2572,-8.63,7402,-8.25,2529,-7.86,165.99,14.69
2026-09-03,Monthly,2021-10-01,2021-10-31,16,State,New York,14948,3.66,405000,15.6,40,-12,16540,-16.07,57479,-25.53,16411,-4.48,230.77,3.05
2026-09-03,Monthly,2021-10-01,2021-10-31,18,State,North Carolina,16359,-2.32,309990,13.55,42,-11,17736,4.34,51898,-8.52,19051,3.48,168.28,18.01
2026-09-03,Monthly,2021-10-01,2021-10-31,20,State,North Dakota,868,-0.3,245250,3.15,77,-12,832,3.83,3396,-11.82,803,-0.42,128.92,11.88
2026-09-03,Monthly,2021-10-01,2021-10-31,22,State,Ohio,14980,1.05,200000,9.77,39,-5,15363,-0.32,41477,-3.02,17487,0.61,128.9,10.57
2026-09-03,Monthly,2021-10-01,2021-10-31,23,State,Oklahoma,5295,-0.71,213000,9.12,16,-15,5497,9.18,13573,-2.6,5968,6.66,127.09,15.15
2026-09-03,Monthly,2021-10-01,2021-10-31,24,State,Oregon,6380,-2.97,469900,15.45,13,-9,7226,1.36,14936,-1.99,7090,0.81,275.62,15.56
2026-09-03,Monthly,2021-10-01,2021-10-31,26,State,Pennsylvania,14273,-10.04,243000,8.81,40,-7,14933,-6.1,45105,-8.04,15518,-9.87,152.61,9.23
2026-09-03,Monthly,2021-10-01,2021-10-31,58,State,Puerto Rico,NA,NA,NA,NA,NA,NA,NA,NA,NA,NA,NA,NA,NA,NA
2026-09-03,Monthly,2021-10-01,2021-10-31,28,State,Rhode Island,1393,-11.44,365000,12.31,28,-9,1572,-12.65,3775,-14.38,1635,-17,209.57,14.11
2026-09-03,Monthly,2021-10-01,2021-10-31,30,State,South Carolina,9440,-2.25,289435,13.5,51,-17,9935,5.3,33438,-11.62,10877,4.47,160.93,17.14
2026-09-03,Monthly,2021-10-01,2021-10-31,32,State,South Dakota,1042,0.92,260000,7.04,62,-9,1031,8.78,3667,-4.31,1011,2.05,159.25,19.74
2026-09-03,Monthly,2021-10-01,2021-10-31,34,State,Tennessee,11149,-1.21,310000,16.98,40,-9,11431,0.41,30981,-10.91,12382,-0.02,172.94,19.61
2026-09-03,Monthly,2021-10-01,2021-10-31,36,State,Texas,35244,-2.95,312000,15.56,25,-9,38078,4.79,96879,-8.3,40659,-0.19,163.33,18.57
2026-09-03,Monthly,2021-10-01,2021-10-31,38,State,Utah,4395,-14.47,465000,24.66,12,-7,4430,-7.3,9785,-9.83,5062,-8.39,220.57,25
2026-09-03,Monthly,2021-10-01,2021-10-31,40,State,Vermont,871,-15.28,330000,14.19,55,-25,813,-26.91,2974,-28.65,961,-20.91,191.26,13.66
2026-09-03,Monthly,2021-10-01,2021-10-31,60,State,Virgin Islands of the U.S.,NA,NA,NA,NA,NA,NA,NA,NA,NA,NA,NA,NA,NA,NA
2026-09-03,Monthly,2021-10-01,2021-10-31,42,State,Virginia,12809,0.9,350000,6.06,29,-1,13220,-9.59,33279,-6.9,14638,-0.77,188.4,11.21
2026-09-03,Monthly,2021-10-01,2021-10-31,44,State,Washington,11954,-4.51,545000,17.84,7,0,12285,-4.92,20825,-12.24,12969,-0.06,307.68,18.29
2026-09-03,Monthly,2021-10-01,2021-10-31,46,State,West Virginia,1363,-5.74,205000,13.89,62,-7,1416,-2.19,5081,-8.79,1442,-5.58,118.13,11.45
2026-09-03,Monthly,2021-10-01,2021-10-31,48,State,Wisconsin,7463,-4.71,245000,7.69,50,-6,7962,-1.02,24157,-5.02,8319,-1.14,147.59,10.86
2026-09-03,Monthly,2021-10-01,2021-10-31,50,State,Wyoming,836,-11.34,306945,10.02,59,-14,867,-1.29,3107,-14.66,852,-8.92,150.08,8.73
2026-09-03,Monthly,2021-09-01,2021-09-30,1,State,Alabama,7156,7.17,249900,11.12,51,-10,6523,1.38,22536,-7.22,7564,6.82,134.17,14.81
2026-09-03,Monthly,2021-09-01,2021-09-30,3,State,Alaska,981,6.06,333750,11.62,24,-23,1055,-7.28,3028,-11.68,1072,-2.56,194.16,7.34
2026-09-03,Monthly,2021-09-01,2021-09-30,5,State,Arizona,12446,-3.78,400000,24.61,33,-5,12704,-1.29,32557,-9.48,14579,-9.1,237.41,26.51
2026-09-03,Monthly,2021-09-01,2021-09-30,7,State,Arkansas,4087,0.53,215000,15.75,46,-13,4362,5.91,14205,-3.37,4341,3.88,125.76,15.48
2026-09-03,Monthly,2021-09-01,2021-09-30,9,State,California,36497,-2.07,675000,14.41,23,-9,39115,3.26,90738,-10.63,41949,-8.47,411.04,11.58
2026-09-03,Monthly,2021-09-01,2021-09-30,11,State,Colorado,11129,-8.89,490000,13.98,23,-9,11437,-1.89,25597,-14.98,12187,-7.38,242.9,15.86
2026-09-03,Monthly,2021-09-01,2021-09-30,17,State,Columbia,815,-24.15,615000,-4.65,33,8,1150,9.54,3275,5.08,940,-11.28,529.3,1.24
2026-09-03,Monthly,2021-09-01,2021-09-30,13,State,Connecticut,4865,-10.76,310000,3.33,48,-10,4915,-22.27,15907,-20.12,5890,-15.64,177.75,8.07
2026-09-03,Monthly,2021-09-01,2021-09-30,15,State,Delaware,1698,-0.67,315000,8.25,20,-13,1697,-3.54,4179,-10.66,1732,-10.96,174.39,14.69
2026-09-03,Monthly,2021-09-01,2021-09-30,19,State,Florida,44381,-1.49,328000,21.48,27,-24,46233,1.6,128159,-22.95,52140,-3.16,207.37,20.11
2026-09-03,Monthly,2021-09-01,2021-09-30,21,State,Georgia,16090,-0.46,300000,14.5,24,-20,17686,0.14,46277,-14.62,19172,-4.27,152.11,18.14
2026-09-03,Monthly,2021-09-01,2021-09-30,25,State,Hawaii,1724,27.57,696808,12.03,59,-19,1882,16.81,6288,-19.45,1753,5.13,627.82,13.68
2026-09-03,Monthly,2021-09-01,2021-09-30,27,State,Idaho,3130,-18.12,440050,25.49,26,-14,3666,1.07,9877,5.52,3270,-12.16,262.06,31.06
2026-09-03,Monthly,2021-09-01,2021-09-30,29,State,Illinois,16800,0.17,249000,5.51,26,-13,18149,-0.06,49592,-6.05,18931,-2.58,154.33,3.91
2026-09-03,Monthly,2021-09-01,2021-09-30,31,State,Indiana,8823,-0.22,219900,15.69,38,-9,8500,-1.1,23423,-6.97,9398,-13.25,121.15,15.11
2026-09-03,Monthly,2021-09-01,2021-09-30,33,State,Iowa,4051,3.57,195000,7.29,54,-11,4025,4.34,13400,-8.99,3992,-0.13,131.35,5.56
2026-09-03,Monthly,2021-09-01,2021-09-30,35,State,Kansas,3767,3.36,222000,3.26,42,-4,3569,-4.97,10959,-3.4,3710,-1.57,118.34,8.54
2026-09-03,Monthly,2021-09-01,2021-09-30,37,State,Kentucky,4945,2.22,220000,12.82,34,-4,5239,2.51,14612,1.62,5146,-1.66,132.06,13.3
2026-09-03,Monthly,2021-09-01,2021-09-30,39,State,Louisiana,4020,-10.04,229977,6.97,41,-20,3984,-11.28,16062,-10.27,4339,-7.39,127.88,4.46
2026-09-03,Monthly,2021-09-01,2021-09-30,41,State,Maine,2001,-9.9,320000,18.02,20,-8,2036,-17.75,5474,-14.32,2313,-10.55,195.42,16.75
2026-09-03,Monthly,2021-09-01,2021-09-30,43,State,Maryland,9221,0.18,365000,7.35,23,-4,9467,-2.15,23396,1.67,9955,-5.53,196.19,9.42
2026-09-03,Monthly,2021-09-01,2021-09-30,45,State,Massachusetts,7662,-3.48,510000,8.51,22,-4,7954,-8.88,18653,-18.37,8643,-5,301.93,10.88
2026-09-03,Monthly,2021-09-01,2021-09-30,47,State,Michigan,13128,-6.62,225000,9.2,22,-11,14117,2.77,36523,-5.71,13844,-7.09,133.75,11.58
2026-09-03,Monthly,2021-09-01,2021-09-30,49,State,Minnesota,8050,-5.57,310000,10.75,20,-8,8331,-4.97,23027,-11.79,8324,-10.62,168.69,9.96
2026-09-03,Monthly,2021-09-01,2021-09-30,51,State,Mississippi,2320,5.52,217950,11.77,57,-16,2344,-6.06,8879,-11.86,2146,-0.01,119.95,8.15
2026-09-03,Monthly,2021-09-01,2021-09-30,2,State,Missouri,8760,-2.18,225000,9.76,35,-7,8659,-0.75,24219,-3.66,9196,-7.38,128.94,10.32
2026-09-03,Monthly,2021-09-01,2021-09-30,4,State,Montana,1440,-19.73,425000,21.6,60,-13,1564,-7.66,5747,-15.15,1424,-19.22,244.09,30.38
2026-09-03,Monthly,2021-09-01,2021-09-30,6,State,Nebraska,2201,-3.61,238000,10.67,16,-7,2273,1.81,5617,-5.84,2146,-5.33,132.36,14.11
2026-09-03,Monthly,2021-09-01,2021-09-30,8,State,Nevada,5356,-0.69,395000,17.91,25,-22,5856,-1.89,13786,-21.06,6711,-0.56,235.06,23.05
2026-09-03,Monthly,2021-09-01,2021-09-30,10,State,New Hampshire,1982,-8.07,375000,13.72,29,-17,2046,-9.49,5387,-16.58,2175,-17.07,213.55,18.31
2026-09-03,Monthly,2021-09-01,2021-09-30,12,State,New Jersey,10946,-12.64,404375,8.85,60,-8,11499,-25.65,43869,-14.64,11851,-16.98,236.7,7.28
2026-09-03,Monthly,2021-09-01,2021-09-30,14,State,New Mexico,2569,-0.54,280000,12.45,39,-10,2549,-9.78,7618,-6.18,2556,-4.58,166.42,17.43
2026-09-03,Monthly,2021-09-01,2021-09-30,16,State,New York,14441,8.17,415000,27.3,42,-16,15990,-21.22,58455,-24.47,15695,-12.35,217.6,0.22
2026-09-03,Monthly,2021-09-01,2021-09-30,18,State,North Carolina,16655,-0.02,305000,12.96,42,-14,17467,3.79,52124,-9.1,18250,-0.26,166.61,18.46
2026-09-03,Monthly,2021-09-01,2021-09-30,20,State,North Dakota,839,-3.58,249900,6.34,77,-13,790,-6.23,3413,-13.29,779,-3.42,127.14,8.22
2026-09-03,Monthly,2021-09-01,2021-09-30,22,State,Ohio,14755,2.34,200000,8.17,39,-7,15131,-2.09,42005,-2.55,17542,-0.07,127.14,10.51
2026-09-03,Monthly,2021-09-01,2021-09-30,23,State,Oklahoma,5396,3.18,210000,9.06,14,-17,5214,2.07,13630,-5.32,5919,1.78,124.03,11.73
2026-09-03,Monthly,2021-09-01,2021-09-30,24,State,Oregon,6253,-2.53,470000,16.05,14,-11,7080,12.62,14775,-1.28,6958,3.1,274.38,17.65
2026-09-03,Monthly,2021-09-01,2021-09-30,26,State,Pennsylvania,14552,-7.27,245000,10.36,39,-9,14969,-3.44,45391,-7.31,15265,-12.28,151.86,10.62
2026-09-03,Monthly,2021-09-01,2021-09-30,58,State,Puerto Rico,NA,NA,NA,NA,NA,NA,NA,NA,NA,NA,NA,NA,NA,NA
2026-09-03,Monthly,2021-09-01,2021-09-30,28,State,Rhode Island,1429,-1.02,370000,13.8,27,-12,1528,-10.28,3775,-13.15,1512,-12.82,204.71,11
2026-09-03,Monthly,2021-09-01,2021-09-30,30,State,South Carolina,9471,0.37,281347,10.77,51,-19,9801,2.81,33358,-12.55,10345,-2.23,159.83,16.89
2026-09-03,Monthly,2021-09-01,2021-09-30,32,State,South Dakota,958,-12.27,270500,14.42,64,-9,988,-4.01,3728,-6.98,944,-5.13,154.7,17.03
2026-09-03,Monthly,2021-09-01,2021-09-30,34,State,Tennessee,11026,-0.92,300000,15.38,40,-10,11191,1.05,31661,-10.82,12182,-0.9,170.02,19.07
2026-09-03,Monthly,2021-09-01,2021-09-30,36,State,Texas,35237,-0.16,310000,15.89,25,-12,37673,4.19,97033,-9.16,40270,-0.92,161.52,18.84
2026-09-03,Monthly,2021-09-01,2021-09-30,38,State,Utah,4303,-16.51,465000,25.85,12,-10,4484,-3.56,9782,-12.55,4897,-9.41,218.04,25
2026-09-03,Monthly,2021-09-01,2021-09-30,40,State,Vermont,841,-25.69,313750,8.94,58,-24,843,-24.6,3114,-26.31,999,-19.89,194.96,17.19
2026-09-03,Monthly,2021-09-01,2021-09-30,42,State,Virginia,13055,5.77,349000,6.56,30,-3,13082,-6.28,34021,-3.76,14105,-3.68,185.47,10.81
2026-09-03,Monthly,2021-09-01,2021-09-30,44,State,Washington,11713,-1.26,536603,15.4,7,-1,12253,1.82,21023,-10.7,12720,-0.82,300.03,16.98
2026-09-03,Monthly,2021-09-01,2021-09-30,46,State,West Virginia,1381,-3.06,205000,13.89,62,-13,1358,-2.58,5072,-10.21,1406,-6.57,116.99,11.38
2026-09-03,Monthly,2021-09-01,2021-09-30,48,State,Wisconsin,7466,-4.85,245000,6.57,50,-6,7820,-4.23,24282,-5.93,8097,-5.39,145.64,10.53
2026-09-03,Monthly,2021-09-01,2021-09-30,50,State,Wyoming,848,-13.73,299900,11.12,63,-15,786,-7.85,3130,-16.07,849,-13.87,152.89,15.25
2026-09-03,Monthly,2021-08-01,2021-08-31,1,State,Alabama,6969,1.87,245000,8.89,50,-15,6702,3.48,22793,-7,7466,1.13,131.74,12.88
2026-09-03,Monthly,2021-08-01,2021-08-31,3,State,Alaska,951,-1.96,325000,6.59,28,-41,1124,6.56,3067,-15,1101,-3.18,194.11,8.81
2026-09-03,Monthly,2021-08-01,2021-08-31,5,State,Arizona,12351,-5,395000,23.44,32,-8,12917,1.89,32755,-8.69,14090,-7.28,233.44,25.82
2026-09-03,Monthly,2021-08-01,2021-08-31,7,State,Arkansas,4023,1.05,207313,12.06,48,-12,4487,16.04,14553,-1.25,5060,23.36,123.23,12.46
2026-09-03,Monthly,2021-08-01,2021-08-31,9,State,California,36259,0.65,679000,18.09,22,-15,39567,6.22,91627,-10.21,41709,-3.48,415.85,11.64
2026-09-03,Monthly,2021-08-01,2021-08-31,11,State,Colorado,10840,-10.44,490000,15.29,23,-13,11546,-2.43,25603,-18.42,11633,-11.3,241.25,16.12
2026-09-03,Monthly,2021-08-01,2021-08-31,17,State,Columbia,843,-12.31,662500,1.92,31,4,1095,-24.86,3196,-4.56,931,-20.69,526,-8.72
2026-09-03,Monthly,2021-08-01,2021-08-31,13,State,Connecticut,4851,-9.88,325000,8.33,47,-16,5517,-11.69,16346,-17.27,6002,-11.57,178.36,8
2026-09-03,Monthly,2021-08-01,2021-08-31,15,State,Delaware,1583,-6.55,320000,12.28,20,-19,1796,7.33,4251,-9.84,1771,-13.84,168.89,9.23
2026-09-03,Monthly,2021-08-01,2021-08-31,19,State,Florida,42752,-2.82,325000,19.49,28,-26,46877,3.2,127701,-24.86,50989,-3.86,205.74,20.01
2026-09-03,Monthly,2021-08-01,2021-08-31,21,State,Georgia,16128,0.34,300000,14.5,22,-26,18115,3.97,46320,-17.64,18696,-6.3,150.05,17.64
2026-09-03,Monthly,2021-08-01,2021-08-31,25,State,Hawaii,1753,32.31,690000,13.67,61,-21,1851,6.96,6323,-19.46,1908,17.81,595.75,9.15
2026-09-03,Monthly,2021-08-01,2021-08-31,27,State,Idaho,2946,-22.79,442990,28.59,24,-21,3556,3.04,9651,-2.31,3141,-17.72,256.88,32.11
2026-09-03,Monthly,2021-08-01,2021-08-31,29,State,Illinois,16400,0.35,257700,7.37,24,-17,18321,-0.39,49554,-6.75,18826,-4.33,153.34,2.47
2026-09-03,Monthly,2021-08-01,2021-08-31,31,State,Indiana,8715,0.68,216000,13.09,38,-11,8937,12,23746,-5.73,9081,0.56,119.31,14.52
2026-09-03,Monthly,2021-08-01,2021-08-31,33,State,Iowa,4083,7.35,200000,5.82,55,-13,4124,11.08,13507,-9.39,3948,2.65,132.04,6.53
2026-09-03,Monthly,2021-08-01,2021-08-31,35,State,Kansas,3511,-1.77,232500,9.09,43,-6,3734,1.52,11088,-3.4,3552,-6.77,119.17,8.17
2026-09-03,Monthly,2021-08-01,2021-08-31,37,State,Kentucky,4877,0.26,217750,9.15,32,-9,5327,5.31,14494,-1.17,5141,-3.48,130.4,11.37
2026-09-03,Monthly,2021-08-01,2021-08-31,39,State,Louisiana,4385,0.83,230000,6.98,42,-24,5043,13.82,16632,-9.62,4566,-1.6,129.89,5.82
2026-09-03,Monthly,2021-08-01,2021-08-31,41,State,Maine,1953,-7.13,310000,16.54,19,-13,2113,-6.61,5661,-11.98,2221,-15.65,192.8,14.42
2026-09-03,Monthly,2021-08-01,2021-08-31,43,State,Maryland,8982,3.29,372588,9.67,21,-12,10426,9.14,23887,2.6,9999,-5.25,193.82,7.92
2026-09-03,Monthly,2021-08-01,2021-08-31,45,State,Massachusetts,7500,-3.69,535000,12.63,22,-7,8678,-10.9,18755,-20.77,8390,-12.37,296.59,6.2
2026-09-03,Monthly,2021-08-01,2021-08-31,47,State,Michigan,12997,-7.27,225000,12.5,23,-13,14206,5.15,36471,-9.26,13839,-8.3,132.19,9.3
2026-09-03,Monthly,2021-08-01,2021-08-31,49,State,Minnesota,8046,-3.9,316000,11.68,20,-11,8385,-1.59,23902,-11.67,8232,-10.86,166.86,9.38
2026-09-03,Monthly,2021-08-01,2021-08-31,51,State,Mississippi,2287,3.03,220000,15.18,57,-19,2609,14.67,9069,-10.68,2103,-1.72,120.96,11.14
2026-09-03,Monthly,2021-08-01,2021-08-31,2,State,Missouri,8854,0.5,224000,9.27,36,-9,8964,6.97,24574,-2.05,9427,-1.75,128.11,10.95
2026-09-03,Monthly,2021-08-01,2021-08-31,4,State,Montana,1406,-20.21,410000,20.61,61,-18,1637,-10.71,5732,-16.79,1380,-19.2,234.63,26.29
2026-09-03,Monthly,2021-08-01,2021-08-31,6,State,Nebraska,2164,-1.87,240000,11.63,15,-10,2289,-0.12,5700,-8.4,2118,-4.32,129.07,11.6
2026-09-03,Monthly,2021-08-01,2021-08-31,8,State,Nevada,5230,5.33,392250,18.86,26,-29,6003,7.26,13763,-20.98,6898,2.28,229.64,21.68
2026-09-03,Monthly,2021-08-01,2021-08-31,10,State,New Hampshire,1930,-9.57,385000,16.67,29,-18,2083,-8.94,5494,-15.95,2143,-17.8,208.73,16.23
2026-09-03,Monthly,2021-08-01,2021-08-31,12,State,New Jersey,11141,-6.63,420000,13.51,61,-10,13128,-16.98,44965,-10.74,12684,-9.4,238.16,7.76
2026-09-03,Monthly,2021-08-01,2021-08-31,14,State,New Mexico,2500,-1.49,276000,10.4,40,-12,2704,0.58,7772,-4.22,2526,-8.92,161.68,14.74
2026-09-03,Monthly,2021-08-01,2021-08-31,16,State,New York,14805,28.61,440000,40.13,43,-26,16733,-21.06,60561,-20.83,15938,-9.71,223.61,-4.18
2026-09-03,Monthly,2021-08-01,2021-08-31,18,State,North Carolina,16623,2.1,305000,12.13,43,-17,17522,8.62,52270,-9.22,17750,-0.36,162.77,16.71
2026-09-03,Monthly,2021-08-01,2021-08-31,20,State,North Dakota,804,-9.64,259900,10.6,78,-17,745,-12.14,3437,-13.87,774,-4.55,124.14,5.98
2026-09-03,Monthly,2021-08-01,2021-08-31,22,State,Ohio,13997,-1.48,210000,13.51,39,-7,15696,5.74,42579,-0.54,17505,0.33,126.23,10.63
2026-09-03,Monthly,2021-08-01,2021-08-31,23,State,Oklahoma,5173,2.11,211000,8.21,11,-20,5600,14.14,13878,-6.06,5809,1.77,125.24,14.2
2026-09-03,Monthly,2021-08-01,2021-08-31,24,State,Oregon,6016,-2.95,470948,16.83,12,-17,6814,4.43,14353,-9.44,6669,-6.11,270.42,16.7
2026-09-03,Monthly,2021-08-01,2021-08-31,26,State,Pennsylvania,14108,-8.75,255000,13.33,40,-11,15249,-2.24,46176,-7.37,15543,-11.5,151.36,10.06
2026-09-03,Monthly,2021-08-01,2021-08-31,58,State,Puerto Rico,NA,NA,NA,NA,NA,NA,NA,NA,NA,NA,NA,NA,NA,NA
2026-09-03,Monthly,2021-08-01,2021-08-31,28,State,Rhode Island,1323,-4.73,375000,17.19,28,-17,1570,-6.49,3852,-10.5,1536,-11.73,205.49,14.16
2026-09-03,Monthly,2021-08-01,2021-08-31,30,State,South Carolina,9464,1.54,285000,12.88,51,-26,9860,6.62,33222,-13.21,10094,-2.38,158.27,16.33
2026-09-03,Monthly,2021-08-01,2021-08-31,32,State,South Dakota,976,-1.92,269950,16.86,64,-16,1001,4.32,3821,-6.19,959,1.53,154.97,18.76
2026-09-03,Monthly,2021-08-01,2021-08-31,34,State,Tennessee,11157,3.91,300000,15.38,41,-12,11289,2.97,31131,-13.18,12287,1.57,166.04,17.48
2026-09-03,Monthly,2021-08-01,2021-08-31,36,State,Texas,34281,-0.31,310186,15.96,24,-17,38378,7.04,96736,-11.11,40205,-0.94,158.86,17.5
2026-09-03,Monthly,2021-08-01,2021-08-31,38,State,Utah,4196,-15.85,455500,25.48,12,-14,4486,-4.25,9676,-18.5,4756,-15.42,215.19,25.86
2026-09-03,Monthly,2021-08-01,2021-08-31,40,State,Vermont,878,-13.55,317750,12.68,56,-27,869,-24.26,3238,-24.15,962,-26.92,182.56,12.3
2026-09-03,Monthly,2021-08-01,2021-08-31,42,State,Virginia,12977,7.92,353215,7.36,29,-8,13860,2.46,34751,-1.92,13986,-1.65,184.62,10.35
2026-09-03,Monthly,2021-08-01,2021-08-31,44,State,Washington,11483,2.23,549200,19.39,8,-2,11935,-1.81,20694,-14.82,13323,4.14,300.82,17.93
2026-09-03,Monthly,2021-08-01,2021-08-31,46,State,West Virginia,1322,-1.9,205025,12.34,63,-20,1402,-0.26,5116,-9.87,1414,-4.2,116.12,11.26
2026-09-03,Monthly,2021-08-01,2021-08-31,48,State,Wisconsin,7382,-4.51,250000,6.38,50,-9,7978,-1.67,24211,-6.96,7847,-8.81,143.62,10.73
2026-09-03,Monthly,2021-08-01,2021-08-31,50,State,Wyoming,826,-16.27,289000,9.06,64,-12,843,-8.04,3203,-16.23,846,-13.92,149.57,14.79
2026-09-03,Monthly,2021-07-01,2021-07-31,1,State,Alabama,6997,-0.05,250000,14.68,52,-16,6987,12.36,22764,-8.23,7445,0.51,130.58,13.6
2026-09-03,Monthly,2021-07-01,2021-07-31,3,State,Alaska,951,7.63,338250,8.41,28,-54,1167,14.59,3030,-28.52,1061,-4.18,192.81,8.86
2026-09-03,Monthly,2021-07-01,2021-07-31,5,State,Arizona,12440,-5.8,391000,26.95,32,-16,13164,4.89,32002,-11.63,13260,-9.74,229.78,25.57
2026-09-03,Monthly,2021-07-01,2021-07-31,7,State,Arkansas,3964,-2.75,215000,15.36,50,-10,4390,13.47,14524,-4.45,5054,20.12,121.7,12.55
2026-09-03,Monthly,2021-07-01,2021-07-31,9,State,California,37335,8.12,685000,21.24,21,-20,40234,11.24,91416,-11.69,41408,-2.34,413.61,12.32
2026-09-03,Monthly,2021-07-01,2021-07-31,11,State,Colorado,11096,-6.84,499900,19.02,23,-16,11414,1.26,25430,-22.09,11840,-10.97,234.17,16.35
2026-09-03,Monthly,2021-07-01,2021-07-31,17,State,Columbia,921,6.72,672500,4.91,31,-2,1135,-10.21,3150,2.77,947,-12.6,528.07,0
2026-09-03,Monthly,2021-07-01,2021-07-31,13,State,Connecticut,5051,-1.34,334450,12.51,48,-20,5600,-7.82,16557,-15.6,5860,-14.33,175.62,5.6
2026-09-03,Monthly,2021-07-01,2021-07-31,15,State,Delaware,1526,-2.46,325250,16.16,20,-29,1813,7.25,4145,-15.89,1679,-19.32,169.44,10.44
2026-09-03,Monthly,2021-07-01,2021-07-31,19,State,Florida,44331,4.75,325000,20.37,29,-34,47468,6.74,126141,-27.53,49314,-8.77,202.52,19.68
2026-09-03,Monthly,2021-07-01,2021-07-31,21,State,Georgia,16223,2.25,300000,16.78,22,-31,17965,2.39,45659,-22.19,18066,-6.54,147.58,18.23
2026-09-03,Monthly,2021-07-01,2021-07-31,25,State,Hawaii,1733,45.27,670000,17.54,61,-24,1658,8.95,6289,-18.55,1841,19.94,603.89,11.07
2026-09-03,Monthly,2021-07-01,2021-07-31,27,State,Idaho,3093,-14.26,440000,31.34,23,-30,3559,11.07,9344,-10.48,2956,-24.4,253.8,33.48
2026-09-03,Monthly,2021-07-01,2021-07-31,29,State,Illinois,16812,10.53,263000,11.91,18,-32,18823,7.49,49116,-8.08,18831,-4.25,152.98,4.6
2026-09-03,Monthly,2021-07-01,2021-07-31,31,State,Indiana,8770,2.37,220000,15.18,41,-11,8781,13.16,23263,-10.08,8871,-2.67,116.52,11.55
2026-09-03,Monthly,2021-07-01,2021-07-31,33,State,Iowa,4029,3.45,200000,8.17,56,-12,3955,1.41,13448,-13.71,3940,-2.19,130.05,5.23
2026-09-03,Monthly,2021-07-01,2021-07-31,35,State,Kansas,3544,-0.06,235000,8.8,43,-8,3816,6.66,11162,-4.03,3644,-3.9,117.41,9.12
2026-09-03,Monthly,2021-07-01,2021-07-31,37,State,Kentucky,4886,1.62,224355,12.23,33,-13,5480,13.14,14124,-6.77,5101,-1.72,129.42,12.42
2026-09-03,Monthly,2021-07-01,2021-07-31,39,State,Louisiana,4809,7.93,232000,8.67,43,-29,5378,18.78,16684,-13.19,4851,5,129.85,8.65
2026-09-03,Monthly,2021-07-01,2021-07-31,41,State,Maine,2051,-0.27,315000,23.58,19,-21,2197,6.25,5758,-13.17,2195,-12.71,188.2,13.93
2026-09-03,Monthly,2021-07-01,2021-07-31,43,State,Maryland,8932,6.09,375000,11.61,19,-20,10781,24.7,23044,-3.05,10012,-5.48,194.81,10.27
2026-09-03,Monthly,2021-07-01,2021-07-31,45,State,Massachusetts,7673,1.87,537500,16.85,22,-11,8603,-4.32,18376,-21.81,7885,-16.18,293.92,6.63
2026-09-03,Monthly,2021-07-01,2021-07-31,47,State,Michigan,13024,-7.57,230000,12.25,22,-16,14217,6.19,35439,-16.08,13679,-10.66,131.58,10.37
2026-09-03,Monthly,2021-07-01,2021-07-31,49,State,Minnesota,8107,-2.98,315000,12.5,20,-15,8353,6.47,23197,-16,8116,-7.49,166.38,10.5
2026-09-03,Monthly,2021-07-01,2021-07-31,51,State,Mississippi,2281,4.97,216950,11.26,60,-23,2633,10.46,9021,-14.09,2098,-2.76,119.29,11.25
2026-09-03,Monthly,2021-07-01,2021-07-31,2,State,Missouri,8791,-1.82,225000,12.16,35,-13,8919,8.83,24003,-6.26,9168,-6.14,126.03,10.52
2026-09-03,Monthly,2021-07-01,2021-07-31,4,State,Montana,1477,-11.4,399000,17.7,66,-15,1529,-5.63,5705,-17.24,1456,-9.8,231.21,30.7
2026-09-03,Monthly,2021-07-01,2021-07-31,6,State,Nebraska,2166,-0.74,240925,7.56,16,-14,2262,3.69,5674,-9.23,2072,-3.51,128.01,12.96
2026-09-03,Monthly,2021-07-01,2021-07-31,8,State,Nevada,5289,4.97,394385,19.55,26,-34,5936,17.66,13358,-24.35,6091,-6.06,224.77,20.93
2026-09-03,Monthly,2021-07-01,2021-07-31,10,State,New Hampshire,1914,-5.94,380000,18.75,30,-20,2115,-1.86,5519,-15.25,2154,-14.44,204.56,15.04
2026-09-03,Monthly,2021-07-01,2021-07-31,12,State,New Jersey,11072,10.53,419000,20.06,62,-14,13518,-5.91,45194,-7.04,12086,-11.5,236.04,8.44
2026-09-03,Monthly,2021-07-01,2021-07-31,14,State,New Mexico,2505,0.74,280000,14.29,41,-12,2760,12.13,7773,-3.48,2676,1.12,158.72,13.31
2026-09-03,Monthly,2021-07-01,2021-07-31,16,State,New York,15042,53.59,435000,40.32,43,-38,16827,-21.81,61193,-16.9,16545,-0.97,224.52,-5.18
2026-09-03,Monthly,2021-07-01,2021-07-31,18,State,North Carolina,16455,-0.2,303900,14.03,44,-20,17536,11.21,52051,-11.75,17222,-2.96,159.51,14.83
2026-09-03,Monthly,2021-07-01,2021-07-31,20,State,North Dakota,866,0.02,254900,10.83,82,-14,824,-2.02,3577,-11.6,813,1.06,123.76,5.35
2026-09-03,Monthly,2021-07-01,2021-07-31,22,State,Ohio,13952,0.66,210000,13.51,40,-8,16043,14.06,42062,-3.04,17894,5.43,125.31,11.48
2026-09-03,Monthly,2021-07-01,2021-07-31,23,State,Oklahoma,4866,-2.17,209000,10,10,-23,5796,25.65,13534,-11.03,5718,2.42,121.64,11.75
2026-09-03,Monthly,2021-07-01,2021-07-31,24,State,Oregon,6217,1.58,473600,18.99,11,-30,6538,7.86,14031,-15.18,6590,-7.16,266.92,16.96
2026-09-03,Monthly,2021-07-01,2021-07-31,26,State,Pennsylvania,14156,-3.75,256000,16.36,38,-19,15337,-0.86,45358,-11.43,14958,-17.54,149.42,9.08
2026-09-03,Monthly,2021-07-01,2021-07-31,58,State,Puerto Rico,NA,NA,NA,NA,NA,NA,NA,NA,NA,NA,NA,NA,NA,NA
2026-09-03,Monthly,2021-07-01,2021-07-31,28,State,Rhode Island,1313,-2.3,370000,19.35,26,-29,1650,7.29,3784,-12.93,1489,-11.22,204.45,14.34
2026-09-03,Monthly,2021-07-01,2021-07-31,30,State,South Carolina,9419,-0.1,280400,12.38,53,-30,10030,9.99,32992,-15.25,9845,-3.15,155.59,15.51
2026-09-03,Monthly,2021-07-01,2021-07-31,32,State,South Dakota,925,-8.54,262500,14.13,65,-14,1030,8.99,3828,-10.06,934,-4.56,151.8,16.65
2026-09-03,Monthly,2021-07-01,2021-07-31,34,State,Tennessee,10840,-3.35,300000,15.83,40,-16,11434,9.38,31135,-16.16,12181,0.21,163.1,16.67
2026-09-03,Monthly,2021-07-01,2021-07-31,36,State,Texas,33918,-4.17,311800,15.48,24,-22,38085,8.25,93880,-17.13,39815,-0.21,156,16.49
2026-09-03,Monthly,2021-07-01,2021-07-31,38,State,Utah,4258,-16.46,459200,28.99,13,-19,4609,1.8,9360,-25.73,4620,-17.72,211.83,25.38
2026-09-03,Monthly,2021-07-01,2021-07-31,40,State,Vermont,887,-4.71,317375,23.01,65,-26,974,-6.29,3364,-21.1,990,-22.88,185.89,16.58
2026-09-03,Monthly,2021-07-01,2021-07-31,42,State,Virginia,13188,13.04,360000,8.43,27,-17,14389,14.9,34712,-2.85,13779,-3.59,183.18,10.77
2026-09-03,Monthly,2021-07-01,2021-07-31,44,State,Washington,11789,9.59,550000,23.6,8,-5,11636,6.74,20145,-16.57,11718,-5.67,294.47,18.32
2026-09-03,Monthly,2021-07-01,2021-07-31,46,State,West Virginia,1382,3.24,202500,12.19,67,-17,1475,13.15,5114,-10.65,1410,-4.36,115.04,11.36
2026-09-03,Monthly,2021-07-01,2021-07-31,48,State,Wisconsin,7546,-1.4,252000,11.11,51,-8,8160,8.56,24171,-7.53,7662,-7.38,142.78,10.52
2026-09-03,Monthly,2021-07-01,2021-07-31,50,State,Wyoming,878,-2.42,299000,15,65,-17,845,-2,3265,-14.36,883,-2.95,146.18,10.77
2026-09-03,Monthly,2021-06-01,2021-06-30,1,State,Alabama,7346,13.98,247000,13.82,52,-19,6664,13.04,22713,-9.34,7630,8.3,127.6,13
2026-09-03,Monthly,2021-06-01,2021-06-30,3,State,Alaska,918,38.79,349000,17.51,30,-60,1046,3.11,2967,-32.51,1082,44.06,192.45,9.69
2026-09-03,Monthly,2021-06-01,2021-06-30,5,State,Arizona,12333,10.92,385500,28.5,32,-18,13092,10.19,31024,-15.7,12944,-10.99,224.77,25.46
2026-09-03,Monthly,2021-06-01,2021-06-30,7,State,Arkansas,4182,10.98,204900,11.36,51,-13,4205,11.58,14433,-5.87,5022,25.91,118.43,10.59
2026-09-03,Monthly,2021-06-01,2021-06-30,9,State,California,37008,41.22,695000,31.13,23,-24,40012,17.49,90653,-11.99,41552,10.82,412.01,14.8
2026-09-03,Monthly,2021-06-01,2021-06-30,11,State,Colorado,10905,15.47,495000,21.92,23,-19,11210,6.28,25567,-23.01,12073,3.07,237.1,19.28
2026-09-03,Monthly,2021-06-01,2021-06-30,17,State,Columbia,889,43.08,708200,14.23,29,-9,1170,23.48,3193,14.54,1013,1.95,538.94,6.84
2026-09-03,Monthly,2021-06-01,2021-06-30,13,State,Connecticut,5037,39.58,335000,21.82,51,-25,5523,-3.39,16993,-10.44,5973,-10.84,174.3,7.76
2026-09-03,Monthly,2021-06-01,2021-06-30,15,State,Delaware,1571,35.7,315000,14.55,18,-44,1798,18.09,4102,-17.85,1665,-18.75,170.24,14.09
2026-09-03,Monthly,2021-06-01,2021-06-30,19,State,Florida,45196,36.22,322000,23.85,32,-32,46732,6.81,126161,-28.72,52287,1.63,198.31,19.03
2026-09-03,Monthly,2021-06-01,2021-06-30,21,State,Georgia,16273,7.47,300000,20.05,23,-36,17957,5.1,45221,-26.25,18310,-0.83,144.78,17.31
2026-09-03,Monthly,2021-06-01,2021-06-30,25,State,Hawaii,1810,109.59,663000,11.74,60,-29,1799,30.69,6467,-13.77,1932,26.46,580.63,9.92
2026-09-03,Monthly,2021-06-01,2021-06-30,27,State,Idaho,2992,-3.45,441000,40,22,-34,3197,11.79,8915,-18.54,3093,-11.69,252.66,38.28
2026-09-03,Monthly,2021-06-01,2021-06-30,29,State,Illinois,16657,50.05,270000,21.08,18,-39,18729,14.7,48297,-9.88,18542,1.95,152.73,6.87
2026-09-03,Monthly,2021-06-01,2021-06-30,31,State,Indiana,8732,17.08,217000,17.36,42,-12,8468,15.26,22789,-13.67,8926,3.23,114.78,12.37
2026-09-03,Monthly,2021-06-01,2021-06-30,33,State,Iowa,4004,11.84,202750,12.64,56,-18,3992,9.26,13670,-12.54,3984,5.91,128.38,5.54
2026-09-03,Monthly,2021-06-01,2021-06-30,35,State,Kansas,3444,7.05,233000,13.71,45,-8,3660,9.71,10966,-7.08,3636,-3.82,116.15,9.62
2026-09-03,Monthly,2021-06-01,2021-06-30,37,State,Kentucky,4951,7.34,224000,16.51,35,-14,5175,11.64,13768,-12.32,5132,-1.24,127.01,10.88
2026-09-03,Monthly,2021-06-01,2021-06-30,39,State,Louisiana,5020,26.34,235000,12.44,46,-30,5198,19.81,16655,-14.58,5064,16.82,127.87,7.36
2026-09-03,Monthly,2021-06-01,2021-06-30,41,State,Maine,2043,29,314375,26.76,19,-27,2160,12.33,5745,-17.04,2246,-5.43,184.61,13.8
2026-09-03,Monthly,2021-06-01,2021-06-30,43,State,Maryland,8961,31.4,375000,13.64,17,-33,10090,25.71,22034,-9.59,10050,-5.01,192.59,11.39
2026-09-03,Monthly,2021-06-01,2021-06-30,45,State,Massachusetts,7637,38.04,551000,25.23,22,-14,8730,5.67,18533,-20.05,8136,-5.01,293.08,8.52
2026-09-03,Monthly,2021-06-01,2021-06-30,47,State,Michigan,13081,39.66,230000,17.95,23,-23,14157,7.45,34841,-20.1,13642,5.84,130.44,11.46
2026-09-03,Monthly,2021-06-01,2021-06-30,49,State,Minnesota,8095,16.08,324950,18.59,21,-18,8291,15.48,22671,-19.03,8106,-3.65,165.23,11.67
2026-09-03,Monthly,2021-06-01,2021-06-30,51,State,Mississippi,2315,11.29,217500,13.34,61,-27,2458,11.76,8982,-15.44,2179,8.83,116.5,9.38
2026-09-03,Monthly,2021-06-01,2021-06-30,2,State,Missouri,8908,15.12,225000,14.21,36,-15,8776,8.57,23398,-10.39,9278,0.81,125.7,11.89
2026-09-03,Monthly,2021-06-01,2021-06-30,4,State,Montana,1490,17.34,399000,28.75,65,-21,1467,5.86,5800,-14.12,1549,15.01,228.11,29.36
2026-09-03,Monthly,2021-06-01,2021-06-30,6,State,Nebraska,2049,-0.77,243250,15.83,15,-26,2281,8.43,5716,-11.04,2078,-2.98,125.61,10.17
2026-09-03,Monthly,2021-06-01,2021-06-30,8,State,Nevada,5279,50.2,380000,16.92,26,-34,5599,23.93,12902,-27.38,6347,7,218.81,18.59
2026-09-03,Monthly,2021-06-01,2021-06-30,10,State,New Hampshire,1966,13.71,376273,20.6,29,-24,2183,2.77,5469,-18.63,2211,-12.21,204.08,16.1
2026-09-03,Monthly,2021-06-01,2021-06-30,12,State,New Jersey,11165,47.69,415000,23.88,63,-34,13499,3.09,45363,-2.62,12814,-0.98,232.46,9.71
2026-09-03,Monthly,2021-06-01,2021-06-30,14,State,New Mexico,2465,20.91,275000,19.57,41,-18,2452,10,7625,-6.71,2634,-4.14,156.97,13.64
2026-09-03,Monthly,2021-06-01,2021-06-30,16,State,New York,14879,67.37,430500,30.65,46,-38,16861,-8.82,61645,-7.84,16183,20.84,224.3,4.34
2026-09-03,Monthly,2021-06-01,2021-06-30,18,State,North Carolina,16492,20.37,305000,17.76,46,-20,17135,15.26,52222,-12.14,17382,3.61,157.5,15.24
2026-09-03,Monthly,2021-06-01,2021-06-30,20,State,North Dakota,825,27.35,250000,6.38,82,-18,855,8.11,3650,-7.51,797,29.66,125.77,8.56
2026-09-03,Monthly,2021-06-01,2021-06-30,22,State,Ohio,13571,14.01,210000,16.73,40,-11,15403,14.24,40761,-7.23,16410,-2.15,123.37,10.66
2026-09-03,Monthly,2021-06-01,2021-06-30,23,State,Oklahoma,5101,10.78,210250,11.84,10,-28,5510,14.48,12784,-20.49,5604,0.02,120.31,11.64
2026-09-03,Monthly,2021-06-01,2021-06-30,24,State,Oregon,5983,25.22,470000,23.68,11,-40,6384,20.28,14026,-17.62,6574,-1.25,262.61,17.6
2026-09-03,Monthly,2021-06-01,2021-06-30,26,State,Pennsylvania,13929,80.23,260000,20.2,39,-35,15500,1.43,44708,-10.98,15734,-7.95,147.33,11.68
2026-09-03,Monthly,2021-06-01,2021-06-30,58,State,Puerto Rico,NA,NA,NA,NA,NA,NA,NA,NA,NA,NA,NA,NA,NA,NA
2026-09-03,Monthly,2021-06-01,2021-06-30,28,State,Rhode Island,1408,45.32,365000,21.71,27,-30,1589,18.82,3677,-14.56,1521,-2.47,203.26,15.17
2026-09-03,Monthly,2021-06-01,2021-06-30,30,State,South Carolina,9546,22.9,284857,17.71,54,-31,9590,7.31,32796,-15.83,10004,2.96,151.59,13.63
2026-09-03,Monthly,2021-06-01,2021-06-30,32,State,South Dakota,964,11.41,268000,16.52,70,-8,995,12.87,3809,-11.39,989,9.37,148.91,17.26
2026-09-03,Monthly,2021-06-01,2021-06-30,34,State,Tennessee,10667,11.36,300000,20,41,-18,10682,6.78,29857,-22.86,12039,-0.23,159.76,14.52
2026-09-03,Monthly,2021-06-01,2021-06-30,36,State,Texas,33442,9.36,310859,19.56,25,-26,37452,7.29,90260,-24.35,39447,-1.79,152.97,15.76
2026-09-03,Monthly,2021-06-01,2021-06-30,38,State,Utah,4336,-2.33,450000,28.61,14,-19,4472,2.66,9186,-32.03,4690,-13.75,208.38,28.4
2026-09-03,Monthly,2021-06-01,2021-06-30,40,State,Vermont,880,37.94,324950,24.98,62,-35,877,-6.77,3427,-18.77,982,-16.93,187.24,21.36
2026-09-03,Monthly,2021-06-01,2021-06-30,42,State,Virginia,13149,18.15,370000,17.46,27,-24,14025,27.93,34256,-3.7,14238,6.3,181.85,12.36
2026-09-03,Monthly,2021-06-01,2021-06-30,44,State,Washington,11409,27.54,550000,26.44,9,-9,11443,20.29,20461,-15.24,12102,6.34,292.61,19.48
2026-09-03,Monthly,2021-06-01,2021-06-30,46,State,West Virginia,1406,23.57,203000,16.07,66,-30,1361,7.34,5075,-10.48,1438,6.43,114.08,11.56
2026-09-03,Monthly,2021-06-01,2021-06-30,48,State,Wisconsin,7556,16.23,258000,14.67,51,-10,8131,15.74,24111,-8.4,7959,-0.52,139.13,8.19
2026-09-03,Monthly,2021-06-01,2021-06-30,50,State,Wyoming,938,29.01,282000,12.85,67,-12,818,1.39,3334,-10.1,912,30.34,141.63,9.72
2026-09-03,Monthly,2021-05-01,2021-05-31,1,State,Alabama,6775,33.77,240000,14.29,53,-17,6322,9.51,22773,-8.95,7146,20.11,125.82,12.3
2026-09-03,Monthly,2021-05-01,2021-05-31,3,State,Alaska,946,47.47,328500,11.36,30,-58,1098,10.98,3046,-29.63,1203,90.84,188.92,7.68
2026-09-03,Monthly,2021-05-01,2021-05-31,5,State,Arizona,12232,43.9,380000,33.33,32,-15,12876,8.56,30618,-17.74,12629,-2.77,219.88,26.01
2026-09-03,Monthly,2021-05-01,2021-05-31,7,State,Arkansas,3865,28.4,205000,17.14,50,-17,4158,12.82,14286,-6.43,4777,31.68,117.01,9.76
2026-09-03,Monthly,2021-05-01,2021-05-31,9,State,California,36645,97.3,682500,34.62,24,-22,39389,20.71,91223,-9.31,40474,46.89,407.81,17.12
2026-09-03,Monthly,2021-05-01,2021-05-31,11,State,Colorado,10041,66.22,490000,23.44,24,-18,10331,-3.95,25459,-22.58,10737,17.29,235.4,20.76
2026-09-03,Monthly,2021-05-01,2021-05-31,17,State,Columbia,942,83.06,689000,6.16,30,-11,1072,33.76,3201,22.69,1017,24.71,516.01,2.22
2026-09-03,Monthly,2021-05-01,2021-05-31,13,State,Connecticut,4990,33.03,310000,16.98,52,-21,5402,27.24,17366,-4.73,6221,15.14,172.77,9.03
2026-09-03,Monthly,2021-05-01,2021-05-31,15,State,Delaware,1473,39.89,305000,19.19,22,-21,1729,50.41,4175,-15.87,1738,13.12,168.49,16.55
2026-09-03,Monthly,2021-05-01,2021-05-31,19,State,Florida,44081,81.27,311900,24.44,34,-25,47483,12.94,127921,-27.95,51920,28.56,195.5,19.95
2026-09-03,Monthly,2021-05-01,2021-05-31,21,State,Georgia,16216,38.32,292495,21.92,25,-34,17377,1.6,45217,-29.25,17689,5.09,141.18,16.58
2026-09-03,Monthly,2021-05-01,2021-05-31,25,State,Hawaii,1752,130.15,659000,13.62,63,-17,1720,38.48,6503,-11.41,1866,58.62,589.14,13.22
2026-09-03,Monthly,2021-05-01,2021-05-31,27,State,Idaho,2950,21.49,434285,41.92,23,-28,2975,6.85,8793,-21.6,3105,0.91,246.11,37.5
2026-09-03,Monthly,2021-05-01,2021-05-31,29,State,Illinois,16466,68.13,260000,19.54,21,-37,18197,35.51,48529,-9.25,18323,31.77,151.56,11.9
2026-09-03,Monthly,2021-05-01,2021-05-31,31,State,Indiana,8667,33.62,210000,16.67,41,-14,8033,8.12,22391,-16.77,9045,13.02,113.96,12.53
2026-09-03,Monthly,2021-05-01,2021-05-31,33,State,Iowa,4053,18.97,195000,8.33,55,-18,3952,9.77,13625,-13.55,4053,15.36,129.82,7.83
2026-09-03,Monthly,2021-05-01,2021-05-31,35,State,Kansas,3418,28.46,232000,17.47,45,-9,3744,15.69,11015,-5.83,3653,21.82,115.35,10.57
2026-09-03,Monthly,2021-05-01,2021-05-31,37,State,Kentucky,4920,30.94,215000,16.22,35,-11,5065,12.38,13732,-14.1,5141,6.3,126.64,11.78
2026-09-03,Monthly,2021-05-01,2021-05-31,39,State,Louisiana,4844,70.39,228000,14.57,48,-30,5028,23.05,17146,-12.02,4952,47.26,126.75,6.76
2026-09-03,Monthly,2021-05-01,2021-05-31,41,State,Maine,2093,35.68,305000,29.79,19,-25,2065,16.54,5818,-20.85,2256,4.5,180.57,14.33
2026-09-03,Monthly,2021-05-01,2021-05-31,43,State,Maryland,8803,55.39,365000,14.06,19,-30,9473,39.09,22027,-9.81,10178,15.44,190.87,12.38
2026-09-03,Monthly,2021-05-01,2021-05-31,45,State,Massachusetts,7797,42.91,530000,23.83,23,-11,7909,10.06,18648,-13.93,8221,26.23,291.96,11.55
2026-09-03,Monthly,2021-05-01,2021-05-31,47,State,Michigan,13251,163.24,221500,21.04,24,-32,14078,8.12,34979,-18.77,13838,55.43,128.57,10.86
2026-09-03,Monthly,2021-05-01,2021-05-31,49,State,Minnesota,8134,20.2,310000,15.89,22,-14,7901,12.47,21015,-21.36,8396,5.3,163.31,12.41
2026-09-03,Monthly,2021-05-01,2021-05-31,51,State,Mississippi,2378,24.48,214900,13.85,62,-22,2473,14.82,9167,-13.34,2136,34.09,116.1,9.96
2026-09-03,Monthly,2021-05-01,2021-05-31,2,State,Missouri,8705,40.48,219900,15.8,35,-15,8841,11.97,23455,-10.38,9434,11.5,123.8,11.62
2026-09-03,Monthly,2021-05-01,2021-05-31,4,State,Montana,1393,22.64,389500,30.27,65,-20,1259,-8.99,5724,-14.28,1417,20.95,216.46,29.81
2026-09-03,Monthly,2021-05-01,2021-05-31,6,State,Nebraska,2088,15.62,235000,11.9,15,-16,2097,-2.57,5625,-15.62,2043,-4.19,124.74,11.86
2026-09-03,Monthly,2021-05-01,2021-05-31,8,State,Nevada,5070,85.57,370000,17.65,29,-28,5587,28.46,13235,-25.14,5914,24.93,213.84,17.39
2026-09-03,Monthly,2021-05-01,2021-05-31,10,State,New Hampshire,1940,18.95,375000,20.99,32,-21,2074,-1.36,5389,-21.19,2246,-3.32,198.48,14.77
2026-09-03,Monthly,2021-05-01,2021-05-31,12,State,New Jersey,11121,46.17,399900,23.05,62,-25,12768,35.65,45359,0.4,12747,25.18,231.45,12.7
2026-09-03,Monthly,2021-05-01,2021-05-31,14,State,New Mexico,2438,43.15,268955,22.25,43,-13,2494,15.99,7736,-6.71,2705,1.56,154.66,12.93
2026-09-03,Monthly,2021-05-01,2021-05-31,16,State,New York,15123,59.84,405720,32.37,52,-20,16510,94.49,62669,4.77,16866,88.82,221.14,21.64
2026-09-03,Monthly,2021-05-01,2021-05-31,18,State,North Carolina,16386,45.25,299000,20.61,46,-21,16718,21.04,52822,-10.72,17092,10.63,154.26,14.56
2026-09-03,Monthly,2021-05-01,2021-05-31,20,State,North Dakota,879,49.91,252000,13,79,-17,816,2.22,3679,-3.69,809,45.56,124.42,9.22
2026-09-03,Monthly,2021-05-01,2021-05-31,22,State,Ohio,13265,26.65,200000,14.94,40,-12,15018,18.16,40167,-8.85,16273,11.61,122.36,11.11
2026-09-03,Monthly,2021-05-01,2021-05-31,23,State,Oklahoma,4877,34.99,205000,13.89,12,-24,5279,12.28,12386,-25.31,5659,4.97,116.88,8.94
2026-09-03,Monthly,2021-05-01,2021-05-31,24,State,Oregon,5972,53.98,465000,24.66,11,-35,6191,29.79,14312,-19.16,6534,18.83,259.89,18.27
2026-09-03,Monthly,2021-05-01,2021-05-31,26,State,Pennsylvania,13495,114.19,241500,12.33,40,-33,15229,56.29,44788,1.13,15571,52.91,145.23,12.24
2026-09-03,Monthly,2021-05-01,2021-05-31,58,State,Puerto Rico,NA,NA,NA,NA,NA,NA,NA,NA,NA,NA,NA,NA,NA,NA
2026-09-03,Monthly,2021-05-01,2021-05-31,28,State,Rhode Island,1348,35.12,350000,18.64,29,-29,1487,19.63,3668,-14.65,1557,16.23,198.99,13.13
2026-09-03,Monthly,2021-05-01,2021-05-31,30,State,South Carolina,9471,47.31,274964,17.01,57,-24,9729,13.15,33771,-12.12,10127,12.74,149.32,14.33
2026-09-03,Monthly,2021-05-01,2021-05-31,32,State,South Dakota,870,4.62,254950,13.31,66,-14,935,-2.71,3700,-15.49,940,7.67,142.96,13.39
2026-09-03,Monthly,2021-05-01,2021-05-31,34,State,Tennessee,10063,28.37,289900,19.79,41,-20,10155,1.29,30054,-23.63,12081,4.01,156.55,14.95
2026-09-03,Monthly,2021-05-01,2021-05-31,36,State,Texas,32958,41.24,304115,21.65,26,-26,36775,4.9,89239,-28.2,39425,2.73,150.33,15.02
2026-09-03,Monthly,2021-05-01,2021-05-31,38,State,Utah,4020,8.04,440000,31.46,15,-18,3899,-12.23,9104,-37.15,4449,-15.13,204.74,27.03
2026-09-03,Monthly,2021-05-01,2021-05-31,40,State,Vermont,862,58.73,315000,29.9,69,-55,890,25.03,3560,-14.88,1077,9.97,176.87,13.55
2026-09-03,Monthly,2021-05-01,2021-05-31,60,State,Virgin Islands of the U.S.,NA,NA,NA,NA,NA,NA,NA,NA,NA,NA,NA,NA,NA,NA
2026-09-03,Monthly,2021-05-01,2021-05-31,42,State,Virginia,13250,23.52,365000,16.61,28,-24,13550,43.49,33971,-5.09,13655,18.89,178.49,14.34
2026-09-03,Monthly,2021-05-01,2021-05-31,44,State,Washington,11122,52,545000,28.54,9,-12,10635,22.82,21175,-14.18,12195,19.95,288.57,20.09
2026-09-03,Monthly,2021-05-01,2021-05-31,46,State,West Virginia,1285,38.26,194935,13.66,64,-26,1359,21.03,5108,-7.99,1407,19.94,113.08,11.61
2026-09-03,Monthly,2021-05-01,2021-05-31,48,State,Wisconsin,7478,18.65,248000,15.35,51,-11,7663,15.21,23909,-10.56,8029,7.48,138.04,9.8
2026-09-03,Monthly,2021-05-01,2021-05-31,50,State,Wyoming,928,36.35,265000,6.02,70,-4,776,1.77,3379,-7.86,911,34.15,142.35,13.45
2026-09-03,Monthly,2021-04-01,2021-04-30,1,State,Alabama,6921,34.35,237000,17.67,54,-16,6337,36.41,22975,-8.17,7343,38.32,124,12.05
2026-09-03,Monthly,2021-04-01,2021-04-30,3,State,Alaska,945,33.88,323250,8.12,30,-56,1062,55.47,3050,-29.28,1134,64.93,188.92,10.01
2026-09-03,Monthly,2021-04-01,2021-04-30,5,State,Arizona,12250,42.57,366000,25.34,34,-9,12923,30.12,30771,-14.91,11960,26.54,213.53,24.01
2026-09-03,Monthly,2021-04-01,2021-04-30,7,State,Arkansas,3690,18.69,198500,13.43,51,-14,3955,33.56,14027,-7.83,4683,37.96,116.64,10.7
2026-09-03,Monthly,2021-04-01,2021-04-30,9,State,California,36703,78.05,670000,28.85,25,-17,39642,81.45,94080,-0.86,40681,118.34,402.64,23.67
2026-09-03,Monthly,2021-04-01,2021-04-30,11,State,Colorado,10317,40.72,476000,19,27,-12,10367,50.19,26459,-9.96,10394,53.99,233.01,23.11
2026-09-03,Monthly,2021-04-01,2021-04-30,17,State,Columbia,961,74.43,652750,5.54,31,-2,1094,94.24,3263,37.81,1011,105.34,528.74,10.1
2026-09-03,Monthly,2021-04-01,2021-04-30,13,State,Connecticut,5091,33.22,305500,16.77,53,-17,5405,124.86,17540,-6.07,6183,82.19,172.41,16.17
2026-09-03,Monthly,2021-04-01,2021-04-30,15,State,Delaware,1475,22.23,297000,14.27,25,-16,1675,120.47,4182,-16.9,1689,55.95,164.72,14.72
2026-09-03,Monthly,2021-04-01,2021-04-30,19,State,Florida,44942,69.43,305000,19.61,38,-19,47157,64.78,129984,-24.04,51664,105.47,191.02,23.73
2026-09-03,Monthly,2021-04-01,2021-04-30,21,State,Georgia,16130,35.51,285000,16.33,28,-26,17857,31.12,46502,-27.07,17742,37.52,139.88,17.55
2026-09-03,Monthly,2021-04-01,2021-04-30,25,State,Hawaii,1743,83.41,640000,6.67,67,-13,1724,68.84,6719,-9.07,1868,122.84,586.4,16.3
2026-09-03,Monthly,2021-04-01,2021-04-30,27,State,Idaho,3047,9.31,418814,37.32,24,-22,2982,21.86,8975,-19.38,3013,9.67,241.18,35.81
2026-09-03,Monthly,2021-04-01,2021-04-30,29,State,Illinois,16007,38.28,259900,13,25,-41,18383,104.5,49371,-14.01,17957,80.21,150.99,19.41
2026-09-03,Monthly,2021-04-01,2021-04-30,31,State,Indiana,8631,20.67,197000,11.24,41,-12,8013,46.54,22354,-17.24,8729,23.36,113.32,13.33
2026-09-03,Monthly,2021-04-01,2021-04-30,33,State,Iowa,3943,10.12,189950,9.8,55,-13,3930,41.84,13597,-14.49,3974,15.3,130.8,10.63
2026-09-03,Monthly,2021-04-01,2021-04-30,35,State,Kansas,3217,13.87,220000,10.06,46,-7,3589,44.94,10783,-7.37,3502,22.44,114.16,12.56
2026-09-03,Monthly,2021-04-01,2021-04-30,37,State,Kentucky,4845,29.29,205000,9.68,34,-11,5057,37.44,13660,-15.21,5096,24.42,124.79,10.83
2026-09-03,Monthly,2021-04-01,2021-04-30,39,State,Louisiana,4711,56.76,227500,10.98,47,-25,4957,71.06,17299,-9.82,4803,63.85,125.41,7.58
2026-09-03,Monthly,2021-04-01,2021-04-30,41,State,Maine,2075,29.46,284500,18.91,20,-22,2158,64.44,6118,-19.82,2314,50.25,179.02,13.71
2026-09-03,Monthly,2021-04-01,2021-04-30,43,State,Maryland,8710,33.01,357000,9.85,19,-16,9070,72.93,21821,-10.87,9976,53.45,190.36,14.01
2026-09-03,Monthly,2021-04-01,2021-04-30,45,State,Massachusetts,7650,31.17,512000,17.7,23,-5,8434,106.86,20422,-1.88,8397,87.22,289.86,20.59
2026-09-03,Monthly,2021-04-01,2021-04-30,47,State,Michigan,13282,50.42,215000,16.22,24,-17,14108,361.95,35332,-6.19,13683,104.24,127.86,10.02
2026-09-03,Monthly,2021-04-01,2021-04-30,49,State,Minnesota,8037,11.93,305000,10.91,22,-11,8209,27.7,19519,-19.24,8194,22.82,163.04,12.86
2026-09-03,Monthly,2021-04-01,2021-04-30,51,State,Mississippi,2371,24.84,210500,13.85,64,-16,2382,36.88,9287,-12.36,2065,30.61,114.67,9.07
2026-09-03,Monthly,2021-04-01,2021-04-30,2,State,Missouri,8674,34.83,209000,12.94,36,-12,8844,46.18,23572,-9.42,9175,37.89,122.03,12.52
2026-09-03,Monthly,2021-04-01,2021-04-30,4,State,Montana,1474,20.57,375000,22.95,64,-21,1351,33.49,6076,-9.43,1436,18.36,218.26,34.68
2026-09-03,Monthly,2021-04-01,2021-04-30,6,State,Nebraska,2010,10.36,230000,14.43,21,-11,2138,30.19,5701,-10.89,2042,16.44,123.66,12.45
2026-09-03,Monthly,2021-04-01,2021-04-30,8,State,Nevada,5371,77.63,360000,18.03,33,-18,5504,57.84,13943,-18.25,5817,79.57,209.1,16.65
2026-09-03,Monthly,2021-04-01,2021-04-30,10,State,New Hampshire,1990,12.3,360450,17.79,33,-21,2161,58.97,5605,-19.54,2264,33.19,197.97,16.15
2026-09-03,Monthly,2021-04-01,2021-04-30,12,State,New Jersey,11140,35.17,385000,15.96,63,-15,12509,159.1,45440,0.39,12649,71.27,231.91,29.6
2026-09-03,Monthly,2021-04-01,2021-04-30,14,State,New Mexico,2432,27.93,260000,14.79,45,-10,2450,51.23,7770,-6.15,2651,-7.21,154.28,14.31
2026-09-03,Monthly,2021-04-01,2021-04-30,16,State,New York,15604,60.69,415000,44.15,56,-10,17139,1689.95,64453,2.25,16110,-13.27,224.22,45.42
2026-09-03,Monthly,2021-04-01,2021-04-30,18,State,North Carolina,16317,35.02,287000,13.44,46,-17,16590,62.89,53190,-10.21,17056,40.44,151.93,16.51
2026-09-03,Monthly,2021-04-01,2021-04-30,20,State,North Dakota,855,31.78,243750,10.85,82,-9,821,47.17,3733,-1.14,777,28.41,124.12,11.04
2026-09-03,Monthly,2021-04-01,2021-04-30,22,State,Ohio,12739,17.83,190850,12.33,41,-10,14587,43.45,40039,-10.8,16203,30.75,121.53,11.28
2026-09-03,Monthly,2021-04-01,2021-04-30,23,State,Oklahoma,4859,29.43,201373,14.42,19,-20,5024,41.49,12838,-21.9,5594,38.28,115.62,9.07
2026-09-03,Monthly,2021-04-01,2021-04-30,24,State,Oregon,5909,34.78,444550,18.55,12,-28,6275,48.9,14817,-17.78,6317,52.17,256.23,18.14
2026-09-03,Monthly,2021-04-01,2021-04-30,26,State,Pennsylvania,13511,39.56,235000,9.3,41,-13,15405,1414.73,45234,6.23,15296,260.25,145.12,13.35
2026-09-03,Monthly,2021-04-01,2021-04-30,58,State,Puerto Rico,NA,NA,NA,NA,NA,NA,NA,NA,NA,NA,NA,NA,NA,NA
2026-09-03,Monthly,2021-04-01,2021-04-30,28,State,Rhode Island,1396,25.46,339900,17.21,29,-24,1473,80.45,3987,-8.11,1506,46.16,193.76,11.11
2026-09-03,Monthly,2021-04-01,2021-04-30,30,State,South Carolina,9510,45.74,270000,14.89,58,-20,9637,41.6,34703,-9.81,10345,47.35,147.66,16.25
2026-09-03,Monthly,2021-04-01,2021-04-30,32,State,South Dakota,873,0.74,244900,9.57,61,-14,922,10.73,3645,-17.82,922,1.84,144.56,14.25
2026-09-03,Monthly,2021-04-01,2021-04-30,34,State,Tennessee,10283,26.67,280000,16.67,43,-16,9970,23.7,30223,-21.79,12060,23.08,154.57,14.85
2026-09-03,Monthly,2021-04-01,2021-04-30,36,State,Texas,32743,38.5,293000,17.2,28,-19,36928,39.84,91641,-23.64,39539,46.43,147.86,14.76
2026-09-03,Monthly,2021-04-01,2021-04-30,38,State,Utah,4282,28.16,430000,27.6,15,-15,4465,5.99,9557,-33.17,4480,-3.36,200.17,26.96
2026-09-03,Monthly,2021-04-01,2021-04-30,40,State,Vermont,962,74.29,299000,12.83,62,-28,990,118.33,3706,-14.13,1149,110.08,181.57,18.66
2026-09-03,Monthly,2021-04-01,2021-04-30,42,State,Virginia,13178,23,355000,12.7,30,-16,12985,51.14,33661,-8.81,13154,33.16,177.33,14.77
2026-09-03,Monthly,2021-04-01,2021-04-30,44,State,Washington,10939,46.27,525000,25,9,-3,11559,53.41,22661,-9.62,11743,43.26,285.04,19.82
2026-09-03,Monthly,2021-04-01,2021-04-30,46,State,West Virginia,1387,29.18,185000,5.71,67,-19,1328,55.25,5161,-9.56,1406,27.15,112.19,12.14
2026-09-03,Monthly,2021-04-01,2021-04-30,48,State,Wisconsin,7540,15.23,236000,9.79,52,-9,7566,48.96,23964,-12.65,7662,30.16,138.97,12.3
2026-09-03,Monthly,2021-04-01,2021-04-30,50,State,Wyoming,911,35.87,272500,6.86,66,-10,823,41.93,3465,-4.6,907,34.72,137.3,9.8
2026-09-03,Monthly,2021-03-01,2021-03-31,1,State,Alabama,6807,22.77,235000,17.5,52,-14,6201,7.89,23069,-12.72,7208,23.93,122.81,11.49
2026-09-03,Monthly,2021-03-01,2021-03-31,3,State,Alaska,1021,25.19,299900,5.04,27,-55,1035,13.78,3064,-33.99,1223,65.7,186.79,8.97
2026-09-03,Monthly,2021-03-01,2021-03-31,5,State,Arizona,12427,14.06,350225,18.72,33,-8,12779,3.83,30854,-18.55,12062,13.87,208.46,21.54
2026-09-03,Monthly,2021-03-01,2021-03-31,7,State,Arkansas,3799,15.15,189900,9.77,53,-11,4096,12.23,13918,-13.63,4729,34.78,116.41,10.4
2026-09-03,Monthly,2021-03-01,2021-03-31,9,State,California,35741,22.65,640000,19.63,27,-12,39296,18.22,95179,-11.64,40528,40.18,397.33,20.81
2026-09-03,Monthly,2021-03-01,2021-03-31,11,State,Colorado,10766,14.15,454000,12.25,27,-10,10500,-6.97,27310,-18.33,10734,21.84,229.34,19.24
2026-09-03,Monthly,2021-03-01,2021-03-31,17,State,Columbia,966,19.42,635000,4.1,29,1,1040,17.71,3253,19.72,1057,33.71,537.15,11.74
2026-09-03,Monthly,2021-03-01,2021-03-31,13,State,Connecticut,5073,26.35,290000,18.37,52,-20,5537,17.45,17681,-22.07,6441,22.48,171.36,14.55
2026-09-03,Monthly,2021-03-01,2021-03-31,15,State,Delaware,1510,8.35,285000,11.54,25,-19,1577,3.4,4233,-27.59,1715,7.65,163.56,13.67
2026-09-03,Monthly,2021-03-01,2021-03-31,19,State,Florida,45298,26.48,297000,17.39,41,-16,46556,7.83,134471,-26.92,54605,56.56,186.94,18.07
2026-09-03,Monthly,2021-03-01,2021-03-31,21,State,Georgia,16266,14.52,275563,13.87,30,-22,17453,0.22,47517,-29.05,17949,11.45,137.99,15.65
2026-09-03,Monthly,2021-03-01,2021-03-31,25,State,Hawaii,1710,33.86,615000,4.24,67,-18,1678,15.96,6891,-14.27,1910,58.16,572.67,8.2
2026-09-03,Monthly,2021-03-01,2021-03-31,27,State,Idaho,3058,-4.19,410000,36.67,25,-21,3212,-7.53,9164,-22.87,2955,-6.56,232.94,31.27
2026-09-03,Monthly,2021-03-01,2021-03-31,29,State,Illinois,16022,19.53,250000,13.69,30,-40,17909,23.19,49348,-32,17503,25.92,150.12,12.73
2026-09-03,Monthly,2021-03-01,2021-03-31,31,State,Indiana,8615,0.3,190000,8.63,40,-11,7669,-5.07,21939,-28.58,8497,-0.34,111.85,12.36
2026-09-03,Monthly,2021-03-01,2021-03-31,33,State,Iowa,3961,11.29,179000,6.55,53,-19,3919,-1.94,13380,-22.77,3973,8.6,128.04,9.26
2026-09-03,Monthly,2021-03-01,2021-03-31,35,State,Kansas,3218,0.23,215000,14.36,44,-8,3592,7.7,10601,-17.56,3484,7.48,115.04,12.36
2026-09-03,Monthly,2021-03-01,2021-03-31,37,State,Kentucky,4870,6.49,197500,11.27,35,-9,4926,4.97,13731,-22.47,5106,8.35,123.77,12.18
2026-09-03,Monthly,2021-03-01,2021-03-31,39,State,Louisiana,4669,23.89,225000,13.07,48,-23,4808,16.78,17349,-16.37,4749,25.17,124.89,8.55
2026-09-03,Monthly,2021-03-01,2021-03-31,41,State,Maine,2051,16.86,275000,19.05,23,-19,2309,14.87,6321,-25.34,2455,24.76,181.06,15.48
2026-09-03,Monthly,2021-03-01,2021-03-31,43,State,Maryland,8623,11.41,340500,8.38,21,-16,8949,4.93,21747,-24.71,10258,16.37,188.75,12.2
2026-09-03,Monthly,2021-03-01,2021-03-31,45,State,Massachusetts,7745,9.83,475000,13.64,22,-11,8553,6.48,21072,-20.26,8828,17.67,281.78,15.63
2026-09-03,Monthly,2021-03-01,2021-03-31,47,State,Michigan,13411,5.78,201300,11.83,24,-18,14098,9.95,35387,-26.28,14064,11.34,127,9.68
2026-09-03,Monthly,2021-03-01,2021-03-31,49,State,Minnesota,8041,9.92,295000,10.07,21,-15,8630,-6.71,17755,-26.28,8596,5.49,159.54,10.37
2026-09-03,Monthly,2021-03-01,2021-03-31,51,State,Mississippi,2301,14.15,206950,15.61,59,-20,2326,4.52,9342,-17.29,2003,12.61,114.14,11.79
2026-09-03,Monthly,2021-03-01,2021-03-31,2,State,Missouri,8705,14.62,203000,12.84,37,-9,8673,7.9,23557,-20.05,9225,11.53,122.01,13.01
2026-09-03,Monthly,2021-03-01,2021-03-31,4,State,Montana,1474,12.15,370000,23.37,59,-27,1511,-1.24,6166,-15.23,1488,11.75,211.99,24.27
2026-09-03,Monthly,2021-03-01,2021-03-31,6,State,Nebraska,1951,-2.47,224000,14.87,24,-7,2071,-11.5,5714,-19.25,2121,0.9,123.68,12.24
2026-09-03,Monthly,2021-03-01,2021-03-31,8,State,Nevada,5318,25.02,349000,13.13,33,-15,5370,1.92,14213,-22.19,5800,24.05,207.41,15.15
2026-09-03,Monthly,2021-03-01,2021-03-31,10,State,New Hampshire,2013,1.03,335000,12.05,36,-18,2187,0.41,5698,-31.55,2405,4.72,194.59,14.94
2026-09-03,Monthly,2021-03-01,2021-03-31,12,State,New Jersey,11995,22.73,375000,19.05,63,-16,12413,23.46,45570,-17.7,12950,22.05,230.09,16.09
2026-09-03,Monthly,2021-03-01,2021-03-31,14,State,New Mexico,2465,20.24,255000,11.4,41,-13,2441,12.79,7755,-13.67,2599,-16.06,151.82,12.75
2026-09-03,Monthly,2021-03-01,2021-03-31,16,State,New York,15821,39.99,405000,28.57,53,-15,16620,57.25,65401,-15.37,16106,13.05,214.26,21.63
2026-09-03,Monthly,2021-03-01,2021-03-31,18,State,North Carolina,16507,18.93,280000,12,46,-16,16444,5.37,54171,-16.51,17583,18.49,149.62,12.93
2026-09-03,Monthly,2021-03-01,2021-03-31,20,State,North Dakota,849,27.12,228000,4.57,85,-10,909,11.16,3765,-3.39,776,27,123.08,7.99
2026-09-03,Monthly,2021-03-01,2021-03-31,22,State,Ohio,13161,1.09,180000,9.09,42,-9,14529,6.01,40103,-20.18,16302,10.67,120.24,11.1
2026-09-03,Monthly,2021-03-01,2021-03-31,23,State,Oklahoma,4757,15.44,200000,14.29,31,-16,5080,8.21,13366,-24.32,5527,27.67,115.35,7.79
2026-09-03,Monthly,2021-03-01,2021-03-31,24,State,Oregon,5721,4.86,435000,16,15,-24,6337,-2.03,15270,-22.54,6344,19.06,249.15,13.9
2026-09-03,Monthly,2021-03-01,2021-03-31,26,State,Pennsylvania,13793,10.83,229000,14.56,42,-10,15309,34.1,44847,-18.63,15167,33.17,143.25,11.98
2026-09-03,Monthly,2021-03-01,2021-03-31,58,State,Puerto Rico,NA,NA,NA,NA,NA,NA,NA,NA,NA,NA,NA,NA,NA,NA
2026-09-03,Monthly,2021-03-01,2021-03-31,28,State,Rhode Island,1428,11.17,325050,12.71,33,-17,1576,10.1,4178,-20.84,1592,14.35,191.85,11.11
2026-09-03,Monthly,2021-03-01,2021-03-31,30,State,South Carolina,9493,24.54,264930,12.74,57,-21,9588,9.82,35366,-13.57,10579,28.07,146.02,14.82
2026-09-03,Monthly,2021-03-01,2021-03-31,32,State,South Dakota,933,4.71,235000,9.3,58,-21,993,-4.81,3622,-21.61,944,3.55,144.55,13.51
2026-09-03,Monthly,2021-03-01,2021-03-31,34,State,Tennessee,10234,10.81,274650,14.49,44,-15,9714,-5.5,31117,-23.9,12378,11.89,153.84,14.33
2026-09-03,Monthly,2021-03-01,2021-03-31,36,State,Texas,32750,12.72,285000,14,32,-14,36645,4.32,93693,-28.12,39664,23.51,145.33,13.06
2026-09-03,Monthly,2021-03-01,2021-03-31,38,State,Utah,4041,4.26,408000,20,12,-21,4493,-21.45,9790,-32.4,4607,-0.71,195.98,24.6
2026-09-03,Monthly,2021-03-01,2021-03-31,40,State,Vermont,977,33.05,275000,18.79,61,-39,1028,37.43,3731,-23.72,1175,36.48,178.98,14.43
2026-09-03,Monthly,2021-03-01,2021-03-31,42,State,Virginia,12977,18.81,331275,9.69,30,-11,12617,1.55,33307,-19.48,13563,13.19,174.73,12.18
2026-09-03,Monthly,2021-03-01,2021-03-31,44,State,Washington,10717,8.72,511445,18.94,8,-3,11566,-1.94,23242,-18.2,11882,17.19,280.17,18.95
2026-09-03,Monthly,2021-03-01,2021-03-31,46,State,West Virginia,1318,6.76,185000,9.3,63,-28,1402,16.21,5144,-18.51,1361,7.44,111.51,12.52
2026-09-03,Monthly,2021-03-01,2021-03-31,48,State,Wisconsin,7370,7.59,230000,11.11,52,-10,7610,0.21,23865,-23.1,8059,7.61,136.38,8.56
2026-09-03,Monthly,2021-03-01,2021-03-31,50,State,Wyoming,861,8.96,259000,4.02,68,-4,769,-5.43,3444,-12.26,862,11.12,140.1,12.21
2026-09-03,Monthly,2021-02-01,2021-02-28,1,State,Alabama,6534,14.91,226075,19.03,54,-14,6258,4.06,23143,-13.73,6558,8.91,123.1,12.05
2026-09-03,Monthly,2021-02-01,2021-02-28,3,State,Alaska,989,21.44,289768,3.69,30,-63,1115,11.54,3185,-33.89,1296,72.53,184.28,8.32
2026-09-03,Monthly,2021-02-01,2021-02-28,5,State,Arizona,12352,8.93,340000,18.67,32,-9,12893,7.32,31045,-18.11,12766,-2.67,201.37,16.88
2026-09-03,Monthly,2021-02-01,2021-02-28,7,State,Arkansas,3593,6.84,192500,17.38,51,-15,3294,-9.77,13429,-17.27,4092,15.02,117,13.25
2026-09-03,Monthly,2021-02-01,2021-02-28,9,State,California,36184,16.03,607000,16.73,27,-12,38767,-0.03,95775,-14.15,40483,15.17,393.22,15.94
2026-09-03,Monthly,2021-02-01,2021-02-28,11,State,Colorado,10847,10.64,435000,11.83,25,-12,11264,3.12,28052,-14.99,10392,4.24,225.99,17.24
2026-09-03,Monthly,2021-02-01,2021-02-28,17,State,Columbia,938,9.19,635000,8.55,25,-1,1099,13.23,3343,18.32,1038,-14.73,551.09,12
2026-09-03,Monthly,2021-02-01,2021-02-28,13,State,Connecticut,5091,26.49,283000,21.85,53,-20,5097,-4.1,17505,-27.17,6349,-2.32,169.02,12.3
2026-09-03,Monthly,2021-02-01,2021-02-28,15,State,Delaware,1610,27,275990,8.66,26,-19,1442,-14.05,4278,-28.09,1647,-6,159.31,9.56
2026-09-03,Monthly,2021-02-01,2021-02-28,19,State,Florida,44398,18.67,287500,16.87,41,-19,45654,4.27,139874,-25,52588,17.39,181.42,13.53
2026-09-03,Monthly,2021-02-01,2021-02-28,21,State,Georgia,16011,11.3,264554,15.02,31,-21,17473,0.57,48567,-28.42,18009,4.56,135.96,13.45
2026-09-03,Monthly,2021-02-01,2021-02-28,25,State,Hawaii,1698,30.28,638000,8.6,68,-17,1590,0.91,7019,-14.93,1863,15.13,579.85,11.89
2026-09-03,Monthly,2021-02-01,2021-02-28,27,State,Idaho,2954,-3.19,387000,28.19,24,-22,3379,3.33,9026,-22.39,2841,-15.18,225.32,26.43
2026-09-03,Monthly,2021-02-01,2021-02-28,29,State,Illinois,15611,14.11,228500,14.25,32,-40,15781,-7.41,49840,-32.25,17258,11.59,148.6,9.1
2026-09-03,Monthly,2021-02-01,2021-02-28,31,State,Indiana,8816,4.67,182900,10.85,38,-15,7064,-14.23,21678,-30.41,8519,-3.17,110,11.6
2026-09-03,Monthly,2021-02-01,2021-02-28,33,State,Iowa,3893,8.98,175000,14.75,54,-19,3851,-0.86,13137,-23.68,3848,6.43,133.25,15.28
2026-09-03,Monthly,2021-02-01,2021-02-28,35,State,Kansas,3373,7.46,196750,9.31,42,-10,3256,-5.38,10449,-19.11,3400,3.35,115.78,13.36
2026-09-03,Monthly,2021-02-01,2021-02-28,37,State,Kentucky,4903,8.54,193250,14.69,33,-14,4496,-9.93,13676,-24.84,4806,-3.66,124.81,14.09
2026-09-03,Monthly,2021-02-01,2021-02-28,39,State,Louisiana,4470,16.82,219900,13.83,48,-22,4602,5.91,17177,-17.65,4573,20.1,127.12,10.17
2026-09-03,Monthly,2021-02-01,2021-02-28,41,State,Maine,2026,16.72,250000,11.61,25,-17,2352,13.82,6313,-26.46,2339,11.35,180.03,17.19
2026-09-03,Monthly,2021-02-01,2021-02-28,43,State,Maryland,9136,18.88,320000,8.47,21,-19,8563,-5.54,20992,-29.34,9994,-13.53,187.47,9.95
2026-09-03,Monthly,2021-02-01,2021-02-28,45,State,Massachusetts,7902,14.21,450000,13.78,28,-8,8185,-7.86,21299,-20.41,8744,6.15,286.72,12.16
2026-09-03,Monthly,2021-02-01,2021-02-28,47,State,Michigan,13475,6.2,186000,9.41,24,-20,14059,-5.04,35493,-28.33,13933,6.18,126.01,9.52
2026-09-03,Monthly,2021-02-01,2021-02-28,49,State,Minnesota,8220,13.79,282000,10.59,22,-15,8536,-4.29,14628,-28.55,8362,1.46,159.57,10.54
2026-09-03,Monthly,2021-02-01,2021-02-28,51,State,Mississippi,2206,10.81,200000,11.11,60,-15,1980,-14.06,9306,-18.67,1895,6.23,113.66,11.49
2026-09-03,Monthly,2021-02-01,2021-02-28,2,State,Missouri,8710,14.79,198000,16.54,34,-14,7921,-0.84,23477,-20.89,8836,3.51,120.78,10.98
2026-09-03,Monthly,2021-02-01,2021-02-28,4,State,Montana,1395,6.01,348000,19.18,61,-28,1530,1.44,6143,-15.12,1398,4.94,211.49,29.65
2026-09-03,Monthly,2021-02-01,2021-02-28,6,State,Nebraska,1977,-6.92,217000,14.81,22,-12,2018,-19.01,5642,-18.52,1939,-8.11,122.8,11.43
2026-09-03,Monthly,2021-02-01,2021-02-28,8,State,Nevada,5386,13.39,345000,12.2,31,-21,5375,0.83,14825,-19.64,6646,9.92,201.95,11.43
2026-09-03,Monthly,2021-02-01,2021-02-28,10,State,New Hampshire,2158,14.46,330000,21.2,35,-33,2153,-2.34,5704,-32.37,2339,-5.03,195.72,15.44
2026-09-03,Monthly,2021-02-01,2021-02-28,12,State,New Jersey,12276,18.78,365000,21.67,62,-19,11305,-18.29,46043,-23.24,12875,-4.51,225.7,13.01
2026-09-03,Monthly,2021-02-01,2021-02-28,14,State,New Mexico,2462,15.84,250000,13.64,41,-18,2524,7.19,7675,-16.91,2564,-21.87,150.2,12.44
2026-09-03,Monthly,2021-02-01,2021-02-28,16,State,New York,16272,32.2,390050,14.72,51,-21,16611,-1.89,66874,-18.98,16037,11.55,215.69,14.26
2026-09-03,Monthly,2021-02-01,2021-02-28,18,State,North Carolina,16323,17.42,270500,10.41,45,-18,16425,3.43,54641,-15.89,16734,7.83,147.97,11.59
2026-09-03,Monthly,2021-02-01,2021-02-28,20,State,North Dakota,771,10.35,230000,5.75,80,-18,793,-3.08,3668,-4.7,729,15.23,121.76,9.41
2026-09-03,Monthly,2021-02-01,2021-02-28,22,State,Ohio,13171,-0.16,169900,10.32,41,-11,13634,-7.16,40280,-21.72,16096,-2.88,118.94,10.38
2026-09-03,Monthly,2021-02-01,2021-02-28,23,State,Oklahoma,4694,8.21,193500,12.17,38,-16,4072,-15.41,12885,-27.24,4539,0.71,116.41,11.75
2026-09-03,Monthly,2021-02-01,2021-02-28,24,State,Oregon,5711,1.65,420000,15.07,16,-23,6199,-1.07,15003,-23.38,5815,-0.49,247.9,13.57
2026-09-03,Monthly,2021-02-01,2021-02-28,26,State,Pennsylvania,13953,5.72,215000,16.28,40,-15,14884,-2.71,44319,-22.86,14552,-8.66,143.33,12.41
2026-09-03,Monthly,2021-02-01,2021-02-28,58,State,Puerto Rico,NA,NA,NA,NA,NA,NA,NA,NA,NA,NA,NA,NA,NA,NA
2026-09-03,Monthly,2021-02-01,2021-02-28,28,State,Rhode Island,1503,16.74,310500,12.91,32,-20,1501,-5.08,4111,-24.1,1500,-8.89,193.9,14.08
2026-09-03,Monthly,2021-02-01,2021-02-28,30,State,South Carolina,9409,22.58,257900,13.11,61,-19,9519,6.85,35678,-13.99,10398,19.51,144.13,12.04
2026-09-03,Monthly,2021-02-01,2021-02-28,32,State,South Dakota,1037,17.25,236250,16.65,56,-23,922,-7,3503,-22.62,972,14.91,141.3,13.4
2026-09-03,Monthly,2021-02-01,2021-02-28,34,State,Tennessee,10001,6.27,262000,11.97,39,-20,10014,-3.63,31357,-23.06,12024,4.27,151.94,13.8
2026-09-03,Monthly,2021-02-01,2021-02-28,36,State,Texas,28960,-2.51,275000,12.24,28,-19,30801,-13.86,94535,-28.25,34831,-6.23,142.6,10.77
2026-09-03,Monthly,2021-02-01,2021-02-28,38,State,Utah,4186,4.41,387000,15.52,6,-30,4252,-6.86,9854,-29.29,4482,-7.06,191.02,22
2026-09-03,Monthly,2021-02-01,2021-02-28,40,State,Vermont,996,28.99,270000,23.29,64,-28,958,13.27,3715,-27.56,1182,23.1,169.87,13.83
2026-09-03,Monthly,2021-02-01,2021-02-28,42,State,Virginia,12965,21.34,320000,12.28,28,-15,11919,-7.94,33033,-21.42,12750,1.69,173.9,11.47
2026-09-03,Monthly,2021-02-01,2021-02-28,44,State,Washington,10545,4.53,480000,14.15,5,-14,11582,2.45,23380,-16.35,11257,1.55,275.19,17.37
2026-09-03,Monthly,2021-02-01,2021-02-28,46,State,West Virginia,1343,21,175000,7.77,66,-29,1097,-14.55,5027,-21.46,1409,9.59,110.29,12.37
2026-09-03,Monthly,2021-02-01,2021-02-28,48,State,Wisconsin,7483,11.24,214900,13.4,53,-10,7187,-8.26,23837,-23.77,7741,-4.02,135.01,8.32
2026-09-03,Monthly,2021-02-01,2021-02-28,50,State,Wyoming,849,7.62,260000,8.33,70,-17,882,15.66,3482,-10.48,858,9.73,141.46,11.84
2026-09-03,Monthly,2021-01-01,2021-01-31,1,State,Alabama,6683,17.73,219900,16.94,54,-19,6419,4.12,23461,-12.82,6969,11.87,122,11.88
2026-09-03,Monthly,2021-01-01,2021-01-31,3,State,Alaska,1105,48.92,295000,5.39,29,-62,1146,14.61,3322,-31.28,1348,83.48,184.53,8.14
2026-09-03,Monthly,2021-01-01,2021-01-31,5,State,Arizona,12802,14.8,331000,16.55,35,-10,12473,4.67,31654,-16.99,13252,1.08,198.21,16.57
2026-09-03,Monthly,2021-01-01,2021-01-31,7,State,Arkansas,3805,14.57,184000,12.16,53,-15,3975,2.86,13672,-15.8,4166,15.98,113.99,11.03
2026-09-03,Monthly,2021-01-01,2021-01-31,9,State,California,39380,28.22,584573,15.76,26,-15,38075,9.79,98308,-11.42,40428,14.8,389.33,16.58
2026-09-03,Monthly,2021-01-01,2021-01-31,11,State,Colorado,11031,12.22,423919,11.56,23,-16,11655,6.65,28156,-14.62,10286,0.58,227.24,19.14
2026-09-03,Monthly,2021-01-01,2021-01-31,17,State,Columbia,938,15.27,614950,11.81,26,-4,1197,15.08,3373,21.17,1035,8.1,535.98,11.89
2026-09-03,Monthly,2021-01-01,2021-01-31,13,State,Connecticut,5278,35.91,287500,19.79,53,-22,5402,2.22,18290,-19.99,6500,24.35,169.56,11.84
2026-09-03,Monthly,2021-01-01,2021-01-31,15,State,Delaware,1808,39.47,274900,9.96,27,-20,1616,1.73,4429,-25.45,1793,7.13,159.54,9.83
2026-09-03,Monthly,2021-01-01,2021-01-31,19,State,Florida,47183,28.03,283000,16.94,43,-17,45217,2.1,146514,-22.05,52724,20.44,177.77,11.31
2026-09-03,Monthly,2021-01-01,2021-01-31,21,State,Georgia,16436,15.85,260000,17.7,33,-18,17299,-2.24,49660,-27.43,18836,9.35,134.79,13.35
2026-09-03,Monthly,2021-01-01,2021-01-31,25,State,Hawaii,1615,17.09,620000,5.08,69,-13,1548,1.41,7197,-13.02,1755,10.12,548.66,6.23
2026-09-03,Monthly,2021-01-01,2021-01-31,27,State,Idaho,3223,3.29,375000,25.04,26,-23,3323,2.14,8679,-24.69,2725,-16.16,219.09,23.38
2026-09-03,Monthly,2021-01-01,2021-01-31,29,State,Illinois,16918,27.2,225235,16.7,33,-42,17879,2.58,54023,-26.85,18606,17.16,149.73,10.24
2026-09-03,Monthly,2021-01-01,2021-01-31,31,State,Indiana,8991,9.36,180000,13.92,40,-13,8094,-5.4,22742,-26.53,9009,6.61,109.39,11.91
2026-09-03,Monthly,2021-01-01,2021-01-31,33,State,Iowa,4094,21.1,175000,9.38,56,-17,3833,0.1,13513,-19.71,4068,21.96,126.77,8.28
2026-09-03,Monthly,2021-01-01,2021-01-31,35,State,Kansas,3784,25.81,205000,12.18,42,-11,3710,4.14,10872,-15.1,3530,8.86,114.18,14.68
2026-09-03,Monthly,2021-01-01,2021-01-31,37,State,Kentucky,5005,12.67,188900,14.48,34,-16,5090,-2.06,14413,-21.57,5272,6.18,122.69,13.3
2026-09-03,Monthly,2021-01-01,2021-01-31,39,State,Louisiana,4827,22.63,214900,13.11,51,-21,4865,7.56,17583,-16.55,4693,19.55,122.37,6.63
2026-09-03,Monthly,2021-01-01,2021-01-31,41,State,Maine,2092,19.63,259900,15.28,23,-18,2320,7.85,6413,-26.06,2390,14.09,171.23,10.38
2026-09-03,Monthly,2021-01-01,2021-01-31,43,State,Maryland,9483,24.37,325000,12.26,22,-18,9785,10.06,22336,-24.66,10547,1.96,188.69,12.29
2026-09-03,Monthly,2021-01-01,2021-01-31,45,State,Massachusetts,7989,14.82,453000,11.85,22,-13,8846,5.27,21973,-14.94,8822,5.02,282.44,13.35
2026-09-03,Monthly,2021-01-01,2021-01-31,47,State,Michigan,13602,9.64,186000,12.22,25,-20,14051,-4.04,36263,-27.57,14222,10.37,126.69,12.41
2026-09-03,Monthly,2021-01-01,2021-01-31,49,State,Minnesota,8426,19.87,272000,10.23,22,-14,8825,2.47,14031,-26.64,8679,9.28,158.9,10.37
2026-09-03,Monthly,2021-01-01,2021-01-31,51,State,Mississippi,2369,20.52,194900,17.41,66,-13,2382,2.88,9609,-15.94,2021,11.05,112.05,8.2
2026-09-03,Monthly,2021-01-01,2021-01-31,2,State,Missouri,8817,18.81,192500,13.91,35,-14,8622,7.77,24359,-16.99,9345,12.56,120.77,13.37
2026-09-03,Monthly,2021-01-01,2021-01-31,4,State,Montana,1470,14.25,350000,17.57,65,-24,1584,3.81,6195,-13.28,1445,13.2,199.57,19.93
2026-09-03,Monthly,2021-01-01,2021-01-31,6,State,Nebraska,2213,18.33,210000,12.3,20,-15,2112,5.79,5704,-14.08,1996,-3.4,121.06,12.85
2026-09-03,Monthly,2021-01-01,2021-01-31,8,State,Nevada,5617,18.4,335000,11.82,35,-20,5101,2.47,15458,-16.97,6395,10.24,199.91,10.92
2026-09-03,Monthly,2021-01-01,2021-01-31,10,State,New Hampshire,2273,21.42,330000,22.22,37,-19,2247,3.85,5965,-28.12,2438,2.12,196.53,18.06
2026-09-03,Monthly,2021-01-01,2021-01-31,12,State,New Jersey,12947,27.94,371000,19.68,62,-21,12668,-5.12,48031,-16.2,13369,15.98,226.58,14.43
2026-09-03,Monthly,2021-01-01,2021-01-31,14,State,New Mexico,2612,20.4,247000,13.17,41,-20,2595,11.7,7761,-16.17,2656,-19.86,149.16,12.11
2026-09-03,Monthly,2021-01-01,2021-01-31,16,State,New York,15585,25.14,380000,13.1,52,-21,17681,3.81,74702,-8.48,17195,22.52,216.67,12.46
2026-09-03,Monthly,2021-01-01,2021-01-31,18,State,North Carolina,16883,21.92,269190,14.55,47,-18,16685,5.15,55161,-14.58,17270,10.98,147.01,11.27
2026-09-03,Monthly,2021-01-01,2021-01-31,20,State,North Dakota,793,13.7,236750,7.66,84,-13,869,18.69,3698,-2.08,744,16.27,121.22,12.34
2026-09-03,Monthly,2021-01-01,2021-01-31,22,State,Ohio,14886,15.7,171000,14,42,-12,14497,-3.74,41257,-20.2,16550,0.36,118.74,11.19
2026-09-03,Monthly,2021-01-01,2021-01-31,23,State,Oklahoma,5382,31.06,187000,14.72,38,-16,5129,2.96,14007,-21.42,5628,22.21,113.09,8.28
2026-09-03,Monthly,2021-01-01,2021-01-31,24,State,Oregon,6349,14.56,410000,14.63,18,-23,6699,10.61,15250,-22.05,6348,4.75,247.49,12.91
2026-09-03,Monthly,2021-01-01,2021-01-31,26,State,Pennsylvania,15510,21.5,219000,18.38,41,-15,15543,3.71,46081,-20.31,15504,2.09,141.53,12.9
2026-09-03,Monthly,2021-01-01,2021-01-31,58,State,Puerto Rico,NA,NA,NA,NA,NA,NA,NA,NA,NA,NA,NA,NA,NA,NA
2026-09-03,Monthly,2021-01-01,2021-01-31,28,State,Rhode Island,1498,17.66,320000,10.34,33,-19,1684,8.53,4282,-20.67,1693,1.14,193.69,15.4
2026-09-03,Monthly,2021-01-01,2021-01-31,30,State,South Carolina,9621,27.48,255000,14.86,62,-16,9585,9.11,36332,-11.92,10604,23.12,141.78,10.68
2026-09-03,Monthly,2021-01-01,2021-01-31,32,State,South Dakota,1110,29.34,234450,12.41,64,-22,1038,7.78,3579,-18.55,972,14,138.09,9.82
2026-09-03,Monthly,2021-01-01,2021-01-31,34,State,Tennessee,10572,12.67,255500,11.6,45,-16,10851,3.37,32955,-20.97,12381,8.71,150.51,13.24
2026-09-03,Monthly,2021-01-01,2021-01-31,36,State,Texas,36114,23.71,265000,12.77,30,-18,36384,2.57,102100,-22.08,40565,11.13,142.4,11.17
2026-09-03,Monthly,2021-01-01,2021-01-31,38,State,Utah,4471,11.29,380000,16.92,11,-25,4459,-2.85,10112,-27.88,4837,-1.99,191.42,24.13
2026-09-03,Monthly,2021-01-01,2021-01-31,40,State,Vermont,1008,31.52,275000,21.95,67,-27,972,4.32,3845,-26.1,1189,24.9,169.76,13.16
2026-09-03,Monthly,2021-01-01,2021-01-31,42,State,Virginia,13145,24.57,310000,12.73,29,-16,13318,7.53,34494,-16.66,13881,11.77,172.95,12.17
2026-09-03,Monthly,2021-01-01,2021-01-31,44,State,Washington,12421,22.31,455000,14.04,7,-15,12079,13.57,23535,-15.04,11693,5.08,270.88,16.92
2026-09-03,Monthly,2021-01-01,2021-01-31,46,State,West Virginia,1488,29.25,180000,16.13,68,-23,1360,-1.37,5281,-17.74,1446,12.08,109.59,12.58
2026-09-03,Monthly,2021-01-01,2021-01-31,48,State,Wisconsin,7659,16.18,210000,10.53,53,-10,7753,2.12,24256,-21.53,8308,11.21,135.83,10.04
2026-09-03,Monthly,2021-01-01,2021-01-31,50,State,Wyoming,862,13.9,255000,8.51,64,-23,890,9.45,3485,-10.1,880,14.75,136.21,6.53
2026-09-03,Monthly,2020-12-01,2020-12-31,1,State,Alabama,6831,20.86,221270,13.47,56,-16,6669,13.14,23679,-11.66,7127,19.55,120.33,9.96
2026-09-03,Monthly,2020-12-01,2020-12-31,3,State,Alaska,1064,33.8,318500,10.4,32,-62,1165,3.39,3235,-35.18,977,15.55,184.67,9.62
2026-09-03,Monthly,2020-12-01,2020-12-31,5,State,Arizona,13057,17.02,325280,15.35,37,-7,13058,11.73,33237,-13.62,15055,18.18,196.96,16.18
2026-09-03,Monthly,2020-12-01,2020-12-31,7,State,Arkansas,3929,21.41,189900,13.71,55,-13,4040,8.22,13974,-12.95,4198,20.37,114.26,10.92
2026-09-03,Monthly,2020-12-01,2020-12-31,9,State,California,38410,20.34,585000,11.43,27,-15,39260,15.49,100847,-10.48,40749,13.25,396.27,18.86
2026-09-03,Monthly,2020-12-01,2020-12-31,11,State,Colorado,11636,16.73,426000,11.19,26,-14,12522,15.01,27952,-15.95,13730,18.38,216.23,14.08
2026-09-03,Monthly,2020-12-01,2020-12-31,17,State,Columbia,952,17.5,638000,0.87,30,0,1333,52.93,3336,23.72,1050,22.6,556.01,16.6
2026-09-03,Monthly,2020-12-01,2020-12-31,13,State,Connecticut,5356,33.81,290000,18.37,54,-19,5973,27.63,18940,-16.76,6466,35.36,178.72,20.45
2026-09-03,Monthly,2020-12-01,2020-12-31,15,State,Delaware,1759,28.68,290250,11.63,29,-14,1710,14.93,4516,-23.42,1817,21.67,164.19,13.68
2026-09-03,Monthly,2020-12-01,2020-12-31,19,State,Florida,46094,19.35,285000,14.05,45,-14,45933,5.48,152775,-19.14,52723,22.15,178.55,11.98
2026-09-03,Monthly,2020-12-01,2020-12-31,21,State,Georgia,16136,11.8,265000,14.04,35,-15,18063,3.77,50457,-26.18,19262,12.73,132.62,11.62
2026-09-03,Monthly,2020-12-01,2020-12-31,25,State,Hawaii,1660,23.07,638500,8.22,74,-4,1648,9.23,7535,-10.6,1899,27.07,525.86,2.19
2026-09-03,Monthly,2020-12-01,2020-12-31,27,State,Idaho,3495,13.45,365000,25.86,28,-18,3596,6.9,8470,-26.35,3135,0.79,216.27,24.91
2026-09-03,Monthly,2020-12-01,2020-12-31,29,State,Illinois,16817,27.07,230000,15,31,-46,18456,13.33,52423,-29.22,18452,23.17,151.51,11.62
2026-09-03,Monthly,2020-12-01,2020-12-31,31,State,Indiana,8954,10.48,188000,13.25,42,-10,8579,13.21,23520,-23.3,9563,14.92,112.3,13.51
2026-09-03,Monthly,2020-12-01,2020-12-31,33,State,Iowa,4062,16.15,179000,8.48,57,-13,4078,7.24,13915,-16.69,4077,15.61,127.51,9.25
2026-09-03,Monthly,2020-12-01,2020-12-31,35,State,Kansas,3760,21.94,210000,12,44,-11,3839,15.83,10990,-13.98,3753,19.32,115.31,16.77
2026-09-03,Monthly,2020-12-01,2020-12-31,37,State,Kentucky,5014,13.8,190500,10.12,34,-15,5655,20.39,14446,-20.57,5524,20.85,122.71,13.43
2026-09-03,Monthly,2020-12-01,2020-12-31,39,State,Louisiana,4823,36.82,219000,10.05,52,-18,5206,20.26,17706,-14.63,4965,36.67,124,8.46
2026-09-03,Monthly,2020-12-01,2020-12-31,41,State,Maine,2276,26.42,269000,12.13,21,-26,2390,16.93,6266,-28.69,2311,11.13,187.93,29.82
2026-09-03,Monthly,2020-12-01,2020-12-31,43,State,Maryland,9590,24.65,335000,11.67,22,-18,10387,28.67,22337,-25.26,10345,18.96,187.94,10.89
2026-09-03,Monthly,2020-12-01,2020-12-31,45,State,Massachusetts,8053,12.8,460000,13.33,24,-12,9555,26.09,22342,-14.91,9453,21.85,283.85,12.35
2026-09-03,Monthly,2020-12-01,2020-12-31,47,State,Michigan,13958,13.51,195000,14.71,27,-16,14068,-3.02,36536,-27.49,14468,12.38,125.44,10.95
2026-09-03,Monthly,2020-12-01,2020-12-31,49,State,Minnesota,8416,15.83,278248,10.64,23,-12,9756,16.77,15599,-23.74,8833,13.96,158.74,10.91
2026-09-03,Monthly,2020-12-01,2020-12-31,51,State,Mississippi,2275,17.35,205000,16.51,65,-17,2470,2.39,9786,-14.86,2240,21.96,113.99,10.94
2026-09-03,Monthly,2020-12-01,2020-12-31,2,State,Missouri,8849,16.11,199000,12.11,36,-12,9466,20.31,24530,-16.93,9564,18.15,120.88,12.15
2026-09-03,Monthly,2020-12-01,2020-12-31,4,State,Montana,1619,33.58,349000,18.31,66,-23,1761,28.62,6273,-11.01,1627,32.04,202.6,20.32
2026-09-03,Monthly,2020-12-01,2020-12-31,6,State,Nebraska,2293,11.67,213000,11.81,19,-16,2382,18.04,5737,-13.58,2139,12.66,120.44,11.44
2026-09-03,Monthly,2020-12-01,2020-12-31,8,State,Nevada,5608,20.2,336995,10.49,39,-19,5902,24.76,15993,-15.24,6556,21.77,198.27,10.33
2026-09-03,Monthly,2020-12-01,2020-12-31,10,State,New Hampshire,2415,23.87,332000,16.49,40,-17,2300,10.87,6128,-26.54,2581,28.67,188.53,14.52
2026-09-03,Monthly,2020-12-01,2020-12-31,12,State,New Jersey,13274,33.13,374000,18.73,63,-20,13977,17.32,49943,-12.91,13977,23.23,228.33,16.83
2026-09-03,Monthly,2020-12-01,2020-12-31,14,State,New Mexico,2618,21.32,257000,16.87,42,-15,2783,29.03,7821,-15.32,2636,-21.72,145.08,8.43
2026-09-03,Monthly,2020-12-01,2020-12-31,16,State,New York,15982,29.87,370000,17.42,51,-20,18131,8.15,76067,-6.18,17044,23.27,226.95,19.18
2026-09-03,Monthly,2020-12-01,2020-12-31,18,State,North Carolina,16469,16.92,275000,11.79,49,-15,16905,12.59,55700,-13.71,18530,19.19,146.59,10.01
2026-09-03,Monthly,2020-12-01,2020-12-31,20,State,North Dakota,880,26.56,235000,5.57,87,-12,813,4.16,3731,-2.15,813,30.15,119.51,7.42
2026-09-03,Monthly,2020-12-01,2020-12-31,22,State,Ohio,14975,14.78,179500,15.88,42,-12,15173,9.49,41705,-20.07,16683,0.69,121.92,15.04
2026-09-03,Monthly,2020-12-01,2020-12-31,23,State,Oklahoma,5418,30.31,193000,12.65,32,-14,5158,7.24,14002,-19.66,5593,24.91,114.32,12.07
2026-09-03,Monthly,2020-12-01,2020-12-31,24,State,Oregon,6782,20.04,407000,13.06,19,-22,7757,35.28,15243,-23.06,7072,14.71,245.4,13.38
2026-09-03,Monthly,2020-12-01,2020-12-31,26,State,Pennsylvania,15458,21.67,220000,13.99,42,-13,15380,3.31,46653,-19.44,15908,11.31,145.78,15.02
2026-09-03,Monthly,2020-12-01,2020-12-31,58,State,Puerto Rico,NA,NA,NA,NA,NA,NA,NA,NA,NA,NA,NA,NA,NA,NA
2026-09-03,Monthly,2020-12-01,2020-12-31,28,State,Rhode Island,1589,25.87,320000,15.36,34,-17,1758,21.96,4293,-21.08,1627,-5.66,188.14,13.47
2026-09-03,Monthly,2020-12-01,2020-12-31,30,State,South Carolina,9465,24.49,255000,10.87,66,-13,9800,14.21,36945,-9.89,10688,24.99,140.24,9.35
2026-09-03,Monthly,2020-12-01,2020-12-31,32,State,South Dakota,1052,17.34,240005,14.26,68,-9,1121,20.69,3688,-16.97,1026,14.78,138.67,12.24
2026-09-03,Monthly,2020-12-01,2020-12-31,34,State,Tennessee,11315,19.01,265000,11.34,47,-13,11732,11.39,33099,-19.39,12218,10,149.34,12.69
2026-09-03,Monthly,2020-12-01,2020-12-31,36,State,Texas,35578,18.91,273000,9.2,31,-17,37205,6.01,103301,-20.54,40877,14.33,140.92,10.3
2026-09-03,Monthly,2020-12-01,2020-12-31,38,State,Utah,4720,16.9,384000,15.71,14,-22,5296,15.59,10194,-26.92,5111,10.69,186.31,20.49
2026-09-03,Monthly,2020-12-01,2020-12-31,40,State,Vermont,1126,41.3,286250,14.5,72,-21,1009,10.09,3998,-23.27,1286,41.97,171.71,22.02
2026-09-03,Monthly,2020-12-01,2020-12-31,42,State,Virginia,12866,21.32,320000,8.47,29,-14,14941,31.74,35450,-13.23,14683,30.51,172.18,10.66
2026-09-03,Monthly,2020-12-01,2020-12-31,44,State,Washington,12384,18,454400,11.1,7,-15,14519,31.21,23492,-16.41,12625,16.05,270.59,17.45
2026-09-03,Monthly,2020-12-01,2020-12-31,46,State,West Virginia,1335,14.91,184000,9.52,67,-22,1407,17.72,5317,-16.65,1378,13.01,108.74,12.88
2026-09-03,Monthly,2020-12-01,2020-12-31,48,State,Wisconsin,7690,14.14,215000,10.26,54,-10,8332,15.51,24547,-19.89,8441,17.01,136.53,10.82
2026-09-03,Monthly,2020-12-01,2020-12-31,50,State,Wyoming,929,22.83,265000,10.42,73,-8,923,16.43,3560,-7.4,937,22.8,132.64,9.02
2026-09-03,Monthly,2020-11-01,2020-11-30,1,State,Alabama,6699,21.27,224000,15.52,58,-14,6671,14.36,23825,-11.31,7101,20.88,119.39,10.07
2026-09-03,Monthly,2020-11-01,2020-11-30,3,State,Alaska,1018,28.86,306000,10.67,32,-58,1135,13.12,3224,-35.35,964,13.93,171.41,1.14
2026-09-03,Monthly,2020-11-01,2020-11-30,5,State,Arizona,13122,17.77,325000,17.75,39,-6,12609,6.14,34500,-11.42,15787,20.2,192.14,14.16
2026-09-03,Monthly,2020-11-01,2020-11-30,7,State,Arkansas,4120,34.93,190000,11.83,55,-12,4085,14.11,14286,-9.67,4274,28.12,111.67,10.47
2026-09-03,Monthly,2020-11-01,2020-11-30,9,State,California,38239,21.22,589800,12.34,27,-16,38314,11.95,101572,-12.73,42480,17.76,382.48,15.72
2026-09-03,Monthly,2020-11-01,2020-11-30,11,State,Colorado,12038,26.42,430000,13.16,28,-12,11748,12.91,28111,-16.52,13429,22.12,213.41,12.97
2026-09-03,Monthly,2020-11-01,2020-11-30,17,State,Columbia,971,19.57,680000,9.68,30,2,1160,16.41,3202,14.53,987,6.04,550.66,12.18
2026-09-03,Monthly,2020-11-01,2020-11-30,13,State,Connecticut,5391,38.3,290000,18.37,56,-20,6042,27.26,19325,-15.85,6564,36.56,168.27,12.77
2026-09-03,Monthly,2020-11-01,2020-11-30,15,State,Delaware,1723,33.64,299700,18.69,29,-18,1727,16.04,4531,-24.1,1881,21.19,157.75,9.5
2026-09-03,Monthly,2020-11-01,2020-11-30,19,State,Florida,46901,25.39,280000,14.29,46,-13,45361,2.89,157190,-17.51,51386,15.49,173.77,10.04
2026-09-03,Monthly,2020-11-01,2020-11-30,21,State,Georgia,16437,17.76,262529,16.21,36,-14,17260,-1.51,51233,-25.46,19542,15.83,131.18,12.34
2026-09-03,Monthly,2020-11-01,2020-11-30,25,State,Hawaii,1518,11.4,615000,12.84,72,-10,1588,-3.25,7628,-10.6,1734,15.61,531.03,3.76
2026-09-03,Monthly,2020-11-01,2020-11-30,27,State,Idaho,3615,20.52,360000,20.81,29,-16,3358,1.97,8690,-24.77,3304,9.55,210.39,21.98
2026-09-03,Monthly,2020-11-01,2020-11-30,29,State,Illinois,16703,31.81,230000,12.75,31,-48,17879,11.74,52625,-29.13,18398,22.68,149.9,12.69
2026-09-03,Monthly,2020-11-01,2020-11-30,31,State,Indiana,8793,9.11,189900,15.09,43,-9,8343,6.47,23934,-22.39,9249,12.04,107.31,10.91
2026-09-03,Monthly,2020-11-01,2020-11-30,33,State,Iowa,4047,21.87,178135,10.64,60,-9,4020,10.75,14233,-13.59,4117,23.9,125.72,8.76
2026-09-03,Monthly,2020-11-01,2020-11-30,35,State,Kansas,3694,22.38,210000,10.53,45,-9,3778,12.32,11098,-13.41,3641,13.18,112.34,12.02
2026-09-03,Monthly,2020-11-01,2020-11-30,37,State,Kentucky,4971,13.56,199900,17.66,35,-14,5316,8.07,14375,-23.17,5373,14.08,119.77,11.15
2026-09-03,Monthly,2020-11-01,2020-11-30,39,State,Louisiana,4574,29.57,222700,14.21,53,-14,4986,13.74,17651,-15.42,4739,29.14,124.27,8.4
2026-09-03,Monthly,2020-11-01,2020-11-30,41,State,Maine,2233,32.6,270000,18.03,25,-19,2424,12.27,6389,-28.44,2485,22.46,175.92,21.04
2026-09-03,Monthly,2020-11-01,2020-11-30,43,State,Maryland,9555,30.45,340000,12.21,22,-19,10013,19.84,22705,-24.6,10378,16.86,185.08,11.21
2026-09-03,Monthly,2020-11-01,2020-11-30,45,State,Massachusetts,7856,13.89,460000,14.14,24,-12,9181,15.45,22908,-15.31,9336,14.48,275.69,11.83
2026-09-03,Monthly,2020-11-01,2020-11-30,47,State,Michigan,13873,13.07,200000,14.29,28,-13,13904,-3.85,36955,-28,14544,13.2,124.79,10.71
2026-09-03,Monthly,2020-11-01,2020-11-30,49,State,Minnesota,8457,16.56,283920,13.57,22,-15,8546,1.75,19367,-22.16,8614,10.24,156.68,9.26
2026-09-03,Monthly,2020-11-01,2020-11-30,51,State,Mississippi,2330,23.7,204900,20.53,66,-14,2432,3.31,9934,-12.87,2174,22.86,112.23,10.16
2026-09-03,Monthly,2020-11-01,2020-11-30,2,State,Missouri,8871,20.13,205000,17.81,38,-10,8765,10.92,24691,-17.04,9596,18.15,117.78,9.93
2026-09-03,Monthly,2020-11-01,2020-11-30,4,State,Montana,1690,35.74,348500,16.85,68,-20,1623,23.76,6395,-9.26,1673,34.08,201.77,22.18
2026-09-03,Monthly,2020-11-01,2020-11-30,6,State,Nebraska,2347,20.32,222000,13.85,20,-14,2161,5.54,5644,-15.59,2126,7.32,117.49,7.01
2026-09-03,Monthly,2020-11-01,2020-11-30,8,State,Nevada,5826,29.53,340000,12.96,42,-13,5617,9.43,16483,-15,6645,18.83,193.31,6.87
2026-09-03,Monthly,2020-11-01,2020-11-30,10,State,New Hampshire,2365,20.84,332000,16.49,41,-16,2273,5.95,6310,-26.18,2495,3.7,187.12,13.06
2026-09-03,Monthly,2020-11-01,2020-11-30,12,State,New Jersey,13040,30.21,374875,19.01,63,-21,14372,17.51,50839,-11.45,13782,22.66,224.3,14.93
2026-09-03,Monthly,2020-11-01,2020-11-30,14,State,New Mexico,2651,19.64,251750,14.43,42,-19,2481,7.36,7800,-17.12,2547,-24.63,145.77,11.41
2026-09-03,Monthly,2020-11-01,2020-11-30,16,State,New York,15319,23.5,350000,17.06,50,-22,18676,8.97,76516,-6.39,16722,22.85,221.31,16.17
2026-09-03,Monthly,2020-11-01,2020-11-30,18,State,North Carolina,16581,21.19,275000,13.64,50,-14,16312,7,55749,-14.07,18329,21.05,144.04,10.36
2026-09-03,Monthly,2020-11-01,2020-11-30,20,State,North Dakota,873,30.58,233500,4.24,90,-4,827,10.13,3811,0.92,813,35.19,117.07,2.87
2026-09-03,Monthly,2020-11-01,2020-11-30,22,State,Ohio,14766,15.61,180000,15.38,43,-11,15190,8.42,42299,-19.74,16913,3.76,117.16,11.68
2026-09-03,Monthly,2020-11-01,2020-11-30,23,State,Oklahoma,5158,21.76,195000,16.77,27,-21,5400,19.02,14048,-19.28,5468,19.1,111.9,7.77
2026-09-03,Monthly,2020-11-01,2020-11-30,24,State,Oregon,6698,23.58,410000,12.33,19,-24,6869,13.35,14995,-26.3,6807,10.27,243.15,12.37
2026-09-03,Monthly,2020-11-01,2020-11-30,26,State,Pennsylvania,15518,25.46,225000,15.98,43,-11,15419,3.52,47690,-18.33,16178,10.9,140.1,12.54
2026-09-03,Monthly,2020-11-01,2020-11-30,58,State,Puerto Rico,NA,NA,NA,NA,NA,NA,NA,NA,NA,NA,NA,NA,NA,NA
2026-09-03,Monthly,2020-11-01,2020-11-30,28,State,Rhode Island,1600,23.06,316775,10.37,36,-15,1714,16.59,4356,-21.17,1728,23.63,187.31,11.38
2026-09-03,Monthly,2020-11-01,2020-11-30,30,State,South Carolina,9504,26.57,259900,15.56,64,-15,9473,8.28,37195,-9.17,10616,25.81,141.17,12.05
2026-09-03,Monthly,2020-11-01,2020-11-30,32,State,South Dakota,1054,13.81,237900,11.95,70,-6,1022,11.26,3743,-16.71,1008,17.63,139.38,11.81
2026-09-03,Monthly,2020-11-01,2020-11-30,34,State,Tennessee,10928,16.64,261000,12.5,47,-14,11456,5.83,34078,-18.34,12129,8.46,145.32,9.85
2026-09-03,Monthly,2020-11-01,2020-11-30,36,State,Texas,35820,24.96,270000,11.69,32,-15,36110,2.9,104001,-19.99,40328,13.4,139.28,9.84
2026-09-03,Monthly,2020-11-01,2020-11-30,38,State,Utah,5044,23.83,379995,16.96,16,-20,4535,3.68,10197,-28.3,5154,8.88,178.81,16.74
2026-09-03,Monthly,2020-11-01,2020-11-30,40,State,Vermont,1077,40.61,285000,21.28,72,-24,1119,22.27,4111,-21.03,1220,31.77,169.71,10.78
2026-09-03,Monthly,2020-11-01,2020-11-30,42,State,Virginia,12800,23.07,326000,13.59,30,-14,14531,27.72,35522,-13.18,14622,24.99,171.54,11.35
2026-09-03,Monthly,2020-11-01,2020-11-30,44,State,Washington,12395,23.77,460000,15,7,-16,12526,18.89,23311,-18.22,12703,14.1,265.33,16.42
2026-09-03,Monthly,2020-11-01,2020-11-30,46,State,West Virginia,1488,34.91,182750,14.15,68,-21,1434,15.21,5429,-15.23,1496,24.83,107.19,11.5
2026-09-03,Monthly,2020-11-01,2020-11-30,48,State,Wisconsin,7743,16.74,223000,14.36,55,-8,7899,6.38,24836,-18.57,8243,11.14,134.09,9.29
2026-09-03,Monthly,2020-11-01,2020-11-30,50,State,Wyoming,959,30.08,270000,9.76,74,-6,918,44.05,3626,-5.51,947,26.24,134.46,5.23
2026-09-03,Monthly,2020-10-01,2020-10-31,1,State,Alabama,7107,30.09,220000,16.15,60,-10,6516,12.75,24196,-10.22,7426,24.91,117.36,8.37
2026-09-03,Monthly,2020-10-01,2020-10-31,3,State,Alaska,1001,34.24,310000,10.71,39,-50,1127,22.16,3345,-31.63,1061,37.38,181.47,7.82
2026-09-03,Monthly,2020-10-01,2020-10-31,5,State,Arizona,13381,21.21,328000,17.35,38,-8,12824,8.25,35629,-9.53,16294,23.03,189.68,13.51
2026-09-03,Monthly,2020-10-01,2020-10-31,7,State,Arkansas,4026,26.65,186500,13.1,58,-11,3949,11,14422,-9.28,4179,25.13,111.3,10.15
2026-09-03,Monthly,2020-10-01,2020-10-31,9,State,California,37127,17.7,589000,12.19,29,-14,39428,15.54,102522,-14.66,43985,24.45,376.25,12.43
2026-09-03,Monthly,2020-10-01,2020-10-31,11,State,Colorado,12713,34.89,435000,13.73,30,-11,12100,19.41,29449,-13.65,13700,27.5,211.09,12.11
2026-09-03,Monthly,2020-10-01,2020-10-31,17,State,Columbia,968,23.54,675000,17.39,28,0,1277,28.75,3220,15.75,1044,11.58,522.15,7.45
2026-09-03,Monthly,2020-10-01,2020-10-31,13,State,Connecticut,5530,42.17,295000,22.97,57,-20,6337,30.43,19788,-15.13,6592,-14.56,167.65,13.88
2026-09-03,Monthly,2020-10-01,2020-10-31,15,State,Delaware,1724,31.58,285000,9.62,33,-12,1815,19.46,4637,-23.31,1956,21.8,156.31,11.76
2026-09-03,Monthly,2020-10-01,2020-10-31,19,State,Florida,48071,31.11,275000,13.84,48,-11,45474,3.11,162184,-14.89,53696,22.16,173.24,9.68
2026-09-03,Monthly,2020-10-01,2020-10-31,21,State,Georgia,16328,17.1,265000,17.78,38,-11,17461,-0.24,52601,-24,19540,18.49,129.71,11.64
2026-09-03,Monthly,2020-10-01,2020-10-31,25,State,Hawaii,1417,6.86,585000,2.65,73,-11,1652,-1.39,7770,-8.81,1635,4.36,536.79,7.88
2026-09-03,Monthly,2020-10-01,2020-10-31,27,State,Idaho,3729,25.24,352000,21.38,33,-12,3729,9.78,9030,-21.69,3499,20.14,205.19,21.66
2026-09-03,Monthly,2020-10-01,2020-10-31,29,State,Illinois,17294,34.44,235000,15.76,34,-46,18237,13.44,52637,-29.56,18964,27.95,148.87,11.68
2026-09-03,Monthly,2020-10-01,2020-10-31,31,State,Indiana,8963,13.33,190000,13.1,45,-7,8352,1.31,24589,-20.49,9492,17.83,107.39,12.38
2026-09-03,Monthly,2020-10-01,2020-10-31,33,State,Iowa,4002,17.76,182500,14.78,63,-6,3957,9.85,14534,-12.09,4084,20.99,125.44,10.57
2026-09-03,Monthly,2020-10-01,2020-10-31,35,State,Kansas,3899,28.76,214000,15.68,46,-9,3816,17.54,11391,-10.78,3975,29.69,113.22,14.12
2026-09-03,Monthly,2020-10-01,2020-10-31,37,State,Kentucky,4961,13.75,199000,13.71,36,-16,5354,9.51,14457,-24.82,5444,17.56,119.7,11.03
2026-09-03,Monthly,2020-10-01,2020-10-31,39,State,Louisiana,4475,19.08,220000,12.56,58,-11,4489,8.26,17457,-17.06,4689,25.54,123.91,9.75
2026-09-03,Monthly,2020-10-01,2020-10-31,41,State,Maine,2260,28.93,276000,22.67,26,-19,2596,31.64,6452,-27.75,2611,31.36,170.86,16.61
2026-09-03,Monthly,2020-10-01,2020-10-31,43,State,Maryland,9559,31.16,342328,14.11,23,-18,10444,23.68,23357,-23.1,10480,17.96,183.43,10.3
2026-09-03,Monthly,2020-10-01,2020-10-31,45,State,Massachusetts,8119,16.05,454000,14.94,24,-14,9693,21.52,23351,-15.84,9389,14.9,275.82,10.99
2026-09-03,Monthly,2020-10-01,2020-10-31,47,State,Michigan,14231,18.67,200000,14.29,30,-13,13884,-3.99,38009,-27.29,15111,18.97,123.04,10.25
2026-09-03,Monthly,2020-10-01,2020-10-31,49,State,Minnesota,8768,22.89,285000,14,24,-13,8863,10.1,24408,-16.53,9223,20.01,154.27,8.89
2026-09-03,Monthly,2020-10-01,2020-10-31,51,State,Mississippi,2250,13.52,197736,17.7,71,-11,2430,9.13,9970,-12.71,2192,14.74,110.48,11.05
2026-09-03,Monthly,2020-10-01,2020-10-31,2,State,Missouri,9017,21.67,205000,16.48,39,-10,8800,10.08,25075,-16.23,9870,22.8,117.34,9.91
2026-09-03,Monthly,2020-10-01,2020-10-31,4,State,Montana,1848,48.78,349900,16.67,71,-15,1806,37.51,6627,-6.38,1824,49.72,194.24,19.02
2026-09-03,Monthly,2020-10-01,2020-10-31,6,State,Nebraska,2327,20.37,220000,12.82,22,-11,2216,7.89,5782,-14.72,2163,12.16,116.87,8.08
2026-09-03,Monthly,2020-10-01,2020-10-31,8,State,Nevada,5414,14.09,335000,11.67,45,-14,5619,11.39,17059,-14.44,6752,20.72,192.42,9.07
2026-09-03,Monthly,2020-10-01,2020-10-31,10,State,New Hampshire,2310,20.05,325000,16.07,42,-16,2318,7.27,6434,-25.55,2574,11.02,182.22,9.85
2026-09-03,Monthly,2020-10-01,2020-10-31,12,State,New Jersey,13291,35.09,370000,17.46,64,-20,15430,27.42,51469,-11.02,14101,25.7,220.24,13.03
2026-09-03,Monthly,2020-10-01,2020-10-31,14,State,New Mexico,2611,21.96,252500,10.75,44,-14,2815,17.81,8068,-14.99,2745,-16.38,144.72,12.09
2026-09-03,Monthly,2020-10-01,2020-10-31,16,State,New York,14420,17.85,350357,16.79,52,-21,19707,16.38,77185,-5.92,17181,24.49,223.94,19.05
2026-09-03,Monthly,2020-10-01,2020-10-31,18,State,North Carolina,16748,21.64,273000,13.99,53,-11,16999,11.36,56729,-12.34,18410,23.03,142.59,9.57
2026-09-03,Monthly,2020-10-01,2020-10-31,20,State,North Dakota,871,25.56,237755,1.19,89,-7,801,8.51,3851,1.49,807,28.85,115.24,2.77
2026-09-03,Monthly,2020-10-01,2020-10-31,22,State,Ohio,14825,17.52,182200,15.17,44,-11,15412,7.06,42767,-19.61,17382,10.46,116.58,12.35
2026-09-03,Monthly,2020-10-01,2020-10-31,23,State,Oklahoma,5332,24.98,195200,15.5,31,-15,5035,6.11,13935,-20.63,5596,22.11,110.37,7.1
2026-09-03,Monthly,2020-10-01,2020-10-31,24,State,Oregon,6575,23.15,407000,12.12,23,-19,7129,20.52,15240,-26.06,7033,19.76,238.51,11.99
2026-09-03,Monthly,2020-10-01,2020-10-31,26,State,Pennsylvania,15866,29.29,223319,17.54,47,-9,15902,9.3,49048,-16.02,17218,20.66,139.72,12.93
2026-09-03,Monthly,2020-10-01,2020-10-31,58,State,Puerto Rico,NA,NA,NA,NA,NA,NA,NA,NA,NA,NA,NA,NA,NA,NA
2026-09-03,Monthly,2020-10-01,2020-10-31,28,State,Rhode Island,1573,22.57,325000,16.07,36,-17,1800,20.98,4409,-22.54,1969,28.25,183.66,8.74
2026-09-03,Monthly,2020-10-01,2020-10-31,30,State,South Carolina,9656,30.25,255000,14.35,68,-12,9435,8.49,37833,-6.62,10411,22.15,137.38,8.54
2026-09-03,Monthly,2020-10-01,2020-10-31,32,State,South Dakota,1033,21.37,242900,13.56,70,-7,948,-4.85,3833,-14.66,991,20.8,132.99,8.58
2026-09-03,Monthly,2020-10-01,2020-10-31,34,State,Tennessee,11285,19.31,265000,15.22,49,-11,11384,6.67,34775,-16.15,12385,13.06,144.59,9.58
2026-09-03,Monthly,2020-10-01,2020-10-31,36,State,Texas,36316,26.14,270000,10.88,34,-14,36338,3.47,105652,-19.27,40738,15.03,137.75,9.12
2026-09-03,Monthly,2020-10-01,2020-10-31,38,State,Utah,5139,25.19,373000,15.12,18,-18,4779,6.52,10851,-24.33,5526,18.77,176.46,16.82
2026-09-03,Monthly,2020-10-01,2020-10-31,40,State,Vermont,1029,32.9,289000,18.93,80,-12,1113,23.83,4168,-20.31,1215,26.33,168.27,12.07
2026-09-03,Monthly,2020-10-01,2020-10-31,42,State,Virginia,12695,21.09,330000,13.83,31,-14,14623,26.96,35747,-13.19,14751,25.8,169.41,10.96
2026-09-03,Monthly,2020-10-01,2020-10-31,44,State,Washington,12518,27.96,462500,17.09,8,-16,12921,25.13,23730,-17.39,12977,20.81,260.11,14.55
2026-09-03,Monthly,2020-10-01,2020-10-31,46,State,West Virginia,1446,27.85,180000,10.77,69,-22,1447,20.19,5570,-12.78,1527,26.78,106,10.02
2026-09-03,Monthly,2020-10-01,2020-10-31,48,State,Wisconsin,7832,18.08,227500,15.48,56,-8,8043,8.66,25433,-16.29,8415,16.01,133.14,10.01
2026-09-03,Monthly,2020-10-01,2020-10-31,50,State,Wyoming,943,20.41,279000,16.25,73,-12,878,16.61,3641,-6.8,935,18.23,138.03,11.59
2026-09-03,Monthly,2020-09-01,2020-09-30,1,State,Alabama,6677,20.23,224900,16.53,61,-15,6434,5.32,24290,-10.69,7082,10.57,116.86,9.33
2026-09-03,Monthly,2020-09-01,2020-09-30,3,State,Alaska,925,19.66,299000,2.75,46,-45,1138,12.33,3428,-29.91,1100,42.33,180.88,7.59
2026-09-03,Monthly,2020-09-01,2020-09-30,5,State,Arizona,12936,15.49,321000,16.73,39,-8,12869,8.85,35969,-9.95,16038,20.72,187.67,13.63
2026-09-03,Monthly,2020-09-01,2020-09-30,7,State,Arkansas,4066,29.13,185750,13.26,59,-10,4119,15.92,14700,-7.94,4179,26.62,108.91,7.41
2026-09-03,Monthly,2020-09-01,2020-09-30,9,State,California,37270,18.43,590000,13.68,32,-13,37880,7.5,101534,-17.69,45831,26.33,368.38,10.04
2026-09-03,Monthly,2020-09-01,2020-09-30,11,State,Colorado,12215,28.42,429900,12.54,32,-9,11658,10.02,30106,-13.25,13159,23.1,209.65,10.8
2026-09-03,Monthly,2020-09-01,2020-09-30,17,State,Columbia,1075,43.38,645000,12.17,25,-5,1050,0.42,3117,12.99,1060,14.46,522.81,8.67
2026-09-03,Monthly,2020-09-01,2020-09-30,13,State,Connecticut,5452,37.09,300000,23.94,58,-22,6324,23.43,19914,-15.82,6983,-0.08,164.47,11.27
2026-09-03,Monthly,2020-09-01,2020-09-30,15,State,Delaware,1710,27.46,291000,16.4,33,-12,1760,21.84,4677,-22.61,1945,20.4,152.05,10.06
2026-09-03,Monthly,2020-09-01,2020-09-30,19,State,Florida,45051,20.4,270000,10.66,51,-8,45507,3.68,166322,-12.43,53842,27.89,172.65,10.71
2026-09-03,Monthly,2020-09-01,2020-09-30,21,State,Georgia,16165,17.11,262000,14.23,43,-6,17660,-0.26,54199,-21.91,20027,21.18,128.75,11.64
2026-09-03,Monthly,2020-09-01,2020-09-30,25,State,Hawaii,1351,1.71,622000,5.42,78,-6,1612,-3.48,7806,-7.45,1668,12.67,552.29,5.14
2026-09-03,Monthly,2020-09-01,2020-09-30,27,State,Idaho,3823,29.57,350663,20.96,40,-4,3627,6.93,9361,-17.6,3723,27.78,199.95,20.1
2026-09-03,Monthly,2020-09-01,2020-09-30,29,State,Illinois,16771,30.7,236000,16.26,39,-41,18159,10.58,52785,-29.91,19432,29.16,148.53,12.01
2026-09-03,Monthly,2020-09-01,2020-09-30,31,State,Indiana,8842,12.37,190080,12.81,47,-6,8595,3.21,25179,-18.63,10834,29.57,105.24,10.33
2026-09-03,Monthly,2020-09-01,2020-09-30,33,State,Iowa,3912,14.48,181750,6.29,65,-5,3858,-0.61,14723,-11.88,3997,16.79,124.44,9.9
2026-09-03,Monthly,2020-09-01,2020-09-30,35,State,Kansas,3645,22,215000,16.22,46,-10,3755,10.88,11344,-12.1,3769,19.41,109.03,8.02
2026-09-03,Monthly,2020-09-01,2020-09-30,37,State,Kentucky,4838,12.4,195000,11.49,38,-13,5111,0.16,14379,-26,5233,13.39,116.55,9.7
2026-09-03,Monthly,2020-09-01,2020-09-30,39,State,Louisiana,4469,27.86,215000,8.93,61,-6,4491,2.8,17900,-15.41,4685,29.32,122.42,7.38
2026-09-03,Monthly,2020-09-01,2020-09-30,41,State,Maine,2220,23.85,271150,18.56,28,-17,2476,16.08,6389,-30.74,2586,23.86,167.38,13.32
2026-09-03,Monthly,2020-09-01,2020-09-30,43,State,Maryland,9204,23.11,340000,11.48,27,-14,9676,7.37,23011,-25.52,10538,19.26,179.3,8.29
2026-09-03,Monthly,2020-09-01,2020-09-30,45,State,Massachusetts,7938,14.54,470000,16.92,26,-13,8730,0.59,22852,-18.54,9098,8.07,272.3,10.52
2026-09-03,Monthly,2020-09-01,2020-09-30,47,State,Michigan,14058,16.57,206051,15.11,33,-8,13736,-5.02,38734,-26.29,14900,16.2,119.87,7.55
2026-09-03,Monthly,2020-09-01,2020-09-30,49,State,Minnesota,8524,19.28,279900,11.07,28,-8,8767,8.1,26105,-14.27,9314,21.07,153.41,9.44
2026-09-03,Monthly,2020-09-01,2020-09-30,51,State,Mississippi,2199,14.83,195000,14.71,73,-11,2495,4.57,10075,-12.62,2146,16.6,110.91,10.27
2026-09-03,Monthly,2020-09-01,2020-09-30,2,State,Missouri,8955,20.79,205000,17.14,42,-7,8724,7.45,25140,-16.54,9928,21.53,116.88,10.67
2026-09-03,Monthly,2020-09-01,2020-09-30,4,State,Montana,1794,46.01,349500,14.59,73,-13,1694,16.83,6773,-4.86,1762,46.6,187.21,16.07
2026-09-03,Monthly,2020-09-01,2020-09-30,6,State,Nebraska,2284,19.17,215056,10.28,23,-7,2232,-1.96,5965,-13.46,2267,19.22,115.99,8.76
2026-09-03,Monthly,2020-09-01,2020-09-30,8,State,Nevada,5394,12.5,335000,9.84,47,-11,5968,16.64,17465,-15.65,6748,19.33,191.03,9.18
2026-09-03,Monthly,2020-09-01,2020-09-30,10,State,New Hampshire,2157,13.66,329750,15.7,46,-13,2260,3.12,6458,-25.62,2623,13.15,180.5,11.49
2026-09-03,Monthly,2020-09-01,2020-09-30,12,State,New Jersey,12531,23.9,371500,18.88,68,-18,15467,19.02,51395,-12.37,14275,23.31,220.63,14.34
2026-09-03,Monthly,2020-09-01,2020-09-30,14,State,New Mexico,2583,16.79,249000,13.18,48,-11,2826,16.33,8120,-14.64,2679,-20.63,141.72,9.17
2026-09-03,Monthly,2020-09-01,2020-09-30,16,State,New York,13350,7.05,326000,5.93,58,-14,20297,12.99,77399,-6.03,17907,28.5,217.11,12.06
2026-09-03,Monthly,2020-09-01,2020-09-30,18,State,North Carolina,16659,21.77,270000,12.5,56,-9,16829,13.55,57341,-11.19,18298,24.04,140.65,8.62
2026-09-03,Monthly,2020-09-01,2020-09-30,20,State,North Dakota,870,25.93,235000,2.22,90,-9,842,9.81,3936,2.59,807,29.16,117.48,4.58
2026-09-03,Monthly,2020-09-01,2020-09-30,22,State,Ohio,14418,13.5,184900,15.42,45,-8,15454,4.63,43104,-19.32,17555,11.84,115.05,10.78
2026-09-03,Monthly,2020-09-01,2020-09-30,23,State,Oklahoma,5229,24.81,192550,14.61,31,-10,5108,11.85,14396,-18.43,5815,28.52,111.01,9.52
2026-09-03,Monthly,2020-09-01,2020-09-30,24,State,Oregon,6415,19.92,405000,12.81,24,-18,6286,3,14967,-28.98,6749,14.91,233.22,9.11
2026-09-03,Monthly,2020-09-01,2020-09-30,26,State,Pennsylvania,15694,25.31,222000,15.93,48,-7,15503,4.04,48968,-16.69,17403,22.02,137.27,11.55
2026-09-03,Monthly,2020-09-01,2020-09-30,58,State,Puerto Rico,NA,NA,NA,NA,NA,NA,NA,NA,NA,NA,NA,NA,NA,NA
2026-09-03,Monthly,2020-09-01,2020-09-30,28,State,Rhode Island,1443,17.79,325130,15.29,40,-15,1703,6.51,4347,-24.41,1734,3.25,184.42,11.65
2026-09-03,Monthly,2020-09-01,2020-09-30,30,State,South Carolina,9436,25.77,254000,12.94,70,-8,9533,12.7,38146,-5.78,10581,35.42,136.73,9.86
2026-09-03,Monthly,2020-09-01,2020-09-30,32,State,South Dakota,1092,22.9,236400,15.32,73,-4,1029,0.17,4007,-11.57,995,17.15,132.19,8.3
2026-09-03,Monthly,2020-09-01,2020-09-30,34,State,Tennessee,11128,15.73,260000,13.09,51,-10,11075,2.2,35504,-15.11,12293,12.26,142.79,10.35
2026-09-03,Monthly,2020-09-01,2020-09-30,36,State,Texas,35293,23.81,267500,9.18,37,-11,36159,2.33,106819,-18.72,40642,16.63,135.92,7.88
2026-09-03,Monthly,2020-09-01,2020-09-30,38,State,Utah,5154,25.66,369500,13.69,23,-13,4649,3.98,11186,-23.24,5405,10.6,174.43,15.72
2026-09-03,Monthly,2020-09-01,2020-09-30,40,State,Vermont,1131,51.19,288000,20.03,82,-11,1118,23.31,4225,-20.23,1247,35.96,166.37,17.26
2026-09-03,Monthly,2020-09-01,2020-09-30,42,State,Virginia,12342,18.56,327500,12,33,-12,13958,18.36,35349,-15.47,14644,23.29,167.38,10.09
2026-09-03,Monthly,2020-09-01,2020-09-30,44,State,Washington,11863,21.3,465000,17.72,8,-15,12035,14.74,23542,-19.7,12825,16.26,256.49,14.11
2026-09-03,Monthly,2020-09-01,2020-09-30,46,State,West Virginia,1424,26.78,180000,9.09,74,-16,1394,3.81,5649,-12.81,1505,26.63,105.04,8.96
2026-09-03,Monthly,2020-09-01,2020-09-30,48,State,Wisconsin,7846,18.36,229900,17.9,56,-8,8165,6.21,25812,-15.1,8558,16.59,131.76,10.21
2026-09-03,Monthly,2020-09-01,2020-09-30,50,State,Wyoming,983,25.91,269900,10.16,78,1,853,11.66,3729,-5.43,985,26.43,132.66,10.03
2026-09-03,Monthly,2020-08-01,2020-08-31,1,State,Alabama,6841,26.1,225000,16.64,65,-9,6477,13.12,24509,-10,7383,27.64,116.71,11.12
2026-09-03,Monthly,2020-08-01,2020-08-31,3,State,Alaska,970,28.45,304900,5.17,69,-25,1055,6.98,3608,-24.96,1137,52.17,178.39,5.92
2026-09-03,Monthly,2020-08-01,2020-08-31,5,State,Arizona,13001,14.56,320000,16.36,41,-8,12678,7.02,35871,-11.95,15197,14.9,185.54,13.02
2026-09-03,Monthly,2020-08-01,2020-08-31,7,State,Arkansas,3981,24.77,185000,8.89,60,-9,3867,10.6,14737,-7.67,4101,25.32,109.58,10.49
2026-09-03,Monthly,2020-08-01,2020-08-31,9,State,California,36026,12.27,575000,10.41,37,-8,37250,5.96,102042,-18.56,43213,17.16,372.51,14.13
2026-09-03,Monthly,2020-08-01,2020-08-31,11,State,Colorado,12103,25.3,425000,10.39,36,-5,11833,11.84,31386,-9.91,13114,32,207.77,11
2026-09-03,Monthly,2020-08-01,2020-08-31,17,State,Columbia,962,20.07,650000,13.04,26,-2,1457,59.77,3348,25.93,1173,33.22,576.23,21.46
2026-09-03,Monthly,2020-08-01,2020-08-31,13,State,Connecticut,5383,34.4,300000,16.05,63,-16,6248,27.76,19758,-16.87,6788,-2.79,165.16,13.19
2026-09-03,Monthly,2020-08-01,2020-08-31,15,State,Delaware,1694,29.32,285000,10.36,39,-14,1673,6.91,4716,-22.95,2055,27.43,154.62,9.01
2026-09-03,Monthly,2020-08-01,2020-08-31,19,State,Florida,43990,17.53,272000,11.48,54,-4,45424,4.98,169951,-11.15,53036,24.47,171.44,10.62
2026-09-03,Monthly,2020-08-01,2020-08-31,21,State,Georgia,16074,15.28,262000,13.91,48,-2,17423,-1.23,56240,-18.91,19953,23.62,127.56,10.79
2026-09-03,Monthly,2020-08-01,2020-08-31,25,State,Hawaii,1325,-1.5,607000,9.67,82,-3,1731,3.58,7850,-6.89,1620,9.96,545.8,5.41
2026-09-03,Monthly,2020-08-01,2020-08-31,27,State,Idaho,3816,24.84,344495,18.79,45,1,3451,5.27,9879,-13.16,3817,26.65,194.45,16.97
2026-09-03,Monthly,2020-08-01,2020-08-31,29,State,Illinois,16344,23.93,240000,11.37,41,-39,18392,13.16,53140,-29.3,19680,33.13,149.64,13.62
2026-09-03,Monthly,2020-08-01,2020-08-31,31,State,Indiana,8656,9.44,191000,12.35,50,-3,7980,-3.06,25190,-18.53,9030,9.99,104.18,9.93
2026-09-03,Monthly,2020-08-01,2020-08-31,33,State,Iowa,3803,11.09,189000,11.18,68,0,3713,-3.67,14907,-10.09,3847,11.32,123.94,7.2
2026-09-03,Monthly,2020-08-01,2020-08-31,35,State,Kansas,3575,11.3,213118,12.17,50,-5,3678,9.76,11478,-12.14,3811,17.79,110.16,11.1
2026-09-03,Monthly,2020-08-01,2020-08-31,37,State,Kentucky,4864,12.57,199501,13.68,41,-12,5059,0.88,14666,-24.65,5327,14.47,117.09,10.07
2026-09-03,Monthly,2020-08-01,2020-08-31,39,State,Louisiana,4349,20.85,215000,9.14,65,-4,4431,2.03,18402,-12.07,4640,27.06,122.75,8.38
2026-09-03,Monthly,2020-08-01,2020-08-31,41,State,Maine,2103,9.54,266000,14.9,32,-13,2263,5.82,6432,-31.11,2633,26.3,168.5,14.51
2026-09-03,Monthly,2020-08-01,2020-08-31,43,State,Maryland,8696,14.99,339736,9.63,32,-10,9553,9.06,23280,-24.23,10553,17.5,179.6,10.09
2026-09-03,Monthly,2020-08-01,2020-08-31,45,State,Massachusetts,7787,9.13,475000,11.76,29,-8,9740,21.89,23671,-14.52,9575,20.47,279.27,15.72
2026-09-03,Monthly,2020-08-01,2020-08-31,47,State,Michigan,14015,15.9,200000,8.17,36,-5,13510,-6.71,40192,-23.04,15091,17.99,120.94,10.48
2026-09-03,Monthly,2020-08-01,2020-08-31,49,State,Minnesota,8372,13.9,282950,9.25,31,-4,8520,7.88,27060,-14.46,9235,19.7,152.54,8.51
2026-09-03,Monthly,2020-08-01,2020-08-31,51,State,Mississippi,2220,15.3,191000,9.14,76,-4,2276,2.42,10154,-11.68,2139,13.91,108.83,11.5
2026-09-03,Monthly,2020-08-01,2020-08-31,2,State,Missouri,8810,16.89,205000,13.89,45,-6,8379,3.07,25088,-16.56,9595,19.99,115.46,10.98
2026-09-03,Monthly,2020-08-01,2020-08-31,4,State,Montana,1762,37.65,339950,13.35,79,-5,1834,22.74,6889,-3.75,1707,37.94,185.8,16.97
2026-09-03,Monthly,2020-08-01,2020-08-31,6,State,Nebraska,2205,7.38,215000,9.02,26,-6,2292,2.3,6223,-8.17,2214,15.17,115.66,7.48
2026-09-03,Monthly,2020-08-01,2020-08-31,8,State,Nevada,4966,1.97,330000,10.04,56,-5,5597,6.16,17416,-18.19,6744,19.26,188.72,7.53
2026-09-03,Monthly,2020-08-01,2020-08-31,10,State,New Hampshire,2135,10.38,330000,13.83,47,-12,2288,4.42,6536,-24.99,2606,13.06,179.59,12.42
2026-09-03,Monthly,2020-08-01,2020-08-31,12,State,New Jersey,11932,16.22,370000,13.85,71,-15,15813,31.58,50375,-15.04,14000,22.19,221.01,17.09
2026-09-03,Monthly,2020-08-01,2020-08-31,14,State,New Mexico,2538,12.88,250000,13.64,52,-6,2689,14.04,8114,-15.26,2773,-19.31,140.91,8.85
2026-09-03,Monthly,2020-08-01,2020-08-31,16,State,New York,11512,-9.22,314000,-2.39,69,0,21198,24.07,76493,-5.98,17653,30.47,233.38,28.75
2026-09-03,Monthly,2020-08-01,2020-08-31,18,State,North Carolina,16281,18.71,272000,13.33,60,-5,16132,6.73,57579,-10.6,17814,22.08,139.47,8.93
2026-09-03,Monthly,2020-08-01,2020-08-31,20,State,North Dakota,890,21.55,235000,4.44,95,1,848,10.77,3991,3.18,811,25.35,117.14,3.33
2026-09-03,Monthly,2020-08-01,2020-08-31,22,State,Ohio,14207,10.48,185000,12.12,47,-8,14844,3.26,42810,-19.89,17448,12.58,114.1,10.89
2026-09-03,Monthly,2020-08-01,2020-08-31,23,State,Oklahoma,5066,18.52,195000,15.38,31,-9,4906,5.41,14773,-17.38,5708,25.4,109.67,8.97
2026-09-03,Monthly,2020-08-01,2020-08-31,24,State,Oregon,6198,12.92,403098,10.44,30,-13,6525,10.43,15848,-25.47,7102,20.25,231.72,9.8
2026-09-03,Monthly,2020-08-01,2020-08-31,26,State,Pennsylvania,15460,21.38,225000,9.76,51,-5,15599,6.72,49852,-15.16,17563,21.51,137.52,12.21
2026-09-03,Monthly,2020-08-01,2020-08-31,58,State,Puerto Rico,NA,NA,NA,NA,NA,NA,NA,NA,NA,NA,NA,NA,NA,NA
2026-09-03,Monthly,2020-08-01,2020-08-31,28,State,Rhode Island,1388,7.08,320000,12.28,45,-8,1679,7.44,4304,-24.68,1740,18.48,180.01,8.59
2026-09-03,Monthly,2020-08-01,2020-08-31,30,State,South Carolina,9320,22.54,252485,12.02,78,0,9248,6.47,38280,-6.88,10340,25.22,136.05,9.13
2026-09-03,Monthly,2020-08-01,2020-08-31,32,State,South Dakota,996,8.72,231000,7.44,80,3,959,-8.19,4073,-11.07,944,10.72,130.5,8.23
2026-09-03,Monthly,2020-08-01,2020-08-31,34,State,Tennessee,10737,9.73,260000,13.04,53,-8,10963,3.43,35857,-14.14,12096,10.88,141.33,10.27
2026-09-03,Monthly,2020-08-01,2020-08-31,36,State,Texas,34388,16.26,267500,8.34,41,-8,35853,2.62,108831,-17.56,40586,17.39,135.2,8.15
2026-09-03,Monthly,2020-08-01,2020-08-31,38,State,Utah,4986,16.15,363000,11.69,26,-10,4685,5.02,11873,-18.87,5624,20.89,170.97,15.36
2026-09-03,Monthly,2020-08-01,2020-08-31,40,State,Vermont,1015,36.86,282000,13.84,84,-10,1148,19.99,4268,-20.5,1316,47.32,162.57,11.26
2026-09-03,Monthly,2020-08-01,2020-08-31,42,State,Virginia,12025,15,329000,10.03,37,-9,13528,17.14,35431,-15.41,14221,13.33,167.31,10.65
2026-09-03,Monthly,2020-08-01,2020-08-31,44,State,Washington,11232,10.45,460000,15,9,-16,12155,18.7,24293,-17.88,12794,20.71,255.08,15.33
2026-09-03,Monthly,2020-08-01,2020-08-31,46,State,West Virginia,1348,22.91,182500,7.99,83,-6,1406,11.53,5676,-11.02,1477,19.27,104.37,8.47
2026-09-03,Monthly,2020-08-01,2020-08-31,48,State,Wisconsin,7731,14.62,235000,13.91,59,-4,8113,5.92,26022,-14.88,8605,21.95,129.7,7.57
2026-09-03,Monthly,2020-08-01,2020-08-31,50,State,Wyoming,987,26.15,265000,9.96,75,-5,917,13.62,3823,-4.33,982,25.96,130.3,6.97
2026-09-03,Monthly,2020-07-01,2020-07-31,1,State,Alabama,7001,32.64,218000,9.56,67,-10,6218,8.96,24806,-9.66,7407,26.99,114.94,9.39
2026-09-03,Monthly,2020-07-01,2020-07-31,3,State,Alaska,883,13.29,312000,9.13,82,-9,1019,7.04,4239,-12.24,1107,40.37,177.13,6.61
2026-09-03,Monthly,2020-07-01,2020-07-31,5,State,Arizona,13206,18.72,308000,12,48,-2,12550,6.41,36212,-13.65,14691,8.23,182.98,12.85
2026-09-03,Monthly,2020-07-01,2020-07-31,7,State,Arkansas,4076,24.8,186375,8.99,61,-10,3869,10.08,15200,-5.55,4208,27.82,108.13,9.68
2026-09-03,Monthly,2020-07-01,2020-07-31,9,State,California,34530,7.55,565000,7.21,41,-4,36169,1.94,103519,-19.22,42399,13.94,368.25,13.84
2026-09-03,Monthly,2020-07-01,2020-07-31,11,State,Colorado,11912,23.02,420000,9.09,39,-1,11272,8.75,32641,-6.72,13299,49.17,201.27,7.96
2026-09-03,Monthly,2020-07-01,2020-07-31,17,State,Columbia,863,17.61,641000,10.28,33,6,1264,40.28,3065,14.91,1084,23.44,528.07,12.02
2026-09-03,Monthly,2020-07-01,2020-07-31,13,State,Connecticut,5119,26.26,297250,14.33,68,-12,6075,24.58,19617,-18.6,6840,-0.01,166.3,13.63
2026-09-03,Monthly,2020-07-01,2020-07-31,15,State,Delaware,1565,17.12,280000,9.8,48,1,1691,14.03,4929,-19.68,2081,33.15,153.42,9.73
2026-09-03,Monthly,2020-07-01,2020-07-31,19,State,Florida,42322,12.54,270000,10.2,64,3,44470,0.72,174056,-10.68,54053,24.07,169.21,9.75
2026-09-03,Monthly,2020-07-01,2020-07-31,21,State,Georgia,15866,14.43,256900,10.49,54,2,17545,-0.77,58683,-15.73,19330,15.1,124.82,10.08
2026-09-03,Monthly,2020-07-01,2020-07-31,25,State,Hawaii,1193,-15.79,570000,-1.08,86,7,1521,-13.49,7721,-9.07,1535,0.94,543.72,4.89
2026-09-03,Monthly,2020-07-01,2020-07-31,27,State,Idaho,3607,17.2,335000,15.92,53,9,3204,-3.07,10438,-8.66,3909,27.43,190.14,14.98
2026-09-03,Monthly,2020-07-01,2020-07-31,29,State,Illinois,15210,13.74,235000,6.82,49,-26,17512,8.2,53433,-28.64,19666,30.6,146.25,11.22
2026-09-03,Monthly,2020-07-01,2020-07-31,31,State,Indiana,8567,8.61,191000,10.4,52,0,7760,-5.61,25872,-16.49,9115,9.33,104.46,10.51
2026-09-03,Monthly,2020-07-01,2020-07-31,33,State,Iowa,3895,17.92,184900,5.72,69,-1,3900,2.1,15585,-5.37,4028,18.53,123.58,7.07
2026-09-03,Monthly,2020-07-01,2020-07-31,35,State,Kansas,3546,13.45,216000,8.54,51,-4,3578,6.61,11631,-11.66,3792,17.81,107.6,9.15
2026-09-03,Monthly,2020-07-01,2020-07-31,37,State,Kentucky,4808,12.27,199900,11.12,45,-7,4843,-2.61,15150,-22.7,5190,12.26,115.12,7.84
2026-09-03,Monthly,2020-07-01,2020-07-31,39,State,Louisiana,4456,28.4,213500,6.3,72,4,4528,10.9,19219,-7.22,4620,31.65,119.51,5.26
2026-09-03,Monthly,2020-07-01,2020-07-31,41,State,Maine,2057,12.7,254900,10.83,40,-3,2068,-7.65,6631,-30.14,2515,20.21,165.19,13.68
2026-09-03,Monthly,2020-07-01,2020-07-31,43,State,Maryland,8419,11.31,336000,6.67,39,-7,8646,0.52,23770,-24.42,10593,19.95,176.66,8.96
2026-09-03,Monthly,2020-07-01,2020-07-31,45,State,Massachusetts,7533,6.95,460000,6.98,33,0,8992,13.95,23503,-17.21,9407,17.3,275.64,14.3
2026-09-03,Monthly,2020-07-01,2020-07-31,47,State,Michigan,14091,17.31,204900,12.23,39,-3,13388,-7.38,42231,-19.11,15312,20.24,119.22,9.81
2026-09-03,Monthly,2020-07-01,2020-07-31,49,State,Minnesota,8356,14.09,280000,7.69,35,0,7845,-1.46,27614,-13.87,8773,12.44,150.57,8.48
2026-09-03,Monthly,2020-07-01,2020-07-31,51,State,Mississippi,2173,15.25,195000,10.86,83,1,2384,4.08,10501,-9.18,2158,17.14,107.23,8.46
2026-09-03,Monthly,2020-07-01,2020-07-31,2,State,Missouri,8954,20.96,200600,10.22,49,-1,8195,0.46,25605,-15.16,9767,23.14,114.04,10.63
2026-09-03,Monthly,2020-07-01,2020-07-31,4,State,Montana,1667,23.02,339000,12.44,80,-4,1620,10.8,6894,-4.49,1614,21.59,176.9,14.24
2026-09-03,Monthly,2020-07-01,2020-07-31,6,State,Nebraska,2182,9.89,224000,12,30,0,2182,3.07,6251,-7.11,2148,7.73,113.33,6.55
2026-09-03,Monthly,2020-07-01,2020-07-31,8,State,Nevada,5038,8.05,329900,11.08,60,2,5045,-4.54,17657,-19.18,6484,10.71,185.86,6.68
2026-09-03,Monthly,2020-07-01,2020-07-31,10,State,New Hampshire,2035,4.72,320000,12.28,50,-8,2155,-3.62,6513,-25.86,2517,8.85,177.81,10.46
2026-09-03,Monthly,2020-07-01,2020-07-31,12,State,New Jersey,10018,-1.74,349000,7.38,76,-10,14367,18.8,48615,-19.9,13656,18.11,217.66,15.9
2026-09-03,Monthly,2020-07-01,2020-07-31,14,State,New Mexico,2487,16.25,245000,8.94,53,-8,2461,4.71,8053,-17.32,2646,-24.23,140.07,10.02
2026-09-03,Monthly,2020-07-01,2020-07-31,16,State,New York,9793,-24.99,310000,-4.3,82,13,21520,24.65,73635,-10.73,16707,19.94,236.78,33.84
2026-09-03,Monthly,2020-07-01,2020-07-31,18,State,North Carolina,16489,22.05,266500,9.22,64,0,15769,5.97,58981,-8.16,17748,22.99,138.91,9.34
2026-09-03,Monthly,2020-07-01,2020-07-31,20,State,North Dakota,865,21.74,230000,-1.29,96,1,841,9.69,4046,5.01,804,26.19,117.48,6.38
2026-09-03,Monthly,2020-07-01,2020-07-31,22,State,Ohio,13860,8.22,185000,8.82,48,-6,14065,-2.18,43381,-19.5,16972,7.05,112.41,9.96
2026-09-03,Monthly,2020-07-01,2020-07-31,23,State,Oklahoma,4973,15.71,190000,8.91,33,-6,4613,-0.81,15211,-15.91,5583,19.47,108.85,8.22
2026-09-03,Monthly,2020-07-01,2020-07-31,24,State,Oregon,6120,14.52,398000,9.04,41,-2,6062,2.09,16541,-24.11,7098,15.24,228.22,8.64
2026-09-03,Monthly,2020-07-01,2020-07-31,26,State,Pennsylvania,14708,16.37,220000,4.76,57,0,15470,5.95,51211,-14.06,18139,30.11,136.98,14.31
2026-09-03,Monthly,2020-07-01,2020-07-31,58,State,Puerto Rico,NA,NA,NA,NA,NA,NA,NA,NA,NA,NA,NA,NA,NA,NA
2026-09-03,Monthly,2020-07-01,2020-07-31,28,State,Rhode Island,1344,1.08,310000,10.22,55,1,1538,6.48,4346,-24.55,1677,15.84,178.81,9.66
2026-09-03,Monthly,2020-07-01,2020-07-31,30,State,South Carolina,9429,24.9,249500,9.19,83,4,9119,4.77,38927,-5.88,10166,22.11,134.69,10.71
2026-09-03,Monthly,2020-07-01,2020-07-31,32,State,South Dakota,1011,15.6,230000,6.51,79,4,945,-6.97,4256,-5.64,978,18.44,130.13,7.24
2026-09-03,Monthly,2020-07-01,2020-07-31,34,State,Tennessee,11216,15.6,259000,10.45,57,-5,10454,0.86,37136,-11.64,12155,12.17,139.79,9.89
2026-09-03,Monthly,2020-07-01,2020-07-31,36,State,Texas,35396,21.96,270000,8.1,47,-2,35182,0.17,113280,-14.87,39899,15.69,133.92,7.63
2026-09-03,Monthly,2020-07-01,2020-07-31,38,State,Utah,5097,16.18,356000,10.25,31,-3,4528,-0.05,12602,-15.23,5615,17.2,168.95,14.29
2026-09-03,Monthly,2020-07-01,2020-07-31,40,State,Vermont,930,21.31,258000,4.45,91,-1,1039,4,4264,-21.04,1284,46.57,159.45,9.27
2026-09-03,Monthly,2020-07-01,2020-07-31,42,State,Virginia,11667,11.62,332000,8.85,44,-4,12524,9.4,35732,-15.96,14292,23.84,165.37,9.85
2026-09-03,Monthly,2020-07-01,2020-07-31,44,State,Washington,10758,6.45,445000,10.97,13,-12,10901,6.03,24145,-21.91,12422,12.93,248.88,12.27
2026-09-03,Monthly,2020-07-01,2020-07-31,46,State,West Virginia,1339,19.5,180500,3.2,84,-2,1304,2.65,5723,-11.09,1474,23.31,103.3,7.56
2026-09-03,Monthly,2020-07-01,2020-07-31,48,State,Wisconsin,7653,13.27,226800,10.63,59,-5,7516,-1.73,26140,-14.88,8273,13.95,129.2,8.77
2026-09-03,Monthly,2020-07-01,2020-07-31,50,State,Wyoming,900,7.72,260000,4,82,3,862,6.96,3812,-6.53,910,9.62,131.97,9.81
2026-09-03,Monthly,2020-06-01,2020-06-30,1,State,Alabama,6445,25.19,217000,8.28,71,-5,5895,0.33,25052,-9.09,7045,24.38,112.92,7.97
2026-09-03,Monthly,2020-06-01,2020-06-30,3,State,Alaska,661,-13.07,297000,3.3,90,3,1015,7.56,4397,-9.82,751,2.23,175.44,6.22
2026-09-03,Monthly,2020-06-01,2020-06-30,5,State,Arizona,11119,0.39,299999,9.89,50,-1,11882,-1.78,36801,-15.29,14542,7.72,179.16,11.95
2026-09-03,Monthly,2020-06-01,2020-06-30,7,State,Arkansas,3769,19.27,184000,7.97,64,-7,3769,4.77,15333,-5.16,3989,23.91,107.09,7.5
2026-09-03,Monthly,2020-06-01,2020-06-30,9,State,California,26206,-17.73,530000,0,46,1,34057,-6.48,103001,-21.4,37495,3.91,358.9,10.02
2026-09-03,Monthly,2020-06-01,2020-06-30,11,State,Colorado,9444,-1.96,406000,5.05,42,1,10547,-4.62,33209,-6.79,11714,9.65,198.78,7.91
2026-09-03,Monthly,2020-06-01,2020-06-30,17,State,Columbia,621,-20.88,620000,1.64,38,13,947,1.01,2788,3.04,994,14.86,504.45,6.79
2026-09-03,Monthly,2020-06-01,2020-06-30,13,State,Connecticut,3609,-12.04,275000,4.48,75,-3,5716,11.38,18973,-23.96,6700,-1.79,161.75,10.82
2026-09-03,Monthly,2020-06-01,2020-06-30,15,State,Delaware,1157,-15.69,275000,7.84,62,10,1523,-0.03,4994,-19.75,2049,32.49,149.22,7.41
2026-09-03,Monthly,2020-06-01,2020-06-30,19,State,Florida,33178,-11.54,260000,4.84,64,3,43754,-1.86,176987,-10.98,51448,17.48,166.61,8.17
2026-09-03,Monthly,2020-06-01,2020-06-30,21,State,Georgia,15141,8.44,249900,6.34,59,9,17086,-1.54,61317,-12.42,18462,10.42,123.42,9.22
2026-09-03,Monthly,2020-06-01,2020-06-30,25,State,Hawaii,864,-34.94,593340,4.09,89,5,1376,-15.64,7499,-11.3,1528,2.46,528.21,3.64
2026-09-03,Monthly,2020-06-01,2020-06-30,27,State,Idaho,3098,-2.8,315000,9.57,56,9,2860,-11.55,10945,-4.24,3502,9.64,182.72,10.72
2026-09-03,Monthly,2020-06-01,2020-06-30,29,State,Illinois,11100,-17.52,223000,-1.55,57,-17,16328,-2.53,53593,-28.3,18187,18.56,142.91,8
2026-09-03,Monthly,2020-06-01,2020-06-30,31,State,Indiana,7457,-4.68,184900,5.66,54,2,7347,-9.33,26398,-15.05,8646,2.46,102.15,8.59
2026-09-03,Monthly,2020-06-01,2020-06-30,33,State,Iowa,3580,5.05,180000,1.12,74,5,3654,-2.29,15630,-4.27,3762,11.45,121.65,7.64
2026-09-03,Monthly,2020-06-01,2020-06-30,35,State,Kansas,3218,1.54,204900,-1.25,53,-2,3336,-2.66,11801,-10.56,3780,21.37,105.96,8.56
2026-09-03,Monthly,2020-06-01,2020-06-30,37,State,Kentucky,4612,6.81,192250,5.05,49,-3,4636,-8,15703,-19.77,5196,12.73,114.55,9.04
2026-09-03,Monthly,2020-06-01,2020-06-30,39,State,Louisiana,3973,12.16,209000,0.48,76,7,4338,1,19497,-5.76,4335,17.81,119.11,5.95
2026-09-03,Monthly,2020-06-01,2020-06-30,41,State,Maine,1584,-13.5,248000,3.77,46,6,1923,-16.77,6924,-27.26,2374,10.14,162.22,12
2026-09-03,Monthly,2020-06-01,2020-06-30,43,State,Maryland,6820,-8.37,330000,4.43,50,6,8027,-10.09,24371,-23.77,10579,18.21,172.91,6.24
2026-09-03,Monthly,2020-06-01,2020-06-30,45,State,Massachusetts,5533,-22.15,440000,1.15,36,13,8262,-2.73,23181,-16.34,8565,3.81,270.07,10.81
2026-09-03,Monthly,2020-06-01,2020-06-30,47,State,Michigan,9366,-22.03,195000,5.98,46,5,13175,-9.66,43604,-17.09,12890,0.7,117.03,8.4
2026-09-03,Monthly,2020-06-01,2020-06-30,49,State,Minnesota,6973,-4.35,274000,4.38,39,4,7180,-11.82,27999,-11.88,8414,5.38,147.97,6.45
2026-09-03,Monthly,2020-06-01,2020-06-30,51,State,Mississippi,2080,8.68,191900,7.21,87,4,2199,-6.12,10622,-8.31,2002,7.93,106.51,8.15
2026-09-03,Monthly,2020-06-01,2020-06-30,2,State,Missouri,7738,5.03,197000,3.74,51,3,8084,-2.55,26111,-13.35,9203,15.45,112.34,8.71
2026-09-03,Monthly,2020-06-01,2020-06-30,4,State,Montana,1270,-0.05,309900,1.96,85,2,1386,-8.75,6754,-6.62,1347,4.91,176.33,16.77
2026-09-03,Monthly,2020-06-01,2020-06-30,6,State,Nebraska,2065,6.96,210000,5,41,12,2104,-5.85,6426,-4.7,2142,8.07,114.02,6.76
2026-09-03,Monthly,2020-06-01,2020-06-30,8,State,Nevada,3515,-22.97,325000,8.88,60,3,4518,-20.53,17767,-19.86,5931,4.7,184.51,7.32
2026-09-03,Monthly,2020-06-01,2020-06-30,10,State,New Hampshire,1729,-15.07,312000,4.35,53,-6,2124,-6.13,6721,-24.11,2519,8.03,175.78,10.47
2026-09-03,Monthly,2020-06-01,2020-06-30,12,State,New Jersey,7560,-27.11,335000,4.69,97,13,13094,3.19,46582,-25.69,12941,7.87,211.88,12.59
2026-09-03,Monthly,2020-06-01,2020-06-30,14,State,New Mexico,2039,-5.61,230000,3.14,59,-1,2229,-11.23,8173,-17.55,2748,-21.29,138.12,8.06
2026-09-03,Monthly,2020-06-01,2020-06-30,16,State,New York,8890,-33.49,329500,-2.51,84,12,18493,6.92,66889,-19.63,13393,-4.88,214.96,17.92
2026-09-03,Monthly,2020-06-01,2020-06-30,18,State,North Carolina,13701,1.28,259000,4.65,66,2,14866,-2.2,59439,-7.74,16776,13.21,136.67,7.92
2026-09-03,Monthly,2020-06-01,2020-06-30,20,State,North Dakota,648,-3.18,235000,3.52,100,7,791,6.1,3947,3.23,615,4.08,115.85,3.62
2026-09-03,Monthly,2020-06-01,2020-06-30,22,State,Ohio,11903,-7.82,179900,2.86,50,-3,13483,-7.06,43940,-19.07,16770,4.2,111.49,9.25
2026-09-03,Monthly,2020-06-01,2020-06-30,23,State,Oklahoma,4605,9.66,188000,6.52,38,-1,4813,4.63,16078,-12.3,5603,19.62,107.76,8.27
2026-09-03,Monthly,2020-06-01,2020-06-30,24,State,Oregon,4778,-8.94,380000,2.98,51,9,5308,-15.39,17026,-22.99,6657,8.87,223.3,6.94
2026-09-03,Monthly,2020-06-01,2020-06-30,26,State,Pennsylvania,7729,-40.58,216300,0.14,74,17,15282,4.52,50223,-17.06,17093,21.25,131.92,9.4
2026-09-03,Monthly,2020-06-01,2020-06-30,58,State,Puerto Rico,NA,NA,NA,NA,NA,NA,NA,NA,NA,NA,NA,NA,NA,NA
2026-09-03,Monthly,2020-06-01,2020-06-30,28,State,Rhode Island,969,-28.37,299900,5.23,56,-1,1337,-12.39,4304,-28.11,1560,3.61,176.48,6.71
2026-09-03,Monthly,2020-06-01,2020-06-30,30,State,South Carolina,7767,3.2,242000,5.22,85,7,8937,2.86,38962,-5.94,9716,17.79,133.41,7.55
2026-09-03,Monthly,2020-06-01,2020-06-30,32,State,South Dakota,865,-0.35,230000,6.98,78,6,882,-16.26,4298,-3.44,904,8.75,127,4.71
2026-09-03,Monthly,2020-06-01,2020-06-30,34,State,Tennessee,9579,-0.54,250000,5.04,59,-1,10004,-7.85,38705,-8.75,12067,10.34,139.5,9.13
2026-09-03,Monthly,2020-06-01,2020-06-30,36,State,Texas,30580,7.08,260000,3.97,51,3,34906,-1.25,119310,-10.81,40165,17.61,132.14,6.72
2026-09-03,Monthly,2020-06-01,2020-06-30,38,State,Utah,4440,4.66,349900,7,33,-2,4356,-7.17,13514,-10.57,5437,11.92,162.3,9.88
2026-09-03,Monthly,2020-06-01,2020-06-30,40,State,Vermont,638,-16.3,260000,6.12,98,3,941,-7,4219,-22.81,1182,30.17,154.28,5.3
2026-09-03,Monthly,2020-06-01,2020-06-30,42,State,Virginia,11128,6.19,315000,0.96,51,2,10963,-6.37,35572,-18.13,13394,15.68,161.84,7.77
2026-09-03,Monthly,2020-06-01,2020-06-30,44,State,Washington,8946,-13.04,435000,6.1,18,-6,9513,-11.05,24141,-24.56,11381,0.13,244.91,11.17
2026-09-03,Monthly,2020-06-01,2020-06-30,46,State,West Virginia,1138,-4.16,174900,2.88,97,9,1268,-0.27,5669,-12.56,1351,9.76,102.26,6.43
2026-09-03,Monthly,2020-06-01,2020-06-30,48,State,Wisconsin,6501,-2.59,225000,4.65,61,-2,7025,-10.03,26323,-15.02,8000,7.83,128.59,8.28
2026-09-03,Monthly,2020-06-01,2020-06-30,50,State,Wyoming,727,-12.72,249900,2.88,80,-6,807,-4.67,3709,-10.27,699,-12.5,129.08,8.39
2026-09-03,Monthly,2020-05-01,2020-05-31,1,State,Alabama,5064,-2.92,210000,5,71,-7,5773,-4.21,25011,-9.95,5950,4.17,112.04,7.93
2026-09-03,Monthly,2020-05-01,2020-05-31,3,State,Alaska,641,-16.03,295000,3.51,88,-1,989,-1.23,4329,-13.49,630,-18.78,175.44,5.54
2026-09-03,Monthly,2020-05-01,2020-05-31,5,State,Arizona,8500,-23.04,285000,5.17,47,-5,11861,-3.08,37222,-17.09,12988,-3.98,174.49,9.02
2026-09-03,Monthly,2020-05-01,2020-05-31,7,State,Arkansas,3011,-9.28,175000,3.4,67,-1,3685,5.44,15268,-6.85,3628,4.03,106.61,6.92
2026-09-03,Monthly,2020-05-01,2020-05-31,9,State,California,18574,-41.62,507000,-2.78,46,0,32630,-14.56,100585,-24.62,27554,-24.76,348.19,6.07
2026-09-03,Monthly,2020-05-01,2020-05-31,11,State,Colorado,6041,-36.84,396950,1.81,42,2,10756,-4.21,32883,-7.6,9155,-13.84,194.92,5.99
2026-09-03,Monthly,2020-05-01,2020-05-31,17,State,Columbia,515,-35.48,649000,9.09,41,14,801,-20.69,2609,-5.5,816,-6.39,504.78,6.86
2026-09-03,Monthly,2020-05-01,2020-05-31,13,State,Connecticut,3751,-8.02,265000,3.92,73,-8,4246,-20.83,18227,-28.96,5403,-20.99,158.46,8.2
2026-09-03,Monthly,2020-05-01,2020-05-31,15,State,Delaware,1053,-17.95,255900,4.45,43,-9,1149,-25.31,4963,-20.79,1536,0.37,144.57,5.24
2026-09-03,Monthly,2020-05-01,2020-05-31,19,State,Florida,24319,-35.35,250650,2.35,60,-3,42042,-7.59,177534,-12.52,40384,-7.71,162.99,6.43
2026-09-03,Monthly,2020-05-01,2020-05-31,21,State,Georgia,11724,-15.6,239900,2.13,58,7,17103,-5.42,63911,-9.41,16832,-0.09,121.1,6.94
2026-09-03,Monthly,2020-05-01,2020-05-31,25,State,Hawaii,761,-42.64,580000,1.93,80,-7,1242,-27.81,7340,-14.05,1177,-19.41,520.33,2.64
2026-09-03,Monthly,2020-05-01,2020-05-31,27,State,Idaho,2428,-20.21,306000,9.29,52,6,2785,-17.6,11215,-3.29,3077,-7.6,178.98,10.42
2026-09-03,Monthly,2020-05-01,2020-05-31,29,State,Illinois,9793,-27.62,217500,-1.14,58,-14,13428,-21.06,53478,-28.92,13905,-10.46,135.44,2.77
2026-09-03,Monthly,2020-05-01,2020-05-31,31,State,Indiana,6486,-16.38,180000,5.94,55,1,7430,-11.95,26901,-14.82,8003,-6.36,101.26,9.03
2026-09-03,Monthly,2020-05-01,2020-05-31,33,State,Iowa,3407,0,180000,7.46,73,4,3600,-5.32,15760,-4.16,3514,1.48,120.4,6.83
2026-09-03,Monthly,2020-05-01,2020-05-31,35,State,Kansas,2661,-14.98,197500,1.28,54,-1,3236,-6.34,11697,-13.51,2999,-9.2,104.33,5.05
2026-09-03,Monthly,2020-05-01,2020-05-31,37,State,Kentucky,3757,-12.01,185000,6.63,46,-7,4507,-13.12,15985,-18.76,4836,3.74,113.29,7.37
2026-09-03,Monthly,2020-05-01,2020-05-31,39,State,Louisiana,2843,-21.25,199000,-1,78,7,4086,-5.17,19488,-6.42,3363,-8.68,118.73,5.09
2026-09-03,Monthly,2020-05-01,2020-05-31,41,State,Maine,1543,-14.69,235000,1.73,43,-2,1772,-22.98,7350,-22.72,2159,1.16,157.93,9.07
2026-09-03,Monthly,2020-05-01,2020-05-31,43,State,Maryland,5665,-23.66,320000,3.23,49,5,6810,-25.93,24424,-24.35,8817,-2.25,169.84,3.77
2026-09-03,Monthly,2020-05-01,2020-05-31,45,State,Massachusetts,5456,-24.46,428000,3.13,34,8,7186,-22.22,21665,-23.62,6513,-19.88,261.74,7.62
2026-09-03,Monthly,2020-05-01,2020-05-31,47,State,Michigan,5034,-58.28,183000,1.47,56,16,13021,-11.12,43061,-18.02,8903,-30.39,115.98,7.2
2026-09-03,Monthly,2020-05-01,2020-05-31,49,State,Minnesota,6766,-7.41,267500,3.15,36,0,7026,-14.06,26722,-12.44,7974,0.66,145.28,4.62
2026-09-03,Monthly,2020-05-01,2020-05-31,51,State,Mississippi,1910,-2.55,188750,9.1,85,1,2154,-10.94,10579,-9.65,1593,-17.47,105.59,7.51
2026-09-03,Monthly,2020-05-01,2020-05-31,2,State,Missouri,6197,-17.37,189900,3.83,50,0,7896,-7.29,26172,-15.17,8461,-0.6,110.91,6.43
2026-09-03,Monthly,2020-05-01,2020-05-31,4,State,Montana,1136,-13.7,299000,3.1,85,-3,1384,-8.4,6678,-7.59,1172,-11.53,166.75,10.06
2026-09-03,Monthly,2020-05-01,2020-05-31,6,State,Nebraska,1806,-4.58,210000,6.06,31,3,2152,-7.88,6667,-0.2,2133,11.76,111.51,5.4
2026-09-03,Monthly,2020-05-01,2020-05-31,8,State,Nevada,2732,-42.33,314495,6.61,58,-1,4349,-26.05,17680,-20.83,4734,-13.39,182.17,5.28
2026-09-03,Monthly,2020-05-01,2020-05-31,10,State,New Hampshire,1631,-21.65,309933,10.69,54,-6,2103,-8.65,6837,-24.34,2323,-2.02,172.94,8.74
2026-09-03,Monthly,2020-05-01,2020-05-31,12,State,New Jersey,7608,-29.24,325000,5.52,87,3,9412,-27.78,45179,-29.93,10182,-14.36,205.36,8.8
2026-09-03,Monthly,2020-05-01,2020-05-31,14,State,New Mexico,1703,-22.08,220000,0.03,55,-5,2150,-6.61,8293,-16.2,2663,-26.04,136.95,8.34
2026-09-03,Monthly,2020-05-01,2020-05-31,16,State,New York,9462,-27.88,306500,-0.16,72,0,8489,-52.3,59815,-28.74,8932,-34.79,181.79,-0.86
2026-09-03,Monthly,2020-05-01,2020-05-31,18,State,North Carolina,11281,-15.94,247900,2.86,67,2,13812,-13.44,59167,-8.73,15450,2.82,134.66,6.45
2026-09-03,Monthly,2020-05-01,2020-05-31,20,State,North Dakota,587,-14.56,223000,-0.89,96,-1,798,-2.02,3820,-0.85,556,-9.23,113.91,4.71
2026-09-03,Monthly,2020-05-01,2020-05-31,22,State,Ohio,10474,-18.95,174000,5.45,52,-1,12710,-16.2,44069,-20.27,14581,-7.41,110.13,8.12
2026-09-03,Monthly,2020-05-01,2020-05-31,23,State,Oklahoma,3613,-15.28,180000,4.35,36,-4,4702,-1.34,16584,-10.87,5391,14.9,107.29,7.88
2026-09-03,Monthly,2020-05-01,2020-05-31,24,State,Oregon,3878,-27.06,373000,1.36,46,1,4770,-26.15,17704,-20.09,5499,-9.35,219.74,4.58
2026-09-03,Monthly,2020-05-01,2020-05-31,26,State,Pennsylvania,6300,-51.24,215000,9.14,73,17,9744,-34.44,44287,-28.09,10183,-30.49,129.39,6.87
2026-09-03,Monthly,2020-05-01,2020-05-31,58,State,Puerto Rico,NA,NA,NA,NA,NA,NA,NA,NA,NA,NA,NA,NA,NA,NA
2026-09-03,Monthly,2020-05-01,2020-05-31,28,State,Rhode Island,998,-28.57,295000,4.8,59,2,1243,-25.42,4298,-30.87,1340,-15.24,175.89,6.81
2026-09-03,Monthly,2020-05-01,2020-05-31,30,State,South Carolina,6429,-15.34,235000,3.3,81,3,8598,-3,38427,-8.01,8983,8.83,130.6,5.31
2026-09-03,Monthly,2020-05-01,2020-05-31,32,State,South Dakota,831,-5.03,225000,7.14,80,-2,961,-3.24,4378,-0.18,873,0.31,126.08,5.04
2026-09-03,Monthly,2020-05-01,2020-05-31,34,State,Tennessee,7839,-19.65,242000,5.26,61,0,10026,-5.68,39354,-6.87,11616,8.06,136.19,7.56
2026-09-03,Monthly,2020-05-01,2020-05-31,36,State,Texas,23334,-18.71,250000,0.04,52,5,35056,-0.47,124286,-7.35,38377,12.61,130.7,5.48
2026-09-03,Monthly,2020-05-01,2020-05-31,38,State,Utah,3721,-15.05,334711,3.31,34,-2,4442,-5.24,14484,-5.78,5242,7.9,161.17,9.69
2026-09-03,Monthly,2020-05-01,2020-05-31,40,State,Vermont,543,-30.62,242500,-0.8,124,31,712,-27.16,4182,-24.79,979,7.66,155.76,8.46
2026-09-03,Monthly,2020-05-01,2020-05-31,42,State,Virginia,10726,1.3,313000,1.29,51,3,9444,-23.45,35791,-18.92,11485,-1.29,156.11,4.78
2026-09-03,Monthly,2020-05-01,2020-05-31,44,State,Washington,7317,-26.65,424000,3.41,20,-3,8660,-25.32,24673,-24.54,10167,-12.04,240.3,8.96
2026-09-03,Monthly,2020-05-01,2020-05-31,46,State,West Virginia,929,-13.21,171500,-0.29,89,0,1123,-13.49,5551,-14.59,1173,-2.15,101.32,5.71
2026-09-03,Monthly,2020-05-01,2020-05-31,48,State,Wisconsin,6303,-8.11,215000,5.7,62,0,6651,-16.17,26730,-14.01,7471,-0.38,125.72,5.87
2026-09-03,Monthly,2020-05-01,2020-05-31,50,State,Wyoming,681,-16.38,249950,4.15,74,-10,762,-6.02,3667,-11.65,679,-14.68,125.48,8.94
2026-09-03,Monthly,2020-04-01,2020-04-30,1,State,Alabama,5151,-2.02,201408,6.06,70,-8,4645,-21.38,25018,-10.48,5309,-9.41,110.66,6.2
2026-09-03,Monthly,2020-04-01,2020-04-30,3,State,Alaska,706,-5.74,298975,6.78,86,-6,683,-33.58,4312,-15.03,687,-6.98,171.73,3.43
2026-09-03,Monthly,2020-04-01,2020-04-30,5,State,Arizona,8592,-20.54,292000,10.19,42,-11,9932,-18.76,36164,-20.56,9452,-27.86,172.19,8.35
2026-09-03,Monthly,2020-04-01,2020-04-30,7,State,Arkansas,3109,-7,175000,9.38,65,-7,2961,-22.16,15218,-8.41,3394,-5.09,105.37,6.44
2026-09-03,Monthly,2020-04-01,2020-04-30,9,State,California,20613,-30.61,520000,1.46,42,-7,21847,-42.64,94895,-27.74,18632,-47.47,325.56,-0.16
2026-09-03,Monthly,2020-04-01,2020-04-30,11,State,Colorado,7332,-20.33,400000,5.29,39,-1,6902,-37.46,29387,-14.71,6750,-37.77,189.27,3.57
2026-09-03,Monthly,2020-04-01,2020-04-30,17,State,Columbia,551,-33.39,618500,5.01,33,6,563,-42.49,2368,-13.53,492,-47.89,480.24,4.88
2026-09-03,Monthly,2020-04-01,2020-04-30,13,State,Connecticut,3822,-3.9,261625,13.5,70,-11,2404,-55.4,18673,-27.05,3394,-50.64,148.41,1.83
2026-09-03,Monthly,2020-04-01,2020-04-30,15,State,Delaware,1206,-7,259900,8.34,40,-11,760,-51.6,5033,-20.42,1083,-32.57,143.59,5.22
2026-09-03,Monthly,2020-04-01,2020-04-30,19,State,Florida,26525,-26.63,255000,7.59,57,-6,28618,-36.78,171124,-16.82,25145,-42.11,154.38,0.79
2026-09-03,Monthly,2020-04-01,2020-04-30,21,State,Georgia,11904,-12.94,245000,8.89,54,3,13618,-21.92,63766,-8.54,12902,-21.25,118.99,4.82
2026-09-03,Monthly,2020-04-01,2020-04-30,25,State,Hawaii,950,-26.65,600000,11.11,80,-2,1021,-39.29,7389,-12.59,838,-40.08,504.24,0.29
2026-09-03,Monthly,2020-04-01,2020-04-30,27,State,Idaho,2787,-3.91,305000,10.11,46,-3,2447,-27.64,11134,-0.49,2747,-17.25,177.58,11.05
2026-09-03,Monthly,2020-04-01,2020-04-30,29,State,Illinois,11576,-11.7,230000,6.98,66,-2,8989,-47.92,57416,-23.2,9964,-36.48,126.44,-5.01
2026-09-03,Monthly,2020-04-01,2020-04-30,31,State,Indiana,7153,-7.43,177100,10,53,-3,5468,-33.42,27011,-14.43,7076,-15.16,99.99,8.36
2026-09-03,Monthly,2020-04-01,2020-04-30,33,State,Iowa,3580,9.7,173000,8.13,68,-8,2771,-27.58,15901,-1.55,3447,2.23,118.23,3.71
2026-09-03,Monthly,2020-04-01,2020-04-30,35,State,Kansas,2826,-3.97,199900,9.84,53,-2,2477,-30.28,11642,-14.03,2861,-10.19,101.42,2.08
2026-09-03,Monthly,2020-04-01,2020-04-30,37,State,Kentucky,3748,-11.7,186900,12.59,46,-6,3680,-28.41,16110,-18.49,4096,-12.43,112.6,6.73
2026-09-03,Monthly,2020-04-01,2020-04-30,39,State,Louisiana,3005,-15,205000,6.77,73,2,2898,-32.76,19184,-8.34,2932,-20.21,116.57,2.98
2026-09-03,Monthly,2020-04-01,2020-04-30,41,State,Maine,1603,-10.51,239250,11.28,41,-8,1312,-38.87,7630,-18.97,1540,-27.45,157.44,8.95
2026-09-03,Monthly,2020-04-01,2020-04-30,43,State,Maryland,6548,-9.46,325000,9.86,36,-8,5245,-44.35,24481,-23.89,6501,-29.1,166.96,2.16
2026-09-03,Monthly,2020-04-01,2020-04-30,45,State,Massachusetts,5832,-17.03,435000,11.54,28,-1,4077,-54.03,20814,-26.11,4485,-46.04,240.37,-1.55
2026-09-03,Monthly,2020-04-01,2020-04-30,47,State,Michigan,8829,-26.85,185000,8.82,41,-3,3054,-79.24,37664,-27.69,6700,-48.06,116.21,6.7
2026-09-03,Monthly,2020-04-01,2020-04-30,49,State,Minnesota,7180,3.61,275000,9.28,33,-8,6428,-20.52,24168,-8.88,6671,-15.97,144.46,4.38
2026-09-03,Monthly,2020-04-01,2020-04-30,51,State,Mississippi,1899,-2.84,184900,8.83,79,-5,1740,-23.78,10596,-9.62,1581,-15.8,105.13,7.3
2026-09-03,Monthly,2020-04-01,2020-04-30,2,State,Missouri,6433,-11.97,185050,7.03,48,-6,6050,-30.49,26023,-16.44,6654,-21.37,108.45,3.97
2026-09-03,Monthly,2020-04-01,2020-04-30,4,State,Montana,1223,3.64,305000,5.54,85,-6,1012,-31.39,6709,-5.93,1214,0.8,162.06,4.41
2026-09-03,Monthly,2020-04-01,2020-04-30,6,State,Nebraska,1821,2.55,201000,6.91,32,-14,1642,-24.06,6398,-1.3,1754,-6.57,109.96,4.44
2026-09-03,Monthly,2020-04-01,2020-04-30,8,State,Nevada,3024,-29.99,305000,5.17,51,-3,3487,-40.04,17055,-21.28,3239,-39.89,179.26,3.03
2026-09-03,Monthly,2020-04-01,2020-04-30,10,State,New Hampshire,1772,-10.58,306000,13.33,54,-8,1359,-39.77,6966,-23.24,1700,-28.91,170.45,8.02
2026-09-03,Monthly,2020-04-01,2020-04-30,12,State,New Jersey,8242,-20.45,332000,14.48,78,-6,4828,-65.6,45263,-30.88,7385,-40.14,178.93,-5.95
2026-09-03,Monthly,2020-04-01,2020-04-30,14,State,New Mexico,1901,-13.91,226500,7.86,55,-9,1620,-33.93,8279,-17.33,2856,-18.12,134.97,6.94
2026-09-03,Monthly,2020-04-01,2020-04-30,16,State,New York,9710,-26.96,287900,-6.37,66,-6,957,-94.52,63034,-24.9,18574,34.23,154.19,-17.75
2026-09-03,Monthly,2020-04-01,2020-04-30,18,State,North Carolina,12085,-8.14,253000,5.42,63,-2,10185,-34.84,59235,-8.01,12145,-17.61,130.4,3.41
2026-09-03,Monthly,2020-04-01,2020-04-30,20,State,North Dakota,649,-0.59,219900,-1.39,91,-9,558,-29.09,3776,0.78,605,3.42,111.78,1.84
2026-09-03,Monthly,2020-04-01,2020-04-30,22,State,Ohio,10811,-15.92,169900,8.91,51,-2,10168,-33.34,44886,-18.67,12392,-21.6,109.21,7.87
2026-09-03,Monthly,2020-04-01,2020-04-30,23,State,Oklahoma,3754,-9.32,176000,6.02,39,-9,3551,-28.78,16437,-13.29,4045,-15.72,106,5.33
2026-09-03,Monthly,2020-04-01,2020-04-30,24,State,Oregon,4384,-13.96,375000,7.14,40,-9,4214,-33.92,18021,-15.81,4151,-29.47,216.89,3.49
2026-09-03,Monthly,2020-04-01,2020-04-30,26,State,Pennsylvania,9682,-21.94,215000,16.22,54,-2,1017,-93.15,42581,-31.17,4246,-71.11,128.03,7.06
2026-09-03,Monthly,2020-04-01,2020-04-30,58,State,Puerto Rico,NA,NA,NA,NA,NA,NA,NA,NA,NA,NA,NA,NA,NA,NA
2026-09-03,Monthly,2020-04-01,2020-04-30,28,State,Rhode Island,1113,-9.88,290000,10.37,53,-5,816,-51.33,4339,-29.8,1030,-34.83,174.38,5.7
2026-09-03,Monthly,2020-04-01,2020-04-30,30,State,South Carolina,6525,-12.94,235000,8.29,78,2,6806,-21.71,38477,-7.58,7021,-11.49,127.02,3.14
2026-09-03,Monthly,2020-04-01,2020-04-30,32,State,South Dakota,866,13.78,223500,7.19,75,-8,833,-13.96,4435,4.06,905,15.26,126.54,6.91
2026-09-03,Monthly,2020-04-01,2020-04-30,34,State,Tennessee,8118,-13.31,240000,9.09,59,-3,8059,-24.56,38644,-9.55,9799,-8.86,134.58,6.4
2026-09-03,Monthly,2020-04-01,2020-04-30,36,State,Texas,23641,-16.81,250000,2.88,47,-1,26407,-25.25,120011,-10.41,27002,-21.17,128.85,3.63
2026-09-03,Monthly,2020-04-01,2020-04-30,38,State,Utah,3341,-17.43,337000,5.97,30,-7,4213,-12.54,14300,-7.68,4635,-8.09,157.66,8.68
2026-09-03,Monthly,2020-04-01,2020-04-30,40,State,Vermont,552,-24.27,265000,17.78,90,-13,454,-51.87,4316,-23.33,547,-41.09,153.02,9.56
2026-09-03,Monthly,2020-04-01,2020-04-30,60,State,Virgin Islands of the U.S.,NA,NA,NA,NA,NA,NA,NA,NA,NA,NA,NA,NA,NA,NA
2026-09-03,Monthly,2020-04-01,2020-04-30,42,State,Virginia,10713,3.67,315000,5,45,-4,8592,-30.81,36915,-15.75,9878,-13.73,154.51,3.35
2026-09-03,Monthly,2020-04-01,2020-04-30,44,State,Washington,7479,-22.72,420000,5.26,12,-14,7535,-35,25073,-21.57,8197,-28.59,237.88,7.88
2026-09-03,Monthly,2020-04-01,2020-04-30,46,State,West Virginia,1073,-5.33,175000,10.06,86,-7,855,-35.17,5707,-13.2,1106,-10.06,100.05,4.8
2026-09-03,Monthly,2020-04-01,2020-04-30,48,State,Wisconsin,6544,0,214950,9.11,61,-3,5079,-34.48,27434,-10.88,5887,-21.69,123.75,4.93
2026-09-03,Monthly,2020-04-01,2020-04-30,50,State,Wyoming,670,-13.2,255000,13.33,76,-7,580,-25.18,3632,-13.41,673,-12.57,125.04,2.89
2026-09-03,Monthly,2020-03-01,2020-03-31,1,State,Alabama,5545,12.11,200000,6.67,67,-19,5748,-3.51,26432,-5.96,5816,4.09,110.15,6.76
2026-09-03,Monthly,2020-03-01,2020-03-31,3,State,Alaska,816,5.37,285500,7.74,82,-25,909,-11.09,4642,-7.61,738,0.77,171.43,4.5
2026-09-03,Monthly,2020-03-01,2020-03-31,5,State,Arizona,10896,2.39,295000,13.03,41,-12,12307,1.79,37881,-16.64,10592,-14.75,171.51,8.34
2026-09-03,Monthly,2020-03-01,2020-03-31,7,State,Arkansas,3299,7.6,173000,8.19,63,-7,3650,1.05,16114,-1.98,3508,6.82,105.44,6.91
2026-09-03,Monthly,2020-03-01,2020-03-31,9,State,California,29141,-2.58,535000,8.08,39,-10,33240,-10.31,107713,-15.94,28912,-14.4,328.9,1.28
2026-09-03,Monthly,2020-03-01,2020-03-31,11,State,Colorado,9431,0.36,404460,9.31,37,-2,11286,9.74,33440,-1.52,8810,-15.04,192.33,4.67
2026-09-03,Monthly,2020-03-01,2020-03-31,17,State,Columbia,809,-0.79,610000,7.02,29,-1,883,-4.69,2717,2.58,790,-14.96,480.72,4.98
2026-09-03,Monthly,2020-03-01,2020-03-31,13,State,Connecticut,4015,2.42,245000,8.89,73,-11,4715,-12.62,22689,-11.28,5259,-20.45,149.59,2.64
2026-09-03,Monthly,2020-03-01,2020-03-31,15,State,Delaware,1394,6.89,255510,6.46,44,-11,1526,-4.95,5846,-8.19,1593,3.26,143.89,3.94
2026-09-03,Monthly,2020-03-01,2020-03-31,19,State,Florida,35816,2.39,253000,7.66,57,-5,43175,-4.76,184002,-11,34879,-16.52,158.33,3.78
2026-09-03,Monthly,2020-03-01,2020-03-31,21,State,Georgia,14204,4.55,242000,10,52,2,17416,-1.16,66973,-3.18,16104,-2.2,119.32,6.03
2026-09-03,Monthly,2020-03-01,2020-03-31,25,State,Hawaii,1278,-3.1,590000,5.92,85,10,1447,-14.12,8039,-4.77,1208,-16.41,529.25,3.85
2026-09-03,Monthly,2020-03-01,2020-03-31,27,State,Idaho,3192,13.65,300000,11.72,46,0,3474,15.51,11882,9.43,3162,1.17,177.45,11.19
2026-09-03,Monthly,2020-03-01,2020-03-31,29,State,Illinois,13404,4.49,219900,8.86,69,-1,14538,-14.49,72574,-0.96,13900,-10.56,133.17,0.12
2026-09-03,Monthly,2020-03-01,2020-03-31,31,State,Indiana,8589,10.3,174900,9.31,51,-5,8079,2.71,30718,-3.56,8526,1.48,99.55,8.68
2026-09-03,Monthly,2020-03-01,2020-03-31,33,State,Iowa,3559,11.95,168000,5.99,71,-2,3996,18.62,17325,10.45,3658,12.89,117.19,2.23
2026-09-03,Monthly,2020-03-01,2020-03-31,35,State,Kansas,3211,8.78,188000,10.59,52,-6,3335,-1.62,12860,-4.17,3241,5.9,102.39,5.08
2026-09-03,Monthly,2020-03-01,2020-03-31,37,State,Kentucky,4573,7.37,177500,8.9,44,-9,4692,-8.42,17711,-10.28,4713,0.56,110.33,4.87
2026-09-03,Monthly,2020-03-01,2020-03-31,39,State,Louisiana,3769,10.28,199000,4.74,71,-6,4117,-2.33,20744,-0.16,3794,5.28,115.05,2.93
2026-09-03,Monthly,2020-03-01,2020-03-31,41,State,Maine,1755,-1.1,231000,6.55,43,-9,2010,-2.41,8466,-11.65,1967,-7.46,156.78,7.95
2026-09-03,Monthly,2020-03-01,2020-03-31,43,State,Maryland,7740,5.91,314185,10.24,37,-6,8528,-6.83,28883,-8.98,8815,-4.54,168.23,4.14
2026-09-03,Monthly,2020-03-01,2020-03-31,45,State,Massachusetts,7051,-1.05,418000,8.57,33,3,8032,-10.66,26427,-6.8,7502,-9.99,243.69,1.38
2026-09-03,Monthly,2020-03-01,2020-03-31,47,State,Michigan,12679,4.94,180000,10.5,42,-1,12822,-12.31,48005,-6.82,12632,-1.43,115.79,6.8
2026-09-03,Monthly,2020-03-01,2020-03-31,49,State,Minnesota,7315,5.89,268000,7.24,35,-5,9250,23.48,24084,5.55,8148,10.98,144.54,4.8
2026-09-03,Monthly,2020-03-01,2020-03-31,51,State,Mississippi,2016,7.39,179000,5.6,78,-10,2226,-3.02,11295,-3.8,1779,-0.64,102.1,4.27
2026-09-03,Monthly,2020-03-01,2020-03-31,2,State,Missouri,7595,4.98,179900,7.4,46,-9,8038,3.8,29464,-4.28,8271,1.29,107.97,5.82
2026-09-03,Monthly,2020-03-01,2020-03-31,4,State,Montana,1314,10.39,299900,5.27,86,-11,1530,28.32,7274,3.34,1332,11.38,170.59,11.44
2026-09-03,Monthly,2020-03-01,2020-03-31,6,State,Nebraska,2001,10.83,195000,2.69,30,-17,2340,32.3,7075,10.13,2102,20.22,110.19,5.66
2026-09-03,Monthly,2020-03-01,2020-03-31,8,State,Nevada,4253,2.42,308500,6.38,48,-7,5269,-7.33,18266,-14.16,4676,-11.69,180.12,5.31
2026-09-03,Monthly,2020-03-01,2020-03-31,10,State,New Hampshire,1992,-0.41,298967,11.14,53,-7,2178,-3.63,8323,-10.36,2297,-3.42,169.3,7.48
2026-09-03,Monthly,2020-03-01,2020-03-31,12,State,New Jersey,9773,-5.86,315000,11.31,79,-6,10054,-26.43,55372,-15.37,10610,-13.89,198.2,4.68
2026-09-03,Monthly,2020-03-01,2020-03-31,14,State,New Mexico,2050,0.68,228900,11.66,55,-11,2165,-10.68,8983,-10.12,3097,-6.08,134.65,7.51
2026-09-03,Monthly,2020-03-01,2020-03-31,16,State,New York,11302,-10.13,315000,4.3,68,-5,10569,-38.97,77275,-7.76,14247,4.64,176.15,-6.57
2026-09-03,Monthly,2020-03-01,2020-03-31,18,State,North Carolina,13879,5.39,250000,8.77,61,-5,15606,4.35,64887,1.45,14840,-0.27,132.49,5.65
2026-09-03,Monthly,2020-03-01,2020-03-31,20,State,North Dakota,668,4.71,218035,-0.89,94,-9,818,21.86,3897,7.86,611,6.05,113.97,2.57
2026-09-03,Monthly,2020-03-01,2020-03-31,22,State,Ohio,13019,5.18,165000,11.15,51,-5,13705,-6.63,50244,-8.34,14731,-5.05,108.23,6.35
2026-09-03,Monthly,2020-03-01,2020-03-31,23,State,Oklahoma,4121,0.15,175000,6.06,47,-15,4695,-0.83,17661,-5.52,4329,-2.22,107.01,7.87
2026-09-03,Monthly,2020-03-01,2020-03-31,24,State,Oregon,5456,9.76,375000,7.14,40,-6,6468,9.53,19712,-5.56,5329,-6.55,218.74,4.57
2026-09-03,Monthly,2020-03-01,2020-03-31,26,State,Pennsylvania,12445,-1.83,199900,11.06,52,-6,11416,-22.49,55116,-10.1,11389,-19.28,127.92,6.17
2026-09-03,Monthly,2020-03-01,2020-03-31,58,State,Puerto Rico,NA,NA,NA,NA,NA,NA,NA,NA,NA,NA,NA,NA,NA,NA
2026-09-03,Monthly,2020-03-01,2020-03-31,28,State,Rhode Island,1285,-0.9,288400,12.55,49,-13,1431,-10.88,5278,-12.83,1392,-10.02,172.66,3.28
2026-09-03,Monthly,2020-03-01,2020-03-31,30,State,South Carolina,7622,0.84,235000,8.69,78,1,8730,0.65,40916,-0.81,8261,1.82,127.18,3.56
2026-09-03,Monthly,2020-03-01,2020-03-31,32,State,South Dakota,891,19.13,215000,4.88,79,6,1043,25.76,4621,12.12,911,19.83,127.35,8.57
2026-09-03,Monthly,2020-03-01,2020-03-31,34,State,Tennessee,9236,3.46,239900,11.58,60,-2,10280,0.24,40889,-1.75,11062,3.96,134.56,7.66
2026-09-03,Monthly,2020-03-01,2020-03-31,36,State,Texas,29054,2.46,250000,4.62,46,-2,35128,-0.17,130352,-1.93,32114,-4.52,128.55,3.97
2026-09-03,Monthly,2020-03-01,2020-03-31,38,State,Utah,3876,-2.36,340000,11.48,32,-6,5720,21.93,14482,-7.15,4639,-5.83,157.28,9.66
2026-09-03,Monthly,2020-03-01,2020-03-31,40,State,Vermont,734,0.86,231500,0.22,101,-2,748,-21.96,4892,-13.59,861,-12.24,156.4,12.68
2026-09-03,Monthly,2020-03-01,2020-03-31,60,State,Virgin Islands of the U.S.,NA,NA,NA,NA,NA,NA,NA,NA,NA,NA,NA,NA,NA,NA
2026-09-03,Monthly,2020-03-01,2020-03-31,42,State,Virginia,10922,6.03,302000,7.86,41,-7,12424,0.33,41364,-5.12,11983,4.64,155.76,4.5
2026-09-03,Monthly,2020-03-01,2020-03-31,44,State,Washington,9857,4.07,430000,10.26,11,-20,11796,5.33,28413,-9.89,10139,-9.01,235.54,6.64
2026-09-03,Monthly,2020-03-01,2020-03-31,46,State,West Virginia,1234,22.31,169265,7.13,91,-4,1207,-7.28,6312,-2.77,1266,9.44,99.1,3.8
2026-09-03,Monthly,2020-03-01,2020-03-31,48,State,Wisconsin,6850,6.83,207000,11.89,62,-2,7594,6.12,31036,1.35,7489,2.93,125.62,7.39
2026-09-03,Monthly,2020-03-01,2020-03-31,50,State,Wyoming,790,4.96,249000,10.67,72,-21,813,3.55,3925,-7.84,776,3.67,124.86,6.61
2026-09-03,Monthly,2020-02-01,2020-02-29,1,State,Alabama,5686,12.09,189930,7.3,68,-17,6014,4,26826,-4.06,6022,4.67,109.85,6.74
2026-09-03,Monthly,2020-02-01,2020-02-29,3,State,Alaska,815,10.46,279450,7.52,93,-2,1000,-1.57,4818,-4.37,751,8.93,170.12,2.08
2026-09-03,Monthly,2020-02-01,2020-02-29,5,State,Arizona,11339,8.63,286500,11.48,42,-10,12014,0.19,37911,-16.1,13117,9.97,172.29,9.1
2026-09-03,Monthly,2020-02-01,2020-02-29,7,State,Arkansas,3363,8.78,164000,7.19,66,-10,3651,3.33,16233,-1.43,3558,7.97,103.31,5.95
2026-09-03,Monthly,2020-02-01,2020-02-29,9,State,California,31186,7.27,520000,8.33,39,-8,38777,7.28,111565,-11.7,35152,8.15,339.16,4.48
2026-09-03,Monthly,2020-02-01,2020-02-29,11,State,Colorado,9804,4.55,389000,6.58,37,-3,10923,1.68,32999,-4.01,9969,-3.49,192.77,4.8
2026-09-03,Monthly,2020-02-01,2020-02-29,17,State,Columbia,859,20.01,585000,1.68,26,0,970,5.42,2825,10.05,1217,30.77,492.05,3.28
2026-09-03,Monthly,2020-02-01,2020-02-29,13,State,Connecticut,4025,1.55,232250,8.53,73,-8,5314,-1.86,24034,-6.35,6500,-0.21,150.51,2.36
2026-09-03,Monthly,2020-02-01,2020-02-29,15,State,Delaware,1268,-1.05,254000,8.21,45,-6,1678,9.28,5949,-6.86,1752,5.23,145.4,4.96
2026-09-03,Monthly,2020-02-01,2020-02-29,19,State,Florida,37414,8.15,246000,6.96,60,-2,43786,-3.04,186494,-9.82,44800,8.86,159.8,4.74
2026-09-03,Monthly,2020-02-01,2020-02-29,21,State,Georgia,14385,6.63,230000,9.52,52,2,17374,0.44,67854,-1.95,17223,9.54,119.84,6.59
2026-09-03,Monthly,2020-02-01,2020-02-29,25,State,Hawaii,1303,6.1,587500,9.66,85,8,1576,-7.08,8251,-1.14,1619,15.51,518.21,1.79
2026-09-03,Monthly,2020-02-01,2020-02-29,27,State,Idaho,3051,3.87,301900,12.77,47,1,3270,3.3,11629,6.22,3349,6.95,178.21,13.94
2026-09-03,Monthly,2020-02-01,2020-02-29,29,State,Illinois,13680,5.01,200000,5.29,73,1,17043,2.48,73561,1.36,15466,4.9,136.21,0.94
2026-09-03,Monthly,2020-02-01,2020-02-29,31,State,Indiana,8423,8.65,165000,8.55,53,-2,8236,2.84,31149,-4.11,8798,8.32,98.56,6.73
2026-09-03,Monthly,2020-02-01,2020-02-29,33,State,Iowa,3572,5.66,152500,1.67,73,0,3885,23.02,17212,6.74,3615,5.68,115.59,1.51
2026-09-03,Monthly,2020-02-01,2020-02-29,35,State,Kansas,3139,5.01,180000,10.43,52,-6,3441,6.49,12917,-4.28,3290,8.06,102.13,4.97
2026-09-03,Monthly,2020-02-01,2020-02-29,37,State,Kentucky,4518,6.16,168500,5.38,47,-6,4992,0.3,18195,-7.5,4989,9.1,109.39,4.74
2026-09-03,Monthly,2020-02-01,2020-02-29,39,State,Louisiana,3826,3.74,193185,7.33,71,-8,4345,-0.42,20857,-2.1,3808,0.16,115.39,3.59
2026-09-03,Monthly,2020-02-01,2020-02-29,41,State,Maine,1736,0.22,224000,6.67,42,-7,2066,-2.86,8584,-12.93,2101,-0.39,153.63,3.94
2026-09-03,Monthly,2020-02-01,2020-02-29,43,State,Maryland,7685,7.52,295000,8.36,40,-3,9066,2.74,29708,-4.96,11558,20.56,170.51,5.41
2026-09-03,Monthly,2020-02-01,2020-02-29,45,State,Massachusetts,6919,-4.93,395500,6.92,36,6,8883,1.02,26763,-4.93,8237,-0.57,255.63,6.69
2026-09-03,Monthly,2020-02-01,2020-02-29,47,State,Michigan,12689,4.87,170000,6.32,44,4,14805,1.46,49521,-3.85,13122,2.9,115.06,6.71
2026-09-03,Monthly,2020-02-01,2020-02-29,49,State,Minnesota,7224,1,255000,7.48,37,-3,8919,21.99,20472,1.31,8241,10.44,144.35,5.16
2026-09-03,Monthly,2020-02-01,2020-02-29,51,State,Mississippi,1991,2.41,180000,12.57,75,-14,2305,-0.83,11442,-3.19,1784,-3.65,101.95,4.91
2026-09-03,Monthly,2020-02-01,2020-02-29,2,State,Missouri,7588,3.12,169900,6.19,48,-9,7989,2.29,29678,-4.1,8537,5.94,108.83,6.66
2026-09-03,Monthly,2020-02-01,2020-02-29,4,State,Montana,1316,11.74,292000,4.66,89,-3,1509,18.75,7237,-2.01,1332,12.55,163.13,4.33
2026-09-03,Monthly,2020-02-01,2020-02-29,6,State,Nebraska,2124,5.58,189000,5,33,-9,2492,42.2,6924,2.99,2110,13.76,110.21,4.37
2026-09-03,Monthly,2020-02-01,2020-02-29,8,State,Nevada,4750,19.6,307500,7.89,53,2,5331,1.63,18448,-10.77,6046,26.02,181.24,5.37
2026-09-03,Monthly,2020-02-01,2020-02-29,10,State,New Hampshire,1886,-4.83,272267,8.94,68,6,2204,-4.39,8434,-11.45,2463,5.43,169.55,8.55
2026-09-03,Monthly,2020-02-01,2020-02-29,12,State,New Jersey,10335,3.12,300000,9.09,81,-2,13835,-0.69,59983,-7.73,13484,10.08,199.71,6
2026-09-03,Monthly,2020-02-01,2020-02-29,14,State,New Mexico,2125,3.52,220000,10.06,59,-7,2355,0.53,9237,-7.92,3281,0.89,133.59,7.64
2026-09-03,Monthly,2020-02-01,2020-02-29,16,State,New York,12309,1.98,340000,7.94,72,-3,16931,-0.9,82544,-0.54,14376,6.62,188.76,1.66
2026-09-03,Monthly,2020-02-01,2020-02-29,18,State,North Carolina,13902,4.74,245000,9.42,63,-5,15880,8.98,64961,1.62,15519,6.74,132.61,5.6
2026-09-03,Monthly,2020-02-01,2020-02-29,20,State,North Dakota,699,6.34,217500,1.16,98,-5,818,19.62,3849,5.21,633,5.99,111.29,1
2026-09-03,Monthly,2020-02-01,2020-02-29,22,State,Ohio,13192,6.56,154000,7.69,52,-4,14685,0.19,51459,-6.25,16572,7.01,107.76,6.24
2026-09-03,Monthly,2020-02-01,2020-02-29,23,State,Oklahoma,4338,7.09,172500,9.87,54,-15,4814,1.24,17708,-7.29,4507,-0.8,104.17,5.69
2026-09-03,Monthly,2020-02-01,2020-02-29,24,State,Oregon,5618,11.56,365000,5.8,39,-3,6266,11.2,19583,-7.55,5843,2.36,218.27,5.27
2026-09-03,Monthly,2020-02-01,2020-02-29,26,State,Pennsylvania,13198,7.67,184900,6.88,55,-5,15299,5.25,57455,-5.61,15932,11.46,127.5,7.1
2026-09-03,Monthly,2020-02-01,2020-02-29,58,State,Puerto Rico,NA,NA,NA,NA,NA,NA,NA,NA,NA,NA,NA,NA,NA,NA
2026-09-03,Monthly,2020-02-01,2020-02-29,28,State,Rhode Island,1288,3.65,274999,12.24,52,-8,1581,-5.99,5416,-11.17,1646,2.96,169.98,1.93
2026-09-03,Monthly,2020-02-01,2020-02-29,30,State,South Carolina,7675,0.98,228000,10.68,81,3,8908,3.74,41482,1.47,8700,12.86,128.64,4.36
2026-09-03,Monthly,2020-02-01,2020-02-29,32,State,South Dakota,884,11.54,202521,3.86,79,0,992,10.05,4527,7.48,846,4.7,124.61,5.77
2026-09-03,Monthly,2020-02-01,2020-02-29,34,State,Tennessee,9411,3.31,234000,13.04,59,-4,10390,4.2,40755,-3.47,11532,10.83,133.52,6.72
2026-09-03,Monthly,2020-02-01,2020-02-29,36,State,Texas,29704,7.45,245000,6.52,47,-1,35756,2.55,131748,-0.14,37144,10.01,128.74,4.13
2026-09-03,Monthly,2020-02-01,2020-02-29,38,State,Utah,4010,1.55,335000,9.84,36,1,4565,-2,13937,-12.64,4822,0.17,156.57,8.12
2026-09-03,Monthly,2020-02-01,2020-02-29,40,State,Vermont,772,10.68,219000,0.69,92,-12,846,-10.53,5128,-10.34,960,8.69,149.23,5.26
2026-09-03,Monthly,2020-02-01,2020-02-29,42,State,Virginia,10686,4.56,285000,5.95,43,-6,12947,8.18,42039,-3.74,12539,10.94,156.02,5.42
2026-09-03,Monthly,2020-02-01,2020-02-29,44,State,Washington,10088,3.42,420495,9.22,19,-11,11305,18.43,27951,-10.95,11086,8.89,234.47,7.91
2026-09-03,Monthly,2020-02-01,2020-02-29,46,State,West Virginia,1110,7.93,162378,8.29,95,3,1284,2.81,6401,-0.15,1286,11.4,98.14,2.67
2026-09-03,Monthly,2020-02-01,2020-02-29,48,State,Wisconsin,6727,0.2,189500,7.67,63,-1,7834,16.45,31270,0.31,8065,16.04,124.64,5.27
2026-09-03,Monthly,2020-02-01,2020-02-29,50,State,Wyoming,789,2,240000,7.74,87,1,762,-6.41,3889,-10.54,782,1.63,126.49,8.03
2026-09-03,Monthly,2020-01-01,2020-01-31,1,State,Alabama,5677,21,188044,5.29,73,-14,6165,9.25,26910,-2.7,6229,25.8,109.04,5.31
2026-09-03,Monthly,2020-01-01,2020-01-31,3,State,Alaska,742,15.01,279900,8.91,90,-15,1000,0,4835,-2.63,735,12.45,170.63,3.17
2026-09-03,Monthly,2020-01-01,2020-01-31,5,State,Arizona,11151,9.12,284000,9.65,45,-6,11916,-3.96,38135,-14.57,13110,12.28,170.03,7.97
2026-09-03,Monthly,2020-01-01,2020-01-31,7,State,Arkansas,3321,17.81,164050,1.89,68,-3,3864,8.29,16237,0.11,3592,17.11,102.66,4.22
2026-09-03,Monthly,2020-01-01,2020-01-31,9,State,California,30712,11.7,505000,8.6,41,-2,34679,-6.64,110979,-12.08,35216,8.46,333.96,3.55
2026-09-03,Monthly,2020-01-01,2020-01-31,11,State,Colorado,9830,9.34,380000,7.04,39,-2,10928,0.09,32979,-3.38,10226,-0.44,190.73,4.64
2026-09-03,Monthly,2020-01-01,2020-01-31,17,State,Columbia,814,4.92,550000,3.87,30,1,1040,17.1,2784,8.51,958,13.11,479.03,3.98
2026-09-03,Monthly,2020-01-01,2020-01-31,13,State,Connecticut,3883,0.3,240000,9.14,75,-6,5285,2.44,22859,-8.7,5227,-17.81,151.6,4.35
2026-09-03,Monthly,2020-01-01,2020-01-31,15,State,Delaware,1296,18.87,250000,6.38,47,-6,1589,8.95,5941,-7.61,1674,13.37,145.26,5.23
2026-09-03,Monthly,2020-01-01,2020-01-31,19,State,Florida,36854,12.46,242000,7.56,60,-1,44286,-3.83,187965,-8.08,43777,9.43,159.71,4.29
2026-09-03,Monthly,2020-01-01,2020-01-31,21,State,Georgia,14188,8.44,220900,5.24,51,1,17695,-0.49,68427,-0.42,17225,11.41,118.91,6.38
2026-09-03,Monthly,2020-01-01,2020-01-31,25,State,Hawaii,1379,9.64,590000,7.27,82,6,1527,-19.31,8275,1.19,1593,14.42,516.46,1.46
2026-09-03,Monthly,2020-01-01,2020-01-31,27,State,Idaho,3120,13.15,299900,15.13,49,-1,3253,-5.84,11524,4.34,3250,2.66,177.57,14.27
2026-09-03,Monthly,2020-01-01,2020-01-31,29,State,Illinois,13300,9.94,193000,2.66,75,4,17429,10.45,73851,1.78,15881,11.96,135.82,2.36
2026-09-03,Monthly,2020-01-01,2020-01-31,31,State,Indiana,8221,9.2,158000,6.76,53,1,8556,9.36,30955,-3.59,8451,9.55,97.75,6.98
2026-09-03,Monthly,2020-01-01,2020-01-31,33,State,Iowa,3381,7.42,160000,3.23,73,1,3830,8.52,16831,2.52,3336,2.48,117.08,4.07
2026-09-03,Monthly,2020-01-01,2020-01-31,35,State,Kansas,3008,6.18,182750,7.82,54,-5,3563,5.98,12806,-5.3,3243,9.51,99.56,3.51
2026-09-03,Monthly,2020-01-01,2020-01-31,37,State,Kentucky,4442,8.11,165000,4.43,49,-3,5197,2.24,18376,-5.88,4965,14.67,108.29,4.9
2026-09-03,Monthly,2020-01-01,2020-01-31,39,State,Louisiana,3936,24.87,190000,4.83,72,-8,4524,3.26,21070,1.22,3926,20.39,114.76,2.77
2026-09-03,Monthly,2020-01-01,2020-01-31,41,State,Maine,1748,7.86,225450,10.79,42,-11,2151,7.43,8673,-13,2095,1.83,155.12,4.83
2026-09-03,Monthly,2020-01-01,2020-01-31,43,State,Maryland,7625,12.25,289500,6.08,40,-5,8891,1.97,29648,-4.41,10344,10.94,168.04,3.12
2026-09-03,Monthly,2020-01-01,2020-01-31,45,State,Massachusetts,6958,2.26,405000,7.28,36,6,8403,-5.83,25832,-9.17,8401,1.26,249.17,4.2
2026-09-03,Monthly,2020-01-01,2020-01-31,47,State,Michigan,12406,4.16,165750,6.94,45,5,14643,-0.06,50063,-3.44,12886,1.73,112.71,3.16
2026-09-03,Monthly,2020-01-01,2020-01-31,49,State,Minnesota,7030,0.71,246750,5.45,36,-4,8613,1.08,19127,-6.11,7941,1.95,143.97,5.28
2026-09-03,Monthly,2020-01-01,2020-01-31,51,State,Mississippi,1965,8.61,166000,1.84,79,-17,2316,1.29,11431,-1.69,1820,10.03,103.56,6.7
2026-09-03,Monthly,2020-01-01,2020-01-31,2,State,Missouri,7421,2.7,169000,0.6,50,-6,8000,2.3,29344,-8.16,8302,6.4,106.53,4.52
2026-09-03,Monthly,2020-01-01,2020-01-31,4,State,Montana,1287,12.85,297700,10.67,89,-3,1526,10.1,7143,-3.97,1276,12.45,166.41,9.77
2026-09-03,Monthly,2020-01-01,2020-01-31,6,State,Nebraska,1870,-0.39,187000,5.52,35,-5,1997,-0.58,6639,-3.99,2066,11.73,107.28,2.59
2026-09-03,Monthly,2020-01-01,2020-01-31,8,State,Nevada,4744,23.76,299589,3.31,55,7,4978,-12.79,18617,-8.66,5801,24.54,180.23,4.49
2026-09-03,Monthly,2020-01-01,2020-01-31,10,State,New Hampshire,1872,10.61,270000,0.75,56,-7,2163,-5.77,8300,-13.28,2387,-1.38,166.46,7.23
2026-09-03,Monthly,2020-01-01,2020-01-31,12,State,New Jersey,10119,2.43,310000,7.77,83,0,13352,-5.08,57319,-10.51,11527,-2.32,198.01,5.22
2026-09-03,Monthly,2020-01-01,2020-01-31,14,State,New Mexico,2170,8.29,218250,11.64,61,-3,2324,-1.03,9258,-7.82,3314,3.98,133.05,7.9
2026-09-03,Monthly,2020-01-01,2020-01-31,16,State,New York,12454,4.37,336000,8.39,73,1,17031,-2.53,81626,-1.78,14035,3.7,192.66,1.26
2026-09-03,Monthly,2020-01-01,2020-01-31,18,State,North Carolina,13848,9.32,235000,9.3,65,-1,15869,6.89,64574,0.99,15562,11.05,132.12,6.53
2026-09-03,Monthly,2020-01-01,2020-01-31,20,State,North Dakota,697,8.91,219900,0.87,97,-1,732,-3.51,3776,2.81,640,8.62,107.91,-1.91
2026-09-03,Monthly,2020-01-01,2020-01-31,22,State,Ohio,12866,7.24,150000,8.7,54,-2,15060,6.75,51698,-5.34,16491,7.56,106.8,6.62
2026-09-03,Monthly,2020-01-01,2020-01-31,23,State,Oklahoma,4107,6.96,163000,5.16,54,-13,4982,8.36,17825,-7.49,4605,5.19,104.44,6.61
2026-09-03,Monthly,2020-01-01,2020-01-31,24,State,Oregon,5542,11.57,357680,6.77,41,-2,6056,-5.5,19563,-9.64,6060,6.43,219.19,5.62
2026-09-03,Monthly,2020-01-01,2020-01-31,26,State,Pennsylvania,12765,10.36,185000,7.56,57,-1,14987,1.25,57823,-4.38,15188,9.41,125.36,4.4
2026-09-03,Monthly,2020-01-01,2020-01-31,58,State,Puerto Rico,NA,NA,NA,NA,NA,NA,NA,NA,NA,NA,NA,NA,NA,NA
2026-09-03,Monthly,2020-01-01,2020-01-31,28,State,Rhode Island,1273,6.46,290000,14.62,51,-8,1552,1.13,5398,-11.17,1674,15.24,167.84,1.94
2026-09-03,Monthly,2020-01-01,2020-01-31,30,State,South Carolina,7547,16.39,222000,4.72,78,2,8785,0.23,41250,3.43,8613,18.92,128.11,5.32
2026-09-03,Monthly,2020-01-01,2020-01-31,32,State,South Dakota,858,11.95,208575,1.74,85,9,964,8.34,4394,6.44,853,10.13,125.74,5.52
2026-09-03,Monthly,2020-01-01,2020-01-31,34,State,Tennessee,9384,10.72,228950,10.34,61,-2,10497,3.33,41698,0.44,11388,10.17,132.92,6.8
2026-09-03,Monthly,2020-01-01,2020-01-31,36,State,Texas,29193,12.49,235000,5.38,48,1,35472,1.34,131024,0.53,36502,9.66,128.09,4.19
2026-09-03,Monthly,2020-01-01,2020-01-31,38,State,Utah,4017,7.98,325000,7.97,36,0,4590,-3.86,14022,-12.55,4935,7.26,154.2,8.17
2026-09-03,Monthly,2020-01-01,2020-01-31,40,State,Vermont,767,13.04,225500,4.88,94,-2,932,-1.27,5202,-8.97,952,8.81,150.02,10.54
2026-09-03,Monthly,2020-01-01,2020-01-31,42,State,Virginia,10552,4.31,275000,0,45,-4,12386,7.67,41389,-4.98,12419,14.45,154.18,4.16
2026-09-03,Monthly,2020-01-01,2020-01-31,44,State,Washington,10156,7.2,399000,8.13,22,-5,10636,-5.02,27703,-14.92,11128,0.43,231.69,5.9
2026-09-03,Monthly,2020-01-01,2020-01-31,46,State,West Virginia,1151,31.57,155000,0,91,4,1379,12.68,6420,3.73,1291,36.92,97.34,1.62
2026-09-03,Monthly,2020-01-01,2020-01-31,48,State,Wisconsin,6593,1.08,190000,8.57,63,-1,7593,1.7,30911,-3.07,7470,-0.94,123.44,6.38
2026-09-03,Monthly,2020-01-01,2020-01-31,50,State,Wyoming,757,8.91,235000,0,87,1,813,4.74,3877,-10.16,767,6.68,127.86,7.24
2026-09-03,Monthly,2019-12-01,2019-12-31,1,State,Alabama,5652,20.57,195000,6.45,72,-16,5895,10.49,26804,-2.28,5961,13.83,109.44,7.16
2026-09-03,Monthly,2019-12-01,2019-12-31,3,State,Alaska,795,11.93,288500,4.91,94,-6,1127,21.14,4990,-0.58,845,15.59,168.46,2.11
2026-09-03,Monthly,2019-12-01,2019-12-31,5,State,Arizona,11158,7.55,282000,9.3,44,-6,11687,-3.65,38477,-11.89,12739,8.94,169.54,7.79
2026-09-03,Monthly,2019-12-01,2019-12-31,7,State,Arkansas,3236,11.17,167000,6.24,68,-3,3733,11.75,16052,0.41,3487,11.07,103.01,3.85
2026-09-03,Monthly,2019-12-01,2019-12-31,9,State,California,31917,15.17,525000,9.83,41,-1,33995,-6.86,112654,-10.82,35982,7.25,333.39,5.12
2026-09-03,Monthly,2019-12-01,2019-12-31,11,State,Colorado,9968,14.12,383125,5.54,40,1,10887,7.27,33257,-0.7,11598,14.64,189.54,3.67
2026-09-03,Monthly,2019-12-01,2019-12-31,17,State,Columbia,810,-0.39,632500,9.16,30,0,871,-0.53,2696,5.39,856,0.36,476.87,5.13
2026-09-03,Monthly,2019-12-01,2019-12-31,13,State,Connecticut,4003,3.47,245000,5.17,73,-8,4680,-5.85,22753,-8.55,4777,-28.13,148.37,2.83
2026-09-03,Monthly,2019-12-01,2019-12-31,15,State,Delaware,1367,17.8,260000,8.06,43,-5,1488,-3.36,5896,-9.41,1493,8.25,144.43,6.32
2026-09-03,Monthly,2019-12-01,2019-12-31,19,State,Florida,38620,15.59,249900,8.18,58,0,43547,-2.93,188936,-5.98,43162,8.82,159.44,4.26
2026-09-03,Monthly,2019-12-01,2019-12-31,21,State,Georgia,14432,10.64,232380,7.83,49,0,17407,3.09,68349,1.22,17087,16.98,118.81,6.56
2026-09-03,Monthly,2019-12-01,2019-12-31,25,State,Hawaii,1349,0.17,590000,10.9,78,-1,1509,-10.87,8428,7.1,1494,7.45,514.61,2.24
2026-09-03,Monthly,2019-12-01,2019-12-31,27,State,Idaho,3081,19.18,290000,11.54,46,-6,3364,10.16,11500,6.97,3111,16.9,173.14,10.48
2026-09-03,Monthly,2019-12-01,2019-12-31,29,State,Illinois,13235,7.08,200000,5.26,77,6,16285,1.47,74064,1.9,14981,3.17,135.73,4.3
2026-09-03,Monthly,2019-12-01,2019-12-31,31,State,Indiana,8105,6.03,166000,9.21,52,-2,7578,-7.23,30666,-3.76,8322,5.08,98.93,10.37
2026-09-03,Monthly,2019-12-01,2019-12-31,33,State,Iowa,3498,7,165000,8.2,71,3,3802,10.19,16704,2.56,3526,14.05,116.72,1.88
2026-09-03,Monthly,2019-12-01,2019-12-31,35,State,Kansas,3083,11.89,187500,7.14,55,-2,3314,0.12,12776,-4.86,3145,5.04,98.75,4.45
2026-09-03,Monthly,2019-12-01,2019-12-31,37,State,Kentucky,4406,5.32,173000,6.79,50,-2,4697,-3.72,18188,-6.24,4571,2.05,108.18,3.23
2026-09-03,Monthly,2019-12-01,2019-12-31,39,State,Louisiana,3525,8.46,199000,4.74,70,-16,4329,5.95,20739,-0.09,3633,9.02,114.32,2.5
2026-09-03,Monthly,2019-12-01,2019-12-31,41,State,Maine,1801,13.65,239900,10.17,47,-1,2044,-2.97,8787,-11.97,2079,4.38,144.76,-2.34
2026-09-03,Monthly,2019-12-01,2019-12-31,43,State,Maryland,7693,14.15,300000,5.26,41,-1,8073,-4.79,29884,-1.8,8696,9.86,169.49,4.76
2026-09-03,Monthly,2019-12-01,2019-12-31,45,State,Massachusetts,7140,4.38,405900,9.7,36,7,7578,-11.6,26258,-6.53,7758,-5.55,252.65,8.52
2026-09-03,Monthly,2019-12-01,2019-12-31,47,State,Michigan,12297,2.22,170000,6.25,43,3,14506,-1.17,50385,-2.76,12874,1.01,113.06,3.98
2026-09-03,Monthly,2019-12-01,2019-12-31,49,State,Minnesota,7266,4.67,251490,7.43,35,-5,8355,0.78,20456,-4.12,7751,2.71,143.12,4.63
2026-09-03,Monthly,2019-12-01,2019-12-31,51,State,Mississippi,1939,2.51,175950,8.61,82,-5,2412,7.6,11494,-1.14,1837,5.24,102.74,5.35
2026-09-03,Monthly,2019-12-01,2019-12-31,2,State,Missouri,7621,6.87,177500,7.58,49,-8,7869,-0.04,29529,-7.64,8095,1.93,107.79,6.39
2026-09-03,Monthly,2019-12-01,2019-12-31,4,State,Montana,1212,4.55,295000,3.06,89,-4,1369,7.26,7049,-4.88,1232,5.64,168.38,17.45
2026-09-03,Monthly,2019-12-01,2019-12-31,6,State,Nebraska,2053,13.49,190500,5.83,35,-10,2018,21.7,6638,-4.04,1898,1.69,108.07,4.05
2026-09-03,Monthly,2019-12-01,2019-12-31,8,State,Nevada,4665,17.59,305000,6.64,58,13,4730,-14.54,18868,-3.05,5384,13.8,179.7,3.85
2026-09-03,Monthly,2019-12-01,2019-12-31,10,State,New Hampshire,1950,9.45,285000,13.1,57,-5,2075,-9.34,8342,-11.66,2006,-9.17,164.63,3.83
2026-09-03,Monthly,2019-12-01,2019-12-31,12,State,New Jersey,9971,1.96,315000,8.62,83,-1,11913,-11.82,57346,-8.85,11342,-0.61,195.44,5.38
2026-09-03,Monthly,2019-12-01,2019-12-31,14,State,New Mexico,2158,6.73,219900,8.36,57,-12,2157,-6.84,9235,-8.14,3368,3.64,133.8,9.55
2026-09-03,Monthly,2019-12-01,2019-12-31,16,State,New York,12306,0.7,315100,5.03,71,-3,16765,-2.41,81074,-1.43,13827,4.11,190.43,7.37
2026-09-03,Monthly,2019-12-01,2019-12-31,18,State,North Carolina,14086,11.02,246000,9.82,64,-2,15015,3.23,64549,2.13,15547,15.07,133.25,7.78
2026-09-03,Monthly,2019-12-01,2019-12-31,20,State,North Dakota,696,13.61,222607,6.28,99,-1,781,11.47,3813,6.43,625,10.37,111.26,2.7
2026-09-03,Monthly,2019-12-01,2019-12-31,22,State,Ohio,13047,7.67,154900,6.83,54,-2,13858,-1.06,52175,-4.41,16569,8.83,105.98,6.02
2026-09-03,Monthly,2019-12-01,2019-12-31,23,State,Oklahoma,4158,7.38,171324,8.43,46,-13,4810,5.49,17429,-9.74,4478,0.44,102.02,2.19
2026-09-03,Monthly,2019-12-01,2019-12-31,24,State,Oregon,5649,14.29,359995,5.88,41,0,5734,0.99,19813,-7.61,6165,11.72,216.44,4.38
2026-09-03,Monthly,2019-12-01,2019-12-31,26,State,Pennsylvania,12706,8.48,193000,7.22,55,-2,14888,1.95,57907,-2.92,14291,7.3,126.75,5.14
2026-09-03,Monthly,2019-12-01,2019-12-31,58,State,Puerto Rico,NA,NA,NA,NA,NA,NA,NA,NA,NA,NA,NA,NA,NA,NA
2026-09-03,Monthly,2019-12-01,2019-12-31,28,State,Rhode Island,1262,10.61,277400,8.78,52,-4,1442,-2.58,5439,-11.43,1725,27.04,165.81,-1.82
2026-09-03,Monthly,2019-12-01,2019-12-31,30,State,South Carolina,7603,15.52,230000,6.48,79,6,8580,1.56,41001,5.49,8551,33.68,128.25,4.55
2026-09-03,Monthly,2019-12-01,2019-12-31,32,State,South Dakota,896,24.13,210055,8.84,77,-1,929,6.75,4441,9.89,894,19.38,123.55,4.96
2026-09-03,Monthly,2019-12-01,2019-12-31,34,State,Tennessee,9508,12.1,238000,10.7,60,-2,10532,8.84,41060,0.72,11107,9.65,132.52,6.67
2026-09-03,Monthly,2019-12-01,2019-12-31,36,State,Texas,29919,11.59,250000,5.04,48,0,35096,2.14,130008,1.03,35755,8.51,127.77,4.19
2026-09-03,Monthly,2019-12-01,2019-12-31,38,State,Utah,4038,5.14,331873,10.62,36,3,4581,-1.95,13949,-11.56,4618,-3.25,154.62,7.84
2026-09-03,Monthly,2019-12-01,2019-12-31,40,State,Vermont,797,25.77,250000,8.7,92,-7,916,6.17,5210,-7.72,906,8.08,140.72,-2.4
2026-09-03,Monthly,2019-12-01,2019-12-31,42,State,Virginia,10606,5.87,295000,5.36,43,-6,11341,4.46,40855,-6.35,11250,4.72,155.59,5.24
2026-09-03,Monthly,2019-12-01,2019-12-31,44,State,Washington,10495,12.14,409000,10.54,23,-5,11066,6.97,28103,-13.84,10879,6.84,230.39,7
2026-09-03,Monthly,2019-12-01,2019-12-31,46,State,West Virginia,1162,30.48,168000,7.35,89,-11,1195,2.03,6380,5.92,1220,27.06,96.34,0.68
2026-09-03,Monthly,2019-12-01,2019-12-31,48,State,Wisconsin,6737,4.83,195000,8.94,64,0,7213,-31.61,30643,-6.03,7213,2.11,123.19,3.8
2026-09-03,Monthly,2019-12-01,2019-12-31,50,State,Wyoming,757,13.41,240000,5.38,81,-7,793,9.49,3845,-10.05,763,10.62,121.67,0.69
2026-09-03,Monthly,2019-11-01,2019-11-30,1,State,Alabama,5524,12.45,193900,5.29,72,-16,5833,7.84,26863,-2.49,5875,10.51,108.47,5.63
2026-09-03,Monthly,2019-11-01,2019-11-30,3,State,Alaska,790,19.66,276500,-0.18,90,-7,1004,3.43,4987,0.88,846,21.01,169.47,2.94
2026-09-03,Monthly,2019-11-01,2019-11-30,5,State,Arizona,11141,6.79,276000,7.39,45,-5,11880,-3.63,38948,-9.57,13133,8.05,168.31,7.8
2026-09-03,Monthly,2019-11-01,2019-11-30,7,State,Arkansas,3054,3.45,169900,7.9,67,-6,3580,6.46,15814,-1.15,3336,5.97,101.09,4.05
2026-09-03,Monthly,2019-11-01,2019-11-30,9,State,California,31544,11.45,525000,6.06,42,1,34223,-8.16,116389,-8.42,36075,9.9,330.53,1.56
2026-09-03,Monthly,2019-11-01,2019-11-30,11,State,Colorado,9523,7.62,380000,5.56,40,3,10404,-2.69,33673,0.4,10996,8.85,188.91,3.7
2026-09-03,Monthly,2019-11-01,2019-11-30,17,State,Columbia,812,9.26,620000,7.36,28,-5,996,6.3,2795,9.36,931,9.57,490.88,4.08
2026-09-03,Monthly,2019-11-01,2019-11-30,13,State,Connecticut,3898,-1.39,245000,6.52,76,-5,4748,-5.4,22964,-7.84,4807,-27.17,149.22,3.08
2026-09-03,Monthly,2019-11-01,2019-11-30,15,State,Delaware,1289,2.69,252500,6.23,47,1,1488,-0.16,5970,-8.52,1552,16.53,144.06,4.29
2026-09-03,Monthly,2019-11-01,2019-11-30,19,State,Florida,37404,4.76,245000,6.52,58,0,44086,-3.05,190551,-4.46,44493,11.1,157.92,3.63
2026-09-03,Monthly,2019-11-01,2019-11-30,21,State,Georgia,13958,4.19,225900,6.31,50,1,17525,1.12,68732,2.12,16871,12.88,116.77,4.44
2026-09-03,Monthly,2019-11-01,2019-11-30,25,State,Hawaii,1363,8.79,545000,-1.27,83,3,1641,2.83,8533,11.06,1500,10.13,511.79,0
2026-09-03,Monthly,2019-11-01,2019-11-30,27,State,Idaho,3000,6.18,298000,14.53,45,-10,3293,0.94,11552,5.94,3016,6.94,172.48,10.4
2026-09-03,Monthly,2019-11-01,2019-11-30,29,State,Illinois,12672,-3.94,204000,5.7,79,8,16001,-1.41,74258,2.47,14997,3.23,133.01,1.35
2026-09-03,Monthly,2019-11-01,2019-11-30,31,State,Indiana,8059,4.66,165000,6.45,52,-1,7836,-0.87,30840,-2.57,8255,2.57,96.76,6.34
2026-09-03,Monthly,2019-11-01,2019-11-30,33,State,Iowa,3320,-0.18,161000,3.87,69,-1,3630,3.68,16472,2.11,3323,3.06,115.59,3.22
2026-09-03,Monthly,2019-11-01,2019-11-30,35,State,Kansas,3019,1.7,190000,2.7,54,-3,3363,-0.91,12816,-5.02,3217,7.6,100.29,6.77
2026-09-03,Monthly,2019-11-01,2019-11-30,37,State,Kentucky,4378,4.93,169900,3.16,50,-4,4919,3.46,18710,-3.63,4710,6.43,107.76,4.82
2026-09-03,Monthly,2019-11-01,2019-11-30,39,State,Louisiana,3530,4.17,195000,2.63,67,-18,4384,9.47,20870,1.17,3670,8.56,114.64,3.45
2026-09-03,Monthly,2019-11-01,2019-11-30,41,State,Maine,1684,-3.65,228750,4.45,43,-5,2159,13.73,8928,-10.14,2029,4.47,145.34,0.06
2026-09-03,Monthly,2019-11-01,2019-11-30,43,State,Maryland,7325,3.8,303000,6.32,40,-4,8355,-0.47,30114,0.84,8881,11.6,166.43,3.33
2026-09-03,Monthly,2019-11-01,2019-11-30,45,State,Massachusetts,6898,-3.38,403000,3.33,36,9,7952,-9.22,27049,-3.33,8155,4.57,246.53,2.89
2026-09-03,Monthly,2019-11-01,2019-11-30,47,State,Michigan,12269,1.87,175000,7.36,41,0,14461,-1.59,51329,-0.6,12848,0.62,112.72,5.21
2026-09-03,Monthly,2019-11-01,2019-11-30,49,State,Minnesota,7256,2.66,250000,4.78,37,-4,8399,2.29,24879,-3.79,7814,2.43,143.4,5.03
2026-09-03,Monthly,2019-11-01,2019-11-30,51,State,Mississippi,1883,-0.66,170000,2.56,80,-9,2354,11.37,11401,-2.73,1770,-2.83,101.89,5.48
2026-09-03,Monthly,2019-11-01,2019-11-30,2,State,Missouri,7384,0.55,174010,5.46,49,-8,7903,-1.35,29763,-7.88,8122,4.32,107.14,6.43
2026-09-03,Monthly,2019-11-01,2019-11-30,4,State,Montana,1245,8.88,298250,8.45,88,0,1311,-1.34,7048,-4.97,1248,9.67,165.14,10.16
2026-09-03,Monthly,2019-11-01,2019-11-30,6,State,Nebraska,1951,4.55,195000,4.28,34,-9,2048,-1.05,6687,-5.84,1981,7.28,109.8,6.1
2026-09-03,Monthly,2019-11-01,2019-11-30,8,State,Nevada,4498,7.31,301000,3.79,55,12,5133,-11.95,19391,2.33,5592,13.34,180.89,5.03
2026-09-03,Monthly,2019-11-01,2019-11-30,10,State,New Hampshire,1957,4.68,285000,4.78,58,-5,2145,-4.31,8548,-8.58,2406,10.69,165.5,9.15
2026-09-03,Monthly,2019-11-01,2019-11-30,12,State,New Jersey,10015,1.58,315000,7.88,84,0,12231,-6.69,57416,-7.99,11236,-4.01,195.16,5.99
2026-09-03,Monthly,2019-11-01,2019-11-30,14,State,New Mexico,2216,1.09,220000,8.64,61,-3,2311,2.45,9412,-7.14,3379,-0.2,130.84,6.88
2026-09-03,Monthly,2019-11-01,2019-11-30,16,State,New York,12404,0.69,299000,1.36,73,0,17138,-0.57,81741,-0.61,13612,1.53,190.5,0.68
2026-09-03,Monthly,2019-11-01,2019-11-30,18,State,North Carolina,13681,7.21,242000,7.56,64,-6,15245,6.21,64875,2.96,15142,9.83,130.53,5.26
2026-09-03,Monthly,2019-11-01,2019-11-30,20,State,North Dakota,668,3.41,224000,4.19,94,-9,751,4.57,3776,5.16,602,1.24,113.8,2.03
2026-09-03,Monthly,2019-11-01,2019-11-30,22,State,Ohio,12772,2.02,156000,5.41,54,-1,14011,-0.96,52705,-4.14,16300,7.77,104.91,5.21
2026-09-03,Monthly,2019-11-01,2019-11-30,23,State,Oklahoma,4236,7.94,167000,4.44,48,-9,4537,1.37,17404,-10.32,4591,7.19,103.83,7.01
2026-09-03,Monthly,2019-11-01,2019-11-30,24,State,Oregon,5420,3.32,365000,7.35,42,1,6060,-0.79,20345,-6.08,6173,10,216.37,4.65
2026-09-03,Monthly,2019-11-01,2019-11-30,26,State,Pennsylvania,12368,1.4,194000,4.86,55,-2,14896,2.38,58394,-2.34,14588,10.53,124.49,3.43
2026-09-03,Monthly,2019-11-01,2019-11-30,58,State,Puerto Rico,NA,NA,NA,NA,NA,NA,NA,NA,NA,NA,NA,NA,NA,NA
2026-09-03,Monthly,2019-11-01,2019-11-30,28,State,Rhode Island,1300,0.66,287000,11.13,51,-6,1470,-1.91,5526,-11.85,1398,6.3,168.18,6.32
2026-09-03,Monthly,2019-11-01,2019-11-30,30,State,South Carolina,7509,12.73,224900,5.15,79,5,8748,3.28,40951,5.43,8438,25.49,125.99,3.21
2026-09-03,Monthly,2019-11-01,2019-11-30,32,State,South Dakota,926,14.21,212500,8.97,76,0,918,3.66,4494,11.67,857,6.95,124.66,8.53
2026-09-03,Monthly,2019-11-01,2019-11-30,34,State,Tennessee,9368,7.18,232000,8.67,61,-1,10825,8.53,41729,1.73,11183,10.34,132.29,6.81
2026-09-03,Monthly,2019-11-01,2019-11-30,36,State,Texas,28666,6.43,241750,4.02,47,0,35093,1.11,129977,1.59,35562,7.63,126.8,3.92
2026-09-03,Monthly,2019-11-01,2019-11-30,38,State,Utah,4073,4.3,324900,8.3,35,3,4374,-8.68,14222,-9.49,4734,4.28,153.18,8.89
2026-09-03,Monthly,2019-11-01,2019-11-30,40,State,Vermont,766,5.47,235000,6.77,96,-6,915,5.55,5206,-7.36,926,17.13,153.2,3.58
2026-09-03,Monthly,2019-11-01,2019-11-30,42,State,Virginia,10400,2.64,287000,2.5,43,-7,11377,1.38,40916,-7.22,11699,7.25,154.05,4.59
2026-09-03,Monthly,2019-11-01,2019-11-30,44,State,Washington,10014,5.74,400000,8.11,23,-4,10536,-4.7,28504,-14.08,11133,6.42,227.91,5.13
2026-09-03,Monthly,2019-11-01,2019-11-30,46,State,West Virginia,1103,11.64,160100,3.29,88,-9,1245,10,6405,8.29,1198,22.71,96.13,0.22
2026-09-03,Monthly,2019-11-01,2019-11-30,48,State,Wisconsin,6633,-0.24,195000,6.04,63,-2,7425,-0.88,30499,-0.87,7416,4.72,122.68,6.6
2026-09-03,Monthly,2019-11-01,2019-11-30,50,State,Wyoming,737,2.71,246000,7.68,80,-5,638,-21.6,3837,-9.39,751,3.4,127.78,10.24
2026-09-03,Monthly,2019-10-01,2019-10-31,1,State,Alabama,5463,13.64,189403,5.22,71,-14,5779,4.79,26951,-2.33,5945,14.71,108.3,7.1
2026-09-03,Monthly,2019-10-01,2019-10-31,3,State,Alaska,746,3.68,280000,6.67,88,-10,923,-5.34,4892,-1.27,772,3.24,168.31,1.05
2026-09-03,Monthly,2019-10-01,2019-10-31,5,State,Arizona,11039,5.32,279500,8.75,46,-2,11847,-2.05,39381,-7.36,13244,11.7,167.11,7.96
2026-09-03,Monthly,2019-10-01,2019-10-31,7,State,Arkansas,3179,11.18,164900,4.37,69,-3,3558,4.78,15897,-0.78,3340,9.76,101.04,3.51
2026-09-03,Monthly,2019-10-01,2019-10-31,9,State,California,31543,8.18,525000,5.42,43,3,34124,-9.32,120126,-4.25,35345,2.97,334.65,3.13
2026-09-03,Monthly,2019-10-01,2019-10-31,11,State,Colorado,9425,6.38,382492,4.79,41,5,10134,-4.31,34105,2.29,10745,7.39,188.28,4.01
2026-09-03,Monthly,2019-10-01,2019-10-31,17,State,Columbia,784,-7.52,575000,-1.71,28,-5,992,-0.08,2782,10,935,9.92,485.96,2.34
2026-09-03,Monthly,2019-10-01,2019-10-31,13,State,Connecticut,3890,-1.4,239900,3.85,77,-5,4859,-4.93,23314,-6.29,7715,19.84,147.22,1.19
2026-09-03,Monthly,2019-10-01,2019-10-31,15,State,Delaware,1310,3.47,260000,10.19,46,-10,1519,-3.27,6047,-8.27,1606,14.9,139.86,2.41
2026-09-03,Monthly,2019-10-01,2019-10-31,19,State,Florida,36666,3.47,241568,5.26,59,2,44103,-3.19,190569,-3.72,43955,8.34,157.96,4.05
2026-09-03,Monthly,2019-10-01,2019-10-31,21,State,Georgia,13943,5.29,225000,6.13,49,2,17502,-0.04,69211,3.14,16491,8.14,116.19,5.26
2026-09-03,Monthly,2019-10-01,2019-10-31,25,State,Hawaii,1326,10.54,569888,7.53,85,4,1675,5.3,8521,12.67,1567,16.94,497.58,-0.68
2026-09-03,Monthly,2019-10-01,2019-10-31,27,State,Idaho,2977,5.88,290000,9.43,45,-10,3397,9.72,11531,5.17,2912,5.88,168.67,9.98
2026-09-03,Monthly,2019-10-01,2019-10-31,29,State,Illinois,12864,-0.68,203000,6.28,80,9,16075,-4.58,74728,3.12,14821,-0.17,133.31,0.51
2026-09-03,Monthly,2019-10-01,2019-10-31,31,State,Indiana,7909,3.17,168000,7.46,52,1,8244,-1.01,30927,-2.9,8056,1.04,95.56,6.39
2026-09-03,Monthly,2019-10-01,2019-10-31,33,State,Iowa,3398,4.24,159000,2.58,68,-1,3602,0.28,16533,2.1,3376,2.35,113.45,0.62
2026-09-03,Monthly,2019-10-01,2019-10-31,35,State,Kansas,3028,0.39,185000,2.78,55,-2,3246,-7.49,12768,-6.24,3065,0.26,99.21,3.85
2026-09-03,Monthly,2019-10-01,2019-10-31,37,State,Kentucky,4361,5.1,175000,8.73,51,0,4889,-3.99,19229,-1.59,4631,5.9,107.81,4.76
2026-09-03,Monthly,2019-10-01,2019-10-31,39,State,Louisiana,3758,11.67,195450,4.86,69,-20,4146,5.88,21047,2.13,3735,8.67,112.9,1.19
2026-09-03,Monthly,2019-10-01,2019-10-31,41,State,Maine,1753,2.55,225000,4.65,44,-4,1972,-9.61,8930,-12.37,1988,-0.42,146.52,2.49
2026-09-03,Monthly,2019-10-01,2019-10-31,43,State,Maryland,7288,2.83,300000,7.14,41,-3,8445,-2.6,30373,2.35,8885,8.86,166.29,0.96
2026-09-03,Monthly,2019-10-01,2019-10-31,45,State,Massachusetts,6996,0.57,395000,2.6,38,11,7977,-10.63,27746,0.43,8172,4.33,248.52,4.45
2026-09-03,Monthly,2019-10-01,2019-10-31,47,State,Michigan,11993,-1,175000,6.06,43,3,14461,-1.43,52276,1.23,12702,0.16,111.6,4.82
2026-09-03,Monthly,2019-10-01,2019-10-31,49,State,Minnesota,7134,0.56,250000,4.6,36,-5,8050,-1.83,29240,-2.84,7685,3.68,141.68,4.28
2026-09-03,Monthly,2019-10-01,2019-10-31,51,State,Mississippi,1982,6.88,168000,2.44,81,-4,2227,-0.04,11422,-3.03,1910,9.62,99.49,5.36
2026-09-03,Monthly,2019-10-01,2019-10-31,2,State,Missouri,7411,1.31,176000,6.67,49,-8,7994,-1.99,29934,-8.37,8037,1.55,106.76,5.27
2026-09-03,Monthly,2019-10-01,2019-10-31,4,State,Montana,1242,5.89,299900,7.15,86,-2,1314,1.57,7079,-4.65,1218,3.46,163.2,6.84
2026-09-03,Monthly,2019-10-01,2019-10-31,6,State,Nebraska,1933,2.38,195000,8.33,33,-9,2054,-2.89,6780,-5.84,1929,1.39,108.13,3.27
2026-09-03,Monthly,2019-10-01,2019-10-31,8,State,Nevada,4745,8.41,300000,4.53,58,15,5044,-10.83,19938,8.35,5594,12.03,176.41,2.46
2026-09-03,Monthly,2019-10-01,2019-10-31,10,State,New Hampshire,1924,4.47,280000,4.96,58,-5,2161,-4.58,8643,-8.26,2319,3.16,165.88,8.8
2026-09-03,Monthly,2019-10-01,2019-10-31,12,State,New Jersey,9839,-0.88,315000,8.62,85,0,12110,-10.72,57844,-7.17,11218,-5.49,194.85,5.45
2026-09-03,Monthly,2019-10-01,2019-10-31,14,State,New Mexico,2140,2.45,228000,14,59,-8,2390,4.96,9491,-6.63,3282,-0.3,129.11,5.49
2026-09-03,Monthly,2019-10-01,2019-10-31,16,State,New York,12236,-2.65,300000,5.26,73,-1,16934,-3.22,82038,-0.4,13801,1.89,188.11,2.05
2026-09-03,Monthly,2019-10-01,2019-10-31,18,State,North Carolina,13769,8.22,239500,7.64,64,-5,15265,7.44,64717,2.64,14964,8.28,130.14,5.63
2026-09-03,Monthly,2019-10-01,2019-10-31,20,State,North Dakota,694,16.31,234950,4.47,96,-5,738,0.52,3794,7.08,626,13.26,112.13,0.52
2026-09-03,Monthly,2019-10-01,2019-10-31,22,State,Ohio,12615,3.04,158200,5.91,54,-1,14395,-1.15,53196,-3.87,15736,3.12,103.76,4.74
2026-09-03,Monthly,2019-10-01,2019-10-31,23,State,Oklahoma,4266,8.33,169000,5.62,46,-7,4745,3.65,17557,-11.34,4582,4.69,103.06,5.4
2026-09-03,Monthly,2019-10-01,2019-10-31,24,State,Oregon,5339,2.53,363000,6.14,42,2,5915,-3.32,20611,-5.47,5873,1.67,212.98,3.3
2026-09-03,Monthly,2019-10-01,2019-10-31,26,State,Pennsylvania,12271,1.65,190000,5.56,56,-2,14549,-1.52,58405,-2.91,14269,4.48,123.72,3.57
2026-09-03,Monthly,2019-10-01,2019-10-31,58,State,Puerto Rico,NA,NA,NA,NA,NA,NA,NA,NA,NA,NA,NA,NA,NA,NA
2026-09-03,Monthly,2019-10-01,2019-10-31,28,State,Rhode Island,1283,3,280000,7.69,53,-7,1488,-7.76,5692,-11.34,1536,11.17,168.89,4.99
2026-09-03,Monthly,2019-10-01,2019-10-31,30,State,South Carolina,7414,9.36,223000,6.14,79,5,8697,1.17,40513,4.1,8523,26.78,126.57,3.56
2026-09-03,Monthly,2019-10-01,2019-10-31,32,State,South Dakota,851,-2.86,213900,9.69,77,3,996,9.72,4491,9.79,820,-2.91,122.48,3.59
2026-09-03,Monthly,2019-10-01,2019-10-31,34,State,Tennessee,9459,6.04,230000,9.47,60,-2,10673,4.51,41473,0.88,10955,7.91,131.95,7.95
2026-09-03,Monthly,2019-10-01,2019-10-31,36,State,Texas,28790,8.19,243500,5.87,48,2,35119,2.56,130870,3.15,35415,9.21,126.25,3.9
2026-09-03,Monthly,2019-10-01,2019-10-31,38,State,Utah,4105,5.92,324000,6.23,36,4,4487,-5.05,14340,-7.16,4652,6.07,151.05,6.61
2026-09-03,Monthly,2019-10-01,2019-10-31,40,State,Vermont,774,7.72,243000,6.58,91,-10,899,-8.81,5230,-7.19,962,21.26,150.15,8.9
2026-09-03,Monthly,2019-10-01,2019-10-31,42,State,Virginia,10484,5.37,289900,4.47,44,-5,11518,-0.07,41178,-6.31,11726,7.21,152.68,3.1
2026-09-03,Monthly,2019-10-01,2019-10-31,44,State,Washington,9783,4.5,395000,6.76,23,-3,10326,-6.81,28724,-13.68,10742,3.97,227.07,5.75
2026-09-03,Monthly,2019-10-01,2019-10-31,46,State,West Virginia,1131,17.61,162500,1.56,91,-1,1204,4.87,6387,7.89,1205,17.36,96.34,0.82
2026-09-03,Monthly,2019-10-01,2019-10-31,48,State,Wisconsin,6633,0.28,197000,7.65,64,-1,7402,-0.4,30382,-1.63,7254,1.54,121.03,5.58
2026-09-03,Monthly,2019-10-01,2019-10-31,50,State,Wyoming,783,7.95,240000,6.67,85,0,753,-4.17,3906,-6.51,791,7.21,123.69,4.66
2026-09-03,Monthly,2019-09-01,2019-09-30,1,State,Alabama,5554,11.66,193000,5.75,76,-12,6109,13.7,27198,-1.46,6405,22.07,106.88,5.95
2026-09-03,Monthly,2019-09-01,2019-09-30,3,State,Alaska,773,4.98,291000,5.05,92,-3,1013,13.06,4892,-1.24,773,5.87,168.12,3.03
2026-09-03,Monthly,2019-09-01,2019-09-30,5,State,Arizona,11200,6.38,275000,7.89,46,-3,11823,-2.79,39942,-5.85,13285,6.56,165.16,7.11
2026-09-03,Monthly,2019-09-01,2019-09-30,7,State,Arkansas,3148,10.27,164000,3.8,69,-2,3553,2.3,15967,0.03,3300,7.55,101.4,3.91
2026-09-03,Monthly,2019-09-01,2019-09-30,9,State,California,31469,8.69,519000,4.32,45,5,35237,-6.14,123350,0.04,36280,12.32,334.78,2.33
2026-09-03,Monthly,2019-09-01,2019-09-30,11,State,Colorado,9512,5.25,382000,6.11,41,3,10596,-0.38,34703,5.76,10689,5.87,189.21,6.06
2026-09-03,Monthly,2019-09-01,2019-09-30,17,State,Columbia,750,-5.52,575000,10.73,30,11,1045,5.03,2759,10.19,926,-2.23,481.1,-2.98
2026-09-03,Monthly,2019-09-01,2019-09-30,13,State,Connecticut,3977,2.62,242050,0.9,80,-2,5123,1.53,23655,-4.67,6988,8.52,147.82,1.92
2026-09-03,Monthly,2019-09-01,2019-09-30,15,State,Delaware,1341,5.21,250000,4.17,46,-16,1444,0.18,6044,-9.42,1616,6.53,138.15,-1.16
2026-09-03,Monthly,2019-09-01,2019-09-30,19,State,Florida,37418,3.83,244000,6.09,59,1,43890,-3.37,189925,-3.1,42101,1.3,155.94,3.09
2026-09-03,Monthly,2019-09-01,2019-09-30,21,State,Georgia,13803,2.76,229372,5.22,50,2,17706,2.64,69402,4.42,16527,6.85,115.32,4.73
2026-09-03,Monthly,2019-09-01,2019-09-30,25,State,Hawaii,1329,-5.67,590000,6.31,84,6,1670,12.78,8435,11.89,1480,5.58,525.31,1.64
2026-09-03,Monthly,2019-09-01,2019-09-30,27,State,Idaho,2951,7.3,289900,11.5,44,-17,3392,15.51,11360,3.86,2914,7.17,166.48,8.31
2026-09-03,Monthly,2019-09-01,2019-09-30,29,State,Illinois,12832,-2.3,203000,1.5,80,10,16422,-0.83,75306,4.34,15045,1.95,132.6,0.52
2026-09-03,Monthly,2019-09-01,2019-09-30,31,State,Indiana,7869,1.47,168500,5.97,53,-1,8327,2.51,30943,-2.34,8361,5.05,95.39,5.95
2026-09-03,Monthly,2019-09-01,2019-09-30,33,State,Iowa,3417,5.07,171000,6.95,70,-3,3882,6.89,16708,3.8,3422,7.93,113.23,0.03
2026-09-03,Monthly,2019-09-01,2019-09-30,35,State,Kansas,2987,3.39,185000,2.78,56,0,3387,2.38,12907,-3.88,3156,4.41,100.93,6.1
2026-09-03,Monthly,2019-09-01,2019-09-30,37,State,Kentucky,4304,0.48,174900,7.96,51,-2,5103,5.82,19432,0.07,4615,2.13,106.25,2.25
2026-09-03,Monthly,2019-09-01,2019-09-30,39,State,Louisiana,3495,0.21,197380,4.16,68,-23,4369,15.22,21161,2.48,3623,5.25,114,2.25
2026-09-03,Monthly,2019-09-01,2019-09-30,41,State,Maine,1793,4.79,228700,6.13,45,-2,2133,-1.75,9225,-9.24,2088,7.48,147.7,4.85
2026-09-03,Monthly,2019-09-01,2019-09-30,43,State,Maryland,7476,5.18,305000,6.11,42,8,9012,6.45,30896,5.1,8836,5.71,165.57,0.64
2026-09-03,Monthly,2019-09-01,2019-09-30,45,State,Massachusetts,6930,-1.38,402000,5.24,39,12,8678,-1.09,28052,3.63,8419,6.45,246.39,3.7
2026-09-03,Monthly,2019-09-01,2019-09-30,47,State,Michigan,12060,-0.81,179000,9.15,42,3,14462,-1.51,52547,1.73,12823,-0.12,111.46,6.1
2026-09-03,Monthly,2019-09-01,2019-09-30,49,State,Minnesota,7146,-0.4,252000,7.23,36,-5,8110,-1.65,30451,-2.35,7693,1.26,140.18,3.47
2026-09-03,Monthly,2019-09-01,2019-09-30,51,State,Mississippi,1915,2.25,170000,2.41,84,-2,2386,10.55,11529,-2.12,1840,5.15,100.58,5.94
2026-09-03,Monthly,2019-09-01,2019-09-30,2,State,Missouri,7414,1.19,175000,6.12,49,-6,8119,-0.18,30123,-7.48,8170,3.55,105.61,4.24
2026-09-03,Monthly,2019-09-01,2019-09-30,4,State,Montana,1229,7.88,305000,10.91,86,-3,1450,-0.47,7119,-3.44,1202,7.82,161.29,7.61
2026-09-03,Monthly,2019-09-01,2019-09-30,6,State,Nebraska,1916,-1.24,195000,6.7,30,-13,2277,9.89,6893,-4.09,1901,0.2,106.65,2.09
2026-09-03,Monthly,2019-09-01,2019-09-30,8,State,Nevada,4794,12.19,305000,5.17,58,17,5117,-9.95,20705,17.82,5655,10.91,174.96,2.92
2026-09-03,Monthly,2019-09-01,2019-09-30,10,State,New Hampshire,1897,-2.02,285000,3.64,58,-5,2192,-5.17,8683,-8.54,2318,2.56,161.89,5.61
2026-09-03,Monthly,2019-09-01,2019-09-30,12,State,New Jersey,10113,1.05,312500,5.22,86,2,12995,-0.31,58650,-5.64,11576,-1.63,192.97,3.91
2026-09-03,Monthly,2019-09-01,2019-09-30,14,State,New Mexico,2212,5.16,220000,10.94,59,-3,2429,0.6,9512,-7.13,3375,1.65,129.82,6.65
2026-09-03,Monthly,2019-09-01,2019-09-30,16,State,New York,12471,0.63,307750,4.32,72,0,17963,5.65,82368,0.78,13935,3.37,193.75,8.95
2026-09-03,Monthly,2019-09-01,2019-09-30,18,State,North Carolina,13681,10.61,240000,7.14,66,0,14820,19.95,64567,2.95,14752,21.96,129.49,5.99
2026-09-03,Monthly,2019-09-01,2019-09-30,20,State,North Dakota,691,12.42,229900,3.56,99,-1,767,14.91,3837,11.03,625,9.59,112.33,1.15
2026-09-03,Monthly,2019-09-01,2019-09-30,22,State,Ohio,12703,2,160200,5.39,54,-2,14770,5.08,53425,-3.49,15697,3.33,103.86,5.72
2026-09-03,Monthly,2019-09-01,2019-09-30,23,State,Oklahoma,4190,8.92,168000,5.08,41,-7,4567,-0.37,17648,-11.1,4525,5.87,101.36,4.3
2026-09-03,Monthly,2019-09-01,2019-09-30,24,State,Oregon,5350,2.47,359000,5.74,43,3,6103,-3.8,21074,-3.62,5873,1.41,213.75,3.58
2026-09-03,Monthly,2019-09-01,2019-09-30,26,State,Pennsylvania,12524,1.92,191500,3.51,55,-8,14901,2.74,58780,-3.47,14263,2.98,123.06,3.44
2026-09-03,Monthly,2019-09-01,2019-09-30,58,State,Puerto Rico,NA,NA,NA,NA,NA,NA,NA,NA,NA,NA,NA,NA,NA,NA
2026-09-03,Monthly,2019-09-01,2019-09-30,28,State,Rhode Island,1225,-1.18,282000,8.46,54,-4,1599,-2.48,5751,-9.18,1680,18.93,165.18,2.73
2026-09-03,Monthly,2019-09-01,2019-09-30,30,State,South Carolina,7503,25.04,224900,3.64,78,6,8459,12.34,40486,8,7813,38.32,124.46,4.83
2026-09-03,Monthly,2019-09-01,2019-09-30,32,State,South Dakota,888,3.79,205000,5.67,77,4,1027,5.01,4532,9.6,850,4.92,122.06,4.54
2026-09-03,Monthly,2019-09-01,2019-09-30,34,State,Tennessee,9615,7.79,229900,8.96,61,0,10837,8.14,41823,1.53,10950,8.86,129.4,5.83
2026-09-03,Monthly,2019-09-01,2019-09-30,36,State,Texas,28506,5.59,245000,5.51,48,3,35334,3.73,131420,4.05,34848,6.16,125.99,4.21
2026-09-03,Monthly,2019-09-01,2019-09-30,38,State,Utah,4102,4.4,325000,6.91,36,6,4471,-6.34,14573,-2.55,4887,10.45,150.73,8.02
2026-09-03,Monthly,2019-09-01,2019-09-30,40,State,Vermont,748,8.37,239950,7.2,93,-9,907,-3.21,5296,-5.58,917,3.42,141.88,0.02
2026-09-03,Monthly,2019-09-01,2019-09-30,42,State,Virginia,10410,4.09,292408,6.33,45,-1,11793,6.3,41819,-3.82,11877,11.52,152.04,1.99
2026-09-03,Monthly,2019-09-01,2019-09-30,44,State,Washington,9780,1.82,395000,5.33,24,-3,10488,-8.76,29317,-11.19,11032,7.38,224.77,4.4
2026-09-03,Monthly,2019-09-01,2019-09-30,46,State,West Virginia,1123,21.16,165000,0,91,7,1343,19.94,6479,11.29,1189,16.8,96.4,1.26
2026-09-03,Monthly,2019-09-01,2019-09-30,48,State,Wisconsin,6629,-0.51,195000,5.41,64,0,7688,2.01,30402,-1.98,7340,2.58,119.56,4.37
2026-09-03,Monthly,2019-09-01,2019-09-30,50,State,Wyoming,781,11.37,245000,2.55,76,-13,764,-2.35,3943,-4.44,779,8.75,120.57,5.2
2026-09-03,Monthly,2019-08-01,2019-08-31,1,State,Alabama,5425,10.42,192900,5.47,74,-11,5725,4.57,27234,-1.59,5784,9.19,105.03,3.8
2026-09-03,Monthly,2019-08-01,2019-08-31,3,State,Alaska,755,2.52,289900,2.71,93,-3,986,5.76,4808,-3.58,747,0.32,168.42,2.13
2026-09-03,Monthly,2019-08-01,2019-08-31,5,State,Arizona,11348,7.87,275000,7.63,49,1,11847,-3.14,40739,-4.1,13226,6.26,164.17,6.74
2026-09-03,Monthly,2019-08-01,2019-08-31,7,State,Arkansas,3190,1.54,169900,8.91,69,-2,3497,-0.11,15960,-0.57,3273,2.04,99.17,1.84
2026-09-03,Monthly,2019-08-01,2019-08-31,9,State,California,32090,6.08,520806,3.13,44,6,35156,-7.25,125295,3.28,36883,9.07,326.4,2.9
2026-09-03,Monthly,2019-08-01,2019-08-31,11,State,Colorado,9659,2.59,385000,4.05,41,3,10580,2.34,34837,7.22,9935,-3.97,187.18,5
2026-09-03,Monthly,2019-08-01,2019-08-31,17,State,Columbia,801,-0.57,575000,4.55,29,10,912,-1.04,2659,7.43,881,6.16,474.43,-1.21
2026-09-03,Monthly,2019-08-01,2019-08-31,13,State,Connecticut,4005,1.87,258500,1.77,80,-3,4890,-4.74,23767,-3.47,6983,12.3,145.91,1.61
2026-09-03,Monthly,2019-08-01,2019-08-31,15,State,Delaware,1310,-2.34,258250,9.13,53,-6,1565,1.72,6120,-10.5,1613,18.92,141.83,2.68
2026-09-03,Monthly,2019-08-01,2019-08-31,19,State,Florida,37428,3.74,244000,6.09,59,0,43271,-5.7,191276,-1.49,42611,2.29,154.98,3.04
2026-09-03,Monthly,2019-08-01,2019-08-31,21,State,Georgia,13943,5.6,230000,7.48,51,4,17639,3.15,69352,5.26,16141,4.33,115.13,6.04
2026-09-03,Monthly,2019-08-01,2019-08-31,25,State,Hawaii,1345,0.86,553500,-0.09,85,11,1671,12.12,8431,11.1,1473,6.53,517.77,0.74
2026-09-03,Monthly,2019-08-01,2019-08-31,27,State,Idaho,3056,5.89,290000,9.43,44,-17,3278,12.63,11376,3.17,3014,9.48,166.24,9.4
2026-09-03,Monthly,2019-08-01,2019-08-31,29,State,Illinois,13188,-0.33,215500,5.17,80,9,16253,-2.88,75160,4.14,14783,-1.65,131.71,1.27
2026-09-03,Monthly,2019-08-01,2019-08-31,31,State,Indiana,7909,1.91,170000,6.25,52,-2,8232,-2.26,30919,-3.31,8210,-0.35,94.77,6.06
2026-09-03,Monthly,2019-08-01,2019-08-31,33,State,Iowa,3424,5.41,170000,3.66,68,-3,3854,6.23,16581,3.9,3456,8.08,115.62,3.51
2026-09-03,Monthly,2019-08-01,2019-08-31,35,State,Kansas,3212,9.99,190000,3.26,54,-4,3351,-3.86,13065,-3.3,3235,4.96,99.16,2.2
2026-09-03,Monthly,2019-08-01,2019-08-31,37,State,Kentucky,4321,3.09,175500,5.72,53,3,5015,-1.56,19464,-1.06,4653,4.35,106.37,4.45
2026-09-03,Monthly,2019-08-01,2019-08-31,39,State,Louisiana,3599,3.73,197000,3.74,69,-17,4343,7.61,20928,0.4,3652,4.6,113.26,2.28
2026-09-03,Monthly,2019-08-01,2019-08-31,41,State,Maine,1920,7.67,231500,4.51,46,-1,2139,-4.69,9336,-7.86,2084,7.97,147.15,6.91
2026-09-03,Monthly,2019-08-01,2019-08-31,43,State,Maryland,7563,3.13,309900,3.68,43,10,8759,-1.34,30724,3.26,8981,10.33,163.15,-1.99
2026-09-03,Monthly,2019-08-01,2019-08-31,45,State,Massachusetts,7135,1.77,425000,3.66,37,11,7991,-8.05,27692,4.93,7948,-0.51,241.33,3
2026-09-03,Monthly,2019-08-01,2019-08-31,47,State,Michigan,12092,-1.86,184900,8.76,41,0,14482,-1.57,52221,0.96,12790,-1,109.47,4.64
2026-09-03,Monthly,2019-08-01,2019-08-31,49,State,Minnesota,7351,3.38,259000,6.8,35,-7,7898,-3.65,31636,-3.44,7715,1.5,140.58,4.62
2026-09-03,Monthly,2019-08-01,2019-08-31,51,State,Mississippi,1925,3.2,175000,4.79,80,-4,2222,-2.62,11497,-3.65,1878,3.71,97.6,4.02
2026-09-03,Monthly,2019-08-01,2019-08-31,2,State,Missouri,7537,1.96,180000,5.88,51,-3,8130,-2.76,30067,-8.76,7997,-1.25,104.04,1.98
2026-09-03,Monthly,2019-08-01,2019-08-31,4,State,Montana,1280,3.33,299900,5.23,84,-5,1494,8.73,7157,-2.5,1238,2.32,158.84,5.81
2026-09-03,Monthly,2019-08-01,2019-08-31,6,State,Nebraska,2054,5.51,197203,6.02,31,-12,2240,6.68,6777,-5.79,1922,1.43,107.6,3.57
2026-09-03,Monthly,2019-08-01,2019-08-31,8,State,Nevada,4870,4.92,299900,3.77,60,16,5272,-8.08,21288,27.77,5655,7.69,175.51,4.06
2026-09-03,Monthly,2019-08-01,2019-08-31,10,State,New Hampshire,1934,-1.92,289917,7.38,59,-5,2191,-3.5,8713,-8.12,2305,2.17,159.75,3.36
2026-09-03,Monthly,2019-08-01,2019-08-31,12,State,New Jersey,10267,0.06,325000,4.67,86,3,12018,-5.93,59292,-4.79,11457,-2.45,188.74,2.87
2026-09-03,Monthly,2019-08-01,2019-08-31,14,State,New Mexico,2248,8.14,220000,4.79,57,-7,2358,1.63,9576,-6.7,3437,3.16,129.45,7.67
2026-09-03,Monthly,2019-08-01,2019-08-31,16,State,New York,12680,1.14,321700,5.48,69,0,17085,-1.22,81355,-0.01,13531,-0.76,181.27,3.57
2026-09-03,Monthly,2019-08-01,2019-08-31,18,State,North Carolina,13715,6.7,240000,5.26,65,-3,15115,3.46,64404,0.48,14591,2.85,128.04,5.1
2026-09-03,Monthly,2019-08-01,2019-08-31,20,State,North Dakota,732,15.33,225000,0.04,94,-6,765,8.82,3868,11.47,647,11.84,113.36,5.07
2026-09-03,Monthly,2019-08-01,2019-08-31,22,State,Ohio,12860,2.67,165000,6.45,54,-2,14375,-2.57,53443,-4.43,15498,0.72,102.9,5.44
2026-09-03,Monthly,2019-08-01,2019-08-31,23,State,Oklahoma,4274,7.52,169000,3.68,40,-6,4655,-0.41,17881,-10.44,4552,4.76,100.64,4.16
2026-09-03,Monthly,2019-08-01,2019-08-31,24,State,Oregon,5489,1.22,365000,4.29,43,3,5909,-5.63,21263,-1.62,5906,2.41,211.05,3.93
2026-09-03,Monthly,2019-08-01,2019-08-31,26,State,Pennsylvania,12737,1.92,205000,5.13,56,-9,14617,0.35,58760,-5.68,14454,9.2,122.56,3.46
2026-09-03,Monthly,2019-08-01,2019-08-31,58,State,Puerto Rico,NA,NA,NA,NA,NA,NA,NA,NA,NA,NA,NA,NA,NA,NA
2026-09-03,Monthly,2019-08-01,2019-08-31,28,State,Rhode Island,1297,-0.44,285000,9.62,53,-3,1563,-2.9,5714,-10.23,1469,-2.14,165.77,5.13
2026-09-03,Monthly,2019-08-01,2019-08-31,30,State,South Carolina,7606,9.95,225400,4.84,78,4,8686,1.04,41107,6.31,8258,22.47,124.67,4.6
2026-09-03,Monthly,2019-08-01,2019-08-31,32,State,South Dakota,916,6.7,215000,11.69,77,3,1045,10.6,4580,10.44,853,3.59,120.58,6.54
2026-09-03,Monthly,2019-08-01,2019-08-31,34,State,Tennessee,9785,6.02,230000,5.99,61,1,10600,0.23,41763,0.93,10909,7.58,128.16,5.83
2026-09-03,Monthly,2019-08-01,2019-08-31,36,State,Texas,29579,9.03,246900,3.31,49,3,34940,1.11,132006,4.29,34573,4.93,125.01,3.51
2026-09-03,Monthly,2019-08-01,2019-08-31,38,State,Utah,4293,9.12,325000,8.33,35,5,4461,-4.21,14635,1,4652,3.33,148.21,6.04
2026-09-03,Monthly,2019-08-01,2019-08-31,40,State,Vermont,742,-1.2,247712,9.61,94,-11,956,3.26,5369,-4.49,894,7.1,146.12,2.73
2026-09-03,Monthly,2019-08-01,2019-08-31,42,State,Virginia,10456,3.92,299000,3.1,46,2,11548,-2.61,41887,-4.4,12548,22.24,151.21,2.82
2026-09-03,Monthly,2019-08-01,2019-08-31,44,State,Washington,10169,3.89,400000,6.59,25,1,10240,-8.47,29581,-8.05,10599,-0.42,221.17,3.62
2026-09-03,Monthly,2019-08-01,2019-08-31,46,State,West Virginia,1096,8.63,169000,5.62,89,2,1261,10.36,6380,9.5,1238,19.22,96.22,1.28
2026-09-03,Monthly,2019-08-01,2019-08-31,48,State,Wisconsin,6745,0.52,206300,8.64,63,-3,7660,0.49,30570,-1.95,7057,-4.96,120.57,6.16
2026-09-03,Monthly,2019-08-01,2019-08-31,50,State,Wyoming,782,3.97,241000,4.78,80,-10,807,5.88,3997,-3.27,780,4.82,121.81,7.49
2026-09-03,Monthly,2019-07-01,2019-07-31,1,State,Alabama,5278,7.81,198981,6.98,77,-9,5707,3.53,27458,-1,5833,12.07,105.08,5.23
2026-09-03,Monthly,2019-07-01,2019-07-31,3,State,Alaska,780,5.23,285900,-1.41,91,-4,952,-1.76,4831,-3.57,788,7.93,166.14,0.89
2026-09-03,Monthly,2019-07-01,2019-07-31,5,State,Arizona,11124,3.82,275000,6.59,50,2,11793,-3.35,41937,-1.28,13574,7.99,162.15,5.74
2026-09-03,Monthly,2019-07-01,2019-07-31,7,State,Arkansas,3266,6.96,171000,6.88,70,0,3515,-0.55,16093,0.78,3292,7.46,98.59,2.06
2026-09-03,Monthly,2019-07-01,2019-07-31,9,State,California,32105,2.5,527000,3.23,45,7,35482,-5.39,128141,7.54,37214,6.14,323.49,1.7
2026-09-03,Monthly,2019-07-01,2019-07-31,11,State,Colorado,9683,3.22,385000,4.05,40,1,10364,0.43,34991,7.78,8915,-16.95,186.42,5.29
2026-09-03,Monthly,2019-07-01,2019-07-31,17,State,Columbia,734,-7.24,581250,0.96,27,9,901,-9.3,2667,5.27,878,-4.95,471.39,-2.24
2026-09-03,Monthly,2019-07-01,2019-07-31,13,State,Connecticut,4054,0.46,260000,1.96,80,0,4876,-5.6,24100,-2.7,6841,7.6,146.35,2.31
2026-09-03,Monthly,2019-07-01,2019-07-31,15,State,Delaware,1336,-3.66,255000,10.92,47,-15,1483,-5.29,6137,-10.94,1563,6.33,139.82,2.11
2026-09-03,Monthly,2019-07-01,2019-07-31,19,State,Florida,37606,2.64,245000,6.52,60,2,44151,-2.92,194857,0.85,43567,3.16,154.18,3.54
2026-09-03,Monthly,2019-07-01,2019-07-31,21,State,Georgia,13864,2.9,232500,4,51,6,17680,3.96,69640,6.19,16794,7.89,113.39,4.46
2026-09-03,Monthly,2019-07-01,2019-07-31,25,State,Hawaii,1416,3.16,576250,2.9,78,3,1759,2.93,8490,10.67,1520,2.22,518.38,2.12
2026-09-03,Monthly,2019-07-01,2019-07-31,27,State,Idaho,3078,7.66,288990,10.37,44,-19,3306,17.84,11428,3.72,3068,10.93,165.37,9.59
2026-09-03,Monthly,2019-07-01,2019-07-31,29,State,Illinois,13372,-0.7,220000,2.33,75,4,16186,-4.79,74873,3.73,15059,-2.55,131.5,1.07
2026-09-03,Monthly,2019-07-01,2019-07-31,31,State,Indiana,7888,2.38,173000,5.17,53,0,8221,-2.07,30981,-2.87,8337,2.47,94.52,7.09
2026-09-03,Monthly,2019-07-01,2019-07-31,33,State,Iowa,3303,-1.51,174900,2.88,70,1,3819,6.74,16470,3.42,3399,6.27,115.43,4.72
2026-09-03,Monthly,2019-07-01,2019-07-31,35,State,Kansas,3126,1.91,199000,5.68,55,-1,3356,0.61,13167,-1.72,3219,4.61,98.57,1.88
2026-09-03,Monthly,2019-07-01,2019-07-31,37,State,Kentucky,4283,1.66,179900,6.45,52,1,4973,-0.84,19600,0.14,4624,2.19,106.76,4.53
2026-09-03,Monthly,2019-07-01,2019-07-31,39,State,Louisiana,3470,-4.38,200855,3.34,68,-19,4083,5.89,20714,-0.51,3509,-2.89,113.54,3.16
2026-09-03,Monthly,2019-07-01,2019-07-31,41,State,Maine,1825,1.41,230000,1.72,43,-3,2239,-0.63,9492,-6.37,2092,-0.3,145.31,4.17
2026-09-03,Monthly,2019-07-01,2019-07-31,43,State,Maryland,7564,0.83,315000,7.88,45,11,8601,-5.14,31450,4.1,8831,3.42,162.13,-2.53
2026-09-03,Monthly,2019-07-01,2019-07-31,45,State,Massachusetts,7043,-1.84,430000,3.37,34,10,7891,-10.68,28389,8.32,8019,-4.3,241.15,4.18
2026-09-03,Monthly,2019-07-01,2019-07-31,47,State,Michigan,12012,-3.06,182568,4.32,41,1,14455,-1.73,52206,1.84,12734,-2.43,108.57,4.29
2026-09-03,Monthly,2019-07-01,2019-07-31,49,State,Minnesota,7324,2.46,260000,6.56,35,-5,7961,-0.49,32060,-1.21,7803,0.96,138.8,3.75
2026-09-03,Monthly,2019-07-01,2019-07-31,51,State,Mississippi,1885,-2.61,175900,1.82,82,-4,2290,0.85,11563,-3.81,1842,-0.69,98.87,4.92
2026-09-03,Monthly,2019-07-01,2019-07-31,2,State,Missouri,7403,-0.42,182000,6.43,49,-7,8157,-3.71,30181,-8.68,7932,-3,103.08,0.4
2026-09-03,Monthly,2019-07-01,2019-07-31,4,State,Montana,1355,13.48,301500,7.72,84,-1,1462,8.1,7218,-2.18,1328,13.53,154.85,1.96
2026-09-03,Monthly,2019-07-01,2019-07-31,6,State,Nebraska,1985,5.27,200000,5.26,30,-14,2117,-4.78,6730,-6.67,1994,4.1,106.36,3.25
2026-09-03,Monthly,2019-07-01,2019-07-31,8,State,Nevada,4663,-1.84,297000,4.21,58,6,5285,-2.63,21847,16.9,5856,3.89,174.22,3.2
2026-09-03,Monthly,2019-07-01,2019-07-31,10,State,New Hampshire,1943,-4.32,285000,3.64,59,-6,2236,-2.82,8785,-8.61,2312,-1.21,160.98,5.77
2026-09-03,Monthly,2019-07-01,2019-07-31,12,State,New Jersey,10195,-2.4,325000,3.17,86,3,12093,-9.05,60693,-3.41,11563,-5.15,187.79,2.59
2026-09-03,Monthly,2019-07-01,2019-07-31,14,State,New Mexico,2139,1.97,224900,11.35,61,-4,2351,-4.37,9740,-5.29,3493,4.05,127.32,4.81
2026-09-03,Monthly,2019-07-01,2019-07-31,16,State,New York,13056,-0.19,323928,3.82,69,2,17265,-0.32,82490,1.56,13929,0.51,176.92,2.85
2026-09-03,Monthly,2019-07-01,2019-07-31,18,State,North Carolina,13510,4.21,244000,7.02,64,-4,14880,1.75,64222,-0.01,14431,1.43,127.05,5.28
2026-09-03,Monthly,2019-07-01,2019-07-31,20,State,North Dakota,711,14.09,233000,6.39,95,-4,766,16.09,3853,12.36,637,13.16,110.43,2.9
2026-09-03,Monthly,2019-07-01,2019-07-31,22,State,Ohio,12808,0.37,170000,7.1,54,-2,14379,-4.13,53889,-3.81,15855,2.69,102.23,5.08
2026-09-03,Monthly,2019-07-01,2019-07-31,23,State,Oklahoma,4298,5.25,174449,5.73,38,-5,4650,-2.87,18090,-9.59,4673,6.91,100.59,4.62
2026-09-03,Monthly,2019-07-01,2019-07-31,24,State,Oregon,5344,-1.14,365000,3.99,43,0,5938,-6.16,21798,1.62,6159,1.1,210.06,3.38
2026-09-03,Monthly,2019-07-01,2019-07-31,26,State,Pennsylvania,12639,-2.52,210000,7.69,56,-10,14601,-0.43,59588,-5.41,13942,-0.74,119.83,0.33
2026-09-03,Monthly,2019-07-01,2019-07-31,58,State,Puerto Rico,NA,NA,NA,NA,NA,NA,NA,NA,NA,NA,NA,NA,NA,NA
2026-09-03,Monthly,2019-07-01,2019-07-31,28,State,Rhode Island,1329,6.43,281250,6.84,54,-3,1444,-13.98,5760,-8.69,1448,1.96,163.07,0.75
2026-09-03,Monthly,2019-07-01,2019-07-31,30,State,South Carolina,7549,10.91,228500,8.81,79,7,8704,4.06,41357,7.53,8326,22.77,121.66,3.53
2026-09-03,Monthly,2019-07-01,2019-07-31,32,State,South Dakota,875,-0.73,215950,5.75,75,0,1016,1.94,4511,8.48,826,-2.41,121.35,4.78
2026-09-03,Monthly,2019-07-01,2019-07-31,34,State,Tennessee,9703,5.66,234503,7.89,62,2,10364,-2.31,42027,1.97,10836,5.93,127.2,5.18
2026-09-03,Monthly,2019-07-01,2019-07-31,36,State,Texas,29022,3.86,249775,4.07,48,3,35123,3.3,133064,5.11,34487,4.03,124.43,3.66
2026-09-03,Monthly,2019-07-01,2019-07-31,38,State,Utah,4387,8.22,322900,6.04,34,4,4530,-2.86,14867,4.89,4791,7.09,147.83,6.62
2026-09-03,Monthly,2019-07-01,2019-07-31,40,State,Vermont,767,5.48,247000,7.39,92,-8,999,3.74,5401,-4.55,876,2.31,145.92,4.01
2026-09-03,Monthly,2019-07-01,2019-07-31,42,State,Virginia,10453,3.09,305000,2.01,48,4,11447,-2.27,42516,-3.41,11540,4.91,150.55,1.5
2026-09-03,Monthly,2019-07-01,2019-07-31,44,State,Washington,10106,-1.62,401000,4.18,25,3,10282,-9.34,30921,-2.38,11000,0.76,221.67,4.44
2026-09-03,Monthly,2019-07-01,2019-07-31,46,State,West Virginia,1120,14.38,174900,3.5,86,1,1270,8.04,6437,10.36,1195,21.02,96.04,0.86
2026-09-03,Monthly,2019-07-01,2019-07-31,48,State,Wisconsin,6756,0.74,205000,6.22,64,-2,7648,-0.88,30711,-2,7260,-4.03,118.78,5.4
2026-09-03,Monthly,2019-07-01,2019-07-31,50,State,Wyoming,835,6.21,250000,6.43,79,-12,806,8.46,4078,-3.22,830,6.61,120.18,4.78
2026-09-03,Monthly,2019-06-01,2019-06-30,1,State,Alabama,5148,-0.05,200400,5.53,76,-12,5876,3.12,27558,-1.15,5664,3.15,104.58,4.48
2026-09-03,Monthly,2019-06-01,2019-06-30,3,State,Alaska,761,3.27,287500,2.72,87,-9,943,-2.67,4875,-3.31,735,1.12,165.18,0.06
2026-09-03,Monthly,2019-06-01,2019-06-30,5,State,Arizona,11075,3.89,273000,5,51,1,12097,-1.98,43443,2.02,13500,5.16,160.03,4.58
2026-09-03,Monthly,2019-06-01,2019-06-30,7,State,Arkansas,3160,0.95,170425,3.29,71,-1,3597,2.78,16167,1.18,3219,-0.1,99.62,3.27
2026-09-03,Monthly,2019-06-01,2019-06-30,9,State,California,31852,1.45,530000,2.91,45,9,36415,-4.09,131050,10.74,36083,2.94,326.2,1.92
2026-09-03,Monthly,2019-06-01,2019-06-30,11,State,Colorado,9632,-0.7,386500,2.9,41,2,11058,6.13,35626,8.2,10683,-0.49,184.21,4.77
2026-09-03,Monthly,2019-06-01,2019-06-30,17,State,Columbia,785,0.15,610000,0.95,25,7,938,-3.01,2706,4.68,865,-8.15,472.39,-3
2026-09-03,Monthly,2019-06-01,2019-06-30,13,State,Connecticut,4103,2.33,263200,1.23,78,0,5132,-0.97,24950,-0.38,6822,10.92,145.96,3.5
2026-09-03,Monthly,2019-06-01,2019-06-30,15,State,Delaware,1373,1.7,255000,3.55,52,-10,1523,-0.39,6223,-9.93,1547,9.56,138.93,2.53
2026-09-03,Monthly,2019-06-01,2019-06-30,19,State,Florida,37505,2.9,248000,3.81,61,3,44585,-1.73,198827,3.07,43793,5.91,154.02,4.02
2026-09-03,Monthly,2019-06-01,2019-06-30,21,State,Georgia,13963,4.05,235000,4.44,50,3,17353,-1.04,70010,7.03,16720,6.17,113,4.89
2026-09-03,Monthly,2019-06-01,2019-06-30,25,State,Hawaii,1328,-6.17,570000,1.56,85,10,1631,5.89,8454,11.88,1491,2.84,509.66,2.48
2026-09-03,Monthly,2019-06-01,2019-06-30,27,State,Idaho,3188,10.7,287500,10.15,47,-18,3234,11.45,11429,2.28,3194,13.82,165.03,11.2
2026-09-03,Monthly,2019-06-01,2019-06-30,29,State,Illinois,13458,-2.13,226500,0.67,74,5,16753,-1.49,74744,4.44,15339,-0.1,132.33,2.18
2026-09-03,Monthly,2019-06-01,2019-06-30,31,State,Indiana,7824,0.13,175000,7.69,53,0,8103,-4.21,31074,-2.02,8439,3.26,94.07,6.29
2026-09-03,Monthly,2019-06-01,2019-06-30,33,State,Iowa,3408,3.27,178000,3.79,69,-3,3739,1.43,16327,1.56,3375,4.13,113.01,2.08
2026-09-03,Monthly,2019-06-01,2019-06-30,35,State,Kansas,3169,2.31,207500,6.41,56,-1,3427,-1.74,13194,-2.29,3115,-0.66,97.61,2.24
2026-09-03,Monthly,2019-06-01,2019-06-30,37,State,Kentucky,4318,3.48,183000,6.4,52,0,5038,0.46,19572,0.97,4609,4.28,105.05,3.42
2026-09-03,Monthly,2019-06-01,2019-06-30,39,State,Louisiana,3542,1.97,208000,7.6,69,-17,4295,5.39,20688,-1.54,3680,3.67,112.42,3.13
2026-09-03,Monthly,2019-06-01,2019-06-30,41,State,Maine,1831,2.39,239000,3.96,40,-3,2311,0.75,9520,-5.64,2156,5.4,144.84,3.46
2026-09-03,Monthly,2019-06-01,2019-06-30,43,State,Maryland,7443,0.42,316000,4.98,44,12,8928,-1.05,31971,4.34,8950,6.75,162.75,-2.46
2026-09-03,Monthly,2019-06-01,2019-06-30,45,State,Massachusetts,7107,-0.37,435000,3.57,24,0,8494,-5.63,27708,4.73,8250,0.04,243.72,5.5
2026-09-03,Monthly,2019-06-01,2019-06-30,47,State,Michigan,12013,-0.43,184000,5.14,41,1,14585,-0.28,52593,3.55,12800,-0.29,107.96,3.75
2026-09-03,Monthly,2019-06-01,2019-06-30,49,State,Minnesota,7290,1.4,262500,5.63,35,-6,8142,-0.6,31775,-2.89,7984,4.11,139,4.16
2026-09-03,Monthly,2019-06-01,2019-06-30,51,State,Mississippi,1914,0.98,179000,5.36,84,-2,2342,-1.49,11585,-4.6,1855,-0.76,98.48,4.73
2026-09-03,Monthly,2019-06-01,2019-06-30,2,State,Missouri,7367,-0.13,189900,8.51,49,-8,8296,-2.17,30134,-8.23,7972,-2.75,103.34,1.67
2026-09-03,Monthly,2019-06-01,2019-06-30,4,State,Montana,1270,5.01,303950,10.53,83,-6,1518,5.03,7233,-2.5,1284,4.18,151.01,1.53
2026-09-03,Monthly,2019-06-01,2019-06-30,6,State,Nebraska,1931,0.32,200000,2.56,29,-16,2235,3.33,6743,-4.9,1982,7,106.79,3.5
2026-09-03,Monthly,2019-06-01,2019-06-30,8,State,Nevada,4563,-3.31,298500,4.74,57,0,5686,4.75,22170,18.32,5665,-1.32,171.93,2.77
2026-09-03,Monthly,2019-06-01,2019-06-30,10,State,New Hampshire,2035,-0.88,299000,6.79,59,-6,2262,-2.14,8856,-8.52,2332,-0.02,159.12,4.29
2026-09-03,Monthly,2019-06-01,2019-06-30,12,State,New Jersey,10371,-0.42,320000,3.23,83,-2,12690,-7,62690,-0.91,11996,-2.35,188.18,2.15
2026-09-03,Monthly,2019-06-01,2019-06-30,14,State,New Mexico,2160,1.94,223000,6.24,60,-6,2511,3.17,9914,-3.11,3491,4.57,127.82,6.58
2026-09-03,Monthly,2019-06-01,2019-06-30,16,State,New York,13366,-1.63,338000,10.1,71,3,17295,-0.36,83224,2.93,14080,2.59,182.3,2.09
2026-09-03,Monthly,2019-06-01,2019-06-30,18,State,North Carolina,13528,6.12,247500,6.91,64,-3,15201,3.01,64423,-0.07,14818,6.62,126.63,5.1
2026-09-03,Monthly,2019-06-01,2019-06-30,20,State,North Dakota,669,-2.64,227000,0.33,93,-4,746,11.2,3824,7.71,591,-3.79,111.8,5.8
2026-09-03,Monthly,2019-06-01,2019-06-30,22,State,Ohio,12913,2.21,174900,8.97,53,-3,14508,-2.23,54291,-2.86,16094,5.9,102.06,5.29
2026-09-03,Monthly,2019-06-01,2019-06-30,23,State,Oklahoma,4200,3.84,176500,7.03,39,-5,4600,-5.97,18333,-8.61,4684,5.09,99.53,3.61
2026-09-03,Monthly,2019-06-01,2019-06-30,24,State,Oregon,5247,-3.31,369000,3.94,42,4,6273,0.7,22109,3.81,6114,0.62,208.81,3.03
2026-09-03,Monthly,2019-06-01,2019-06-30,26,State,Pennsylvania,13008,1.43,216000,6.4,57,-9,14621,-0.28,60554,-5.26,14098,2.79,120.58,2.2
2026-09-03,Monthly,2019-06-01,2019-06-30,58,State,Puerto Rico,NA,NA,NA,NA,NA,NA,NA,NA,NA,NA,NA,NA,NA,NA
2026-09-03,Monthly,2019-06-01,2019-06-30,28,State,Rhode Island,1352,3.01,285000,5.56,58,0,1526,-10.81,5986,-3.49,1505,4.11,165.39,5.45
2026-09-03,Monthly,2019-06-01,2019-06-30,30,State,South Carolina,7527,9.55,230000,4.7,78,6,8688,2.27,41424,7.26,8249,23.13,124.05,5.62
2026-09-03,Monthly,2019-06-01,2019-06-30,32,State,South Dakota,868,-0.47,215000,2.38,73,-4,1053,13.01,4451,8.33,832,0.42,121.28,5.2
2026-09-03,Monthly,2019-06-01,2019-06-30,34,State,Tennessee,9631,3.61,238000,8.18,60,0,10856,5.3,42417,4.21,10936,9.9,127.84,7.21
2026-09-03,Monthly,2019-06-01,2019-06-30,36,State,Texas,28558,1.99,250080,2.12,48,5,35347,3.31,133770,6.02,34151,3.91,123.83,3.21
2026-09-03,Monthly,2019-06-01,2019-06-30,38,State,Utah,4242,3.02,327000,7.21,36,7,4693,1.76,15112,7.86,4858,4.47,147.7,7.55
2026-09-03,Monthly,2019-06-01,2019-06-30,40,State,Vermont,762,5.58,245000,6.52,95,-10,1012,0.57,5466,-3.63,908,7.5,146.52,5.95
2026-09-03,Monthly,2019-06-01,2019-06-30,42,State,Virginia,10480,2.79,312000,0.93,49,7,11708,-4,43451,-2.78,11578,4.97,150.17,1.44
2026-09-03,Monthly,2019-06-01,2019-06-30,44,State,Washington,10288,-0.47,410000,4.59,24,6,10694,-6.53,32001,2.41,11367,3.19,220.3,4.02
2026-09-03,Monthly,2019-06-01,2019-06-30,46,State,West Virginia,1187,18.47,170000,0.48,87,0,1272,11.42,6483,11.54,1231,18.54,96.08,0.93
2026-09-03,Monthly,2019-06-01,2019-06-30,48,State,Wisconsin,6674,-0.53,215000,9.14,63,-4,7808,3.38,30976,-1.32,7419,0.24,118.75,5.07
2026-09-03,Monthly,2019-06-01,2019-06-30,50,State,Wyoming,833,7.88,242900,4.03,86,-6,847,15.25,4133,-4.96,799,6.39,119.09,5.48
2026-09-03,Monthly,2019-05-01,2019-05-31,1,State,Alabama,5217,1.88,200000,6.95,78,-8,6027,7.8,27773,-0.73,5712,5.58,103.81,4.06
2026-09-03,Monthly,2019-05-01,2019-05-31,3,State,Alaska,764,-1.52,285000,3.64,89,-8,1001,-0.57,5004,-2.6,776,1.21,166.24,2.07
2026-09-03,Monthly,2019-05-01,2019-05-31,5,State,Arizona,11046,2.91,271000,5.04,51,2,12238,0.63,44897,5.67,13526,6.89,160.06,6.16
2026-09-03,Monthly,2019-05-01,2019-05-31,7,State,Arkansas,3318,7.22,169250,5.52,69,-2,3495,-1.89,16390,2.02,3487,7.93,99.71,5.01
2026-09-03,Monthly,2019-05-01,2019-05-31,9,State,California,31816,1.56,521500,2.25,46,11,38189,1.73,133439,13.76,36624,3.8,328.27,3.77
2026-09-03,Monthly,2019-05-01,2019-05-31,11,State,Colorado,9565,-0.18,389900,3.97,40,2,11228,6.71,35589,6.87,10625,-2.33,183.91,5.34
2026-09-03,Monthly,2019-05-01,2019-05-31,17,State,Columbia,798,-2.32,594900,-0.61,27,11,1011,-0.35,2761,6.33,871,0.93,472.39,-4.78
2026-09-03,Monthly,2019-05-01,2019-05-31,13,State,Connecticut,4078,4.51,255000,6.25,81,3,5363,3.24,25659,1.82,6838,22.01,146.45,1.86
2026-09-03,Monthly,2019-05-01,2019-05-31,15,State,Delaware,1283,-2.99,245000,2.08,52,-12,1539,-7.41,6265,-11.06,1531,7.81,137.38,0.91
2026-09-03,Monthly,2019-05-01,2019-05-31,19,State,Florida,37618,3.36,244900,6.02,63,4,45496,0.89,202950,5.13,43759,4.59,153.14,3.16
2026-09-03,Monthly,2019-05-01,2019-05-31,21,State,Georgia,13890,3.08,234900,5.53,51,5,18084,6.88,70547,8.68,16847,5.69,113.24,5.37
2026-09-03,Monthly,2019-05-01,2019-05-31,25,State,Hawaii,1328,-1,569000,3.45,87,10,1721,8.23,8540,13.16,1460,-0.28,506.97,0.82
2026-09-03,Monthly,2019-05-01,2019-05-31,27,State,Idaho,3043,4.17,280000,11.11,46,-20,3379,22.83,11597,5.35,3330,18.04,162.1,9.54
2026-09-03,Monthly,2019-05-01,2019-05-31,29,State,Illinois,13530,-3.2,220000,1.85,72,7,17010,0.32,75240,6.38,15529,0.59,131.8,1.66
2026-09-03,Monthly,2019-05-01,2019-05-31,31,State,Indiana,7757,-0.98,169900,4.88,53,-2,8438,0.79,31582,-1.13,8546,2.17,92.87,5.66
2026-09-03,Monthly,2019-05-01,2019-05-31,33,State,Iowa,3407,1.76,167500,1.52,69,-7,3802,2.81,16444,0.99,3463,5.38,112.69,0.8
2026-09-03,Monthly,2019-05-01,2019-05-31,35,State,Kansas,3130,2.68,195000,2.63,55,-2,3455,-1.81,13525,1.04,3302,7.09,99.31,3.59
2026-09-03,Monthly,2019-05-01,2019-05-31,37,State,Kentucky,4270,2.27,173500,5.15,53,1,5187,1.91,19677,1.6,4662,3.19,105.52,5.42
2026-09-03,Monthly,2019-05-01,2019-05-31,39,State,Louisiana,3610,4.27,201000,4.42,70,-18,4309,5.45,20825,-0.77,3683,5.71,112.98,3.92
2026-09-03,Monthly,2019-05-01,2019-05-31,41,State,Maine,1808,5.44,231000,5.24,46,-3,2301,1.23,9511,-5.47,2134,-0.74,144.8,3.6
2026-09-03,Monthly,2019-05-01,2019-05-31,43,State,Maryland,7421,-0.35,310000,5.08,44,10,9195,-0.26,32285,3.94,9020,7.14,163.66,-1.3
2026-09-03,Monthly,2019-05-01,2019-05-31,45,State,Massachusetts,7222,4.27,415000,3.78,26,3,9239,2.32,28365,6.91,8129,-2.67,243.2,4.75
2026-09-03,Monthly,2019-05-01,2019-05-31,47,State,Michigan,12067,-1.96,180350,6.09,41,1,14650,0.2,52528,3.96,12789,-0.74,108.19,5.89
2026-09-03,Monthly,2019-05-01,2019-05-31,49,State,Minnesota,7308,3.49,259326,5.85,36,-7,8175,0.96,30517,-1.68,7922,3.05,138.87,5.04
2026-09-03,Monthly,2019-05-01,2019-05-31,51,State,Mississippi,1960,4.98,173000,4.31,83,-3,2418,3.12,11709,-3.59,1930,7.5,98.21,5.31
2026-09-03,Monthly,2019-05-01,2019-05-31,2,State,Missouri,7500,0.56,182900,4.51,51,-7,8517,-0.5,30851,-5.96,8512,3.78,104.21,3.26
2026-09-03,Monthly,2019-05-01,2019-05-31,4,State,Montana,1316,9.57,290000,3.61,88,0,1510,1.18,7227,-1.84,1324,10.18,151.51,3.31
2026-09-03,Monthly,2019-05-01,2019-05-31,6,State,Nebraska,1893,-1.22,198000,4.21,28,-18,2337,9.73,6680,-4.44,1908,2.36,105.8,3.37
2026-09-03,Monthly,2019-05-01,2019-05-31,8,State,Nevada,4737,6.49,295000,3.91,58,2,5881,10.07,22330,20.69,5466,-2,173.03,4.92
2026-09-03,Monthly,2019-05-01,2019-05-31,10,State,New Hampshire,2082,5.48,280000,4.18,60,-6,2302,-0.01,9037,-6.22,2371,0.68,159.04,4.77
2026-09-03,Monthly,2019-05-01,2019-05-31,12,State,New Jersey,10752,4.31,308000,6.21,84,0,13033,-4.39,64473,1.84,11890,-3.72,188.76,2.41
2026-09-03,Monthly,2019-05-01,2019-05-31,14,State,New Mexico,2186,4.29,219945,10.25,61,-3,2303,-3.72,9896,-3.19,3601,8.64,126.41,5.2
2026-09-03,Monthly,2019-05-01,2019-05-31,16,State,New York,13119,-0.72,307000,5.48,72,-2,17796,2.06,83943,2.9,13696,-1.89,183.36,5.51
2026-09-03,Monthly,2019-05-01,2019-05-31,18,State,North Carolina,13421,4.67,241000,5.77,65,-4,15956,4.46,64828,-0.36,15026,4.87,126.5,6.08
2026-09-03,Monthly,2019-05-01,2019-05-31,20,State,North Dakota,687,0.47,225000,0,97,-5,815,14.35,3853,6.21,612,0.71,108.79,1.61
2026-09-03,Monthly,2019-05-01,2019-05-31,22,State,Ohio,12923,2.52,165000,6.45,53,-4,15167,1.22,55271,-1.21,15748,2.46,101.85,4.79
2026-09-03,Monthly,2019-05-01,2019-05-31,23,State,Oklahoma,4264,3.12,172500,6.15,40,-7,4766,-2.54,18606,-7.3,4692,5.09,99.46,3.21
2026-09-03,Monthly,2019-05-01,2019-05-31,24,State,Oregon,5317,0.46,368000,5.2,45,8,6459,1.54,22156,4.9,6066,1.45,210.12,3.43
2026-09-03,Monthly,2019-05-01,2019-05-31,26,State,Pennsylvania,12922,1.2,197000,4.79,56,-12,14864,1.51,61585,-4.54,14649,6.62,121.07,2.47
2026-09-03,Monthly,2019-05-01,2019-05-31,28,State,Rhode Island,1397,8.34,281500,6.23,57,1,1667,-0.79,6217,2.98,1581,9.5,164.68,4.97
2026-09-03,Monthly,2019-05-01,2019-05-31,30,State,South Carolina,7594,10.22,227500,5.81,78,6,8864,5.8,41771,8.47,8254,20.3,124.01,6
2026-09-03,Monthly,2019-05-01,2019-05-31,32,State,South Dakota,875,5.08,210000,3.45,83,3,993,4.87,4386,7.07,871,6.47,120.03,5.16
2026-09-03,Monthly,2019-05-01,2019-05-31,34,State,Tennessee,9756,6.41,229900,6.44,61,1,10630,0.82,42254,2.63,10749,5.28,126.61,6.29
2026-09-03,Monthly,2019-05-01,2019-05-31,36,State,Texas,28706,3.43,249900,3.26,47,4,35223,3.8,134143,7.27,34081,3.83,123.91,3.81
2026-09-03,Monthly,2019-05-01,2019-05-31,38,State,Utah,4380,9.12,324000,8,36,8,4687,0.22,15372,10.18,4858,5.04,146.93,7.77
2026-09-03,Monthly,2019-05-01,2019-05-31,40,State,Vermont,783,8.09,244450,11.24,93,-10,977,-0.48,5561,-1.9,910,1.72,143.61,6.55
2026-09-03,Monthly,2019-05-01,2019-05-31,42,State,Virginia,10589,4.7,309000,4.39,49,4,12336,-0.72,44142,-1.69,11635,6.47,148.99,0.75
2026-09-03,Monthly,2019-05-01,2019-05-31,44,State,Washington,9975,-2.28,410000,5.13,23,6,11596,-1.01,32695,5.9,11558,2.16,220.55,4.94
2026-09-03,Monthly,2019-05-01,2019-05-31,46,State,West Virginia,1071,4.93,172000,4.24,90,-1,1298,10.36,6500,9.94,1199,8.94,95.84,0.49
2026-09-03,Monthly,2019-05-01,2019-05-31,48,State,Wisconsin,6859,1.77,203403,9.36,63,-4,7935,2.01,31084,-1.85,7499,0.58,118.74,4.91
2026-09-03,Monthly,2019-05-01,2019-05-31,50,State,Wyoming,814,6.99,240000,6.69,83,-13,811,-0.08,4150,-7.33,796,6.67,115.18,4.04
2026-09-03,Monthly,2019-04-01,2019-04-30,1,State,Alabama,5257,4.02,189900,6.09,79,-8,5909,4.95,27947,-0.05,5860,8.7,104.19,4.75
2026-09-03,Monthly,2019-04-01,2019-04-30,3,State,Alaska,748,-1.75,280000,1.27,92,-4,1028,5.85,5075,-1.25,739,0.3,166.04,0.77
2026-09-03,Monthly,2019-04-01,2019-04-30,5,State,Arizona,10812,0.43,265000,6,53,4,12225,0.55,45523,6.74,13101,1.06,158.91,5.29
2026-09-03,Monthly,2019-04-01,2019-04-30,7,State,Arkansas,3343,14.89,160000,4.65,72,2,3804,13.54,16615,5.37,3576,16.08,98.99,5.74
2026-09-03,Monthly,2019-04-01,2019-04-30,9,State,California,29706,-5.52,512500,2.5,48,14,38091,2.07,131322,14.08,35470,2.93,326.07,3.36
2026-09-03,Monthly,2019-04-01,2019-04-30,11,State,Colorado,9202,-3.06,379900,2.4,40,3,11037,3.54,34453,4.36,10847,-1.89,182.74,4.45
2026-09-03,Monthly,2019-04-01,2019-04-30,17,State,Columbia,827,9.52,589000,0.21,27,12,979,-2.39,2738,8.12,945,5.23,457.87,-7.41
2026-09-03,Monthly,2019-04-01,2019-04-30,13,State,Connecticut,3977,-1.95,230500,0.22,81,4,5390,2.27,25596,0.86,6875,21.99,145.75,2.01
2026-09-03,Monthly,2019-04-01,2019-04-30,15,State,Delaware,1297,-1.5,239900,4.3,51,-20,1570,-1.63,6324,-10.78,1607,4.85,136.47,-0.2
2026-09-03,Monthly,2019-04-01,2019-04-30,19,State,Florida,36155,1.06,237000,3.04,63,5,45264,-0.09,205737,6.58,43435,3.08,153.18,3.61
2026-09-03,Monthly,2019-04-01,2019-04-30,21,State,Georgia,13673,1.63,225000,3.21,51,5,17441,2.64,69720,7.34,16382,0.7,113.51,5.91
2026-09-03,Monthly,2019-04-01,2019-04-30,25,State,Hawaii,1295,-5.68,540000,0.75,82,2,1682,3.43,8452,11.71,1399,-6.05,502.77,0.49
2026-09-03,Monthly,2019-04-01,2019-04-30,27,State,Idaho,2901,4.81,277000,14.99,49,-13,3382,22.64,11189,0.24,3320,9.34,159.91,8.79
2026-09-03,Monthly,2019-04-01,2019-04-30,29,State,Illinois,13110,-6.82,215000,1.65,68,6,17259,2.74,74760,6.01,15687,-4.1,133.11,2.82
2026-09-03,Monthly,2019-04-01,2019-04-30,31,State,Indiana,7727,-2.02,161000,5.23,56,-1,8213,1.19,31567,-3.87,8340,-0.9,92.28,4.87
2026-09-03,Monthly,2019-04-01,2019-04-30,33,State,Iowa,3264,-3.34,160000,3.03,76,0,3827,8.32,16151,-4.68,3371,-2.4,114,2.2
2026-09-03,Monthly,2019-04-01,2019-04-30,35,State,Kansas,2942,-4.25,182000,1.17,55,-3,3552,4.28,13542,1.81,3185,-1.86,99.35,3.9
2026-09-03,Monthly,2019-04-01,2019-04-30,37,State,Kentucky,4244,1.01,166000,1.22,52,0,5140,4.71,19765,3.35,4677,4.06,105.5,5.57
2026-09-03,Monthly,2019-04-01,2019-04-30,39,State,Louisiana,3535,0.61,192000,0,71,-18,4310,6.88,20929,0.2,3674,3.15,113.2,2.47
2026-09-03,Monthly,2019-04-01,2019-04-30,41,State,Maine,1791,2.48,215000,4.88,50,2,2147,-2.66,9417,-5.56,2123,-2.01,144.51,5.52
2026-09-03,Monthly,2019-04-01,2019-04-30,43,State,Maryland,7232,-4.54,295820,3.8,43,11,9425,2.64,32164,2.82,9170,6.88,163.43,-1.87
2026-09-03,Monthly,2019-04-01,2019-04-30,45,State,Massachusetts,7029,-0.65,390000,2.36,29,7,8868,2.27,28170,8.99,8311,1.35,244.16,5.16
2026-09-03,Monthly,2019-04-01,2019-04-30,47,State,Michigan,12070,-2.06,170000,4.49,44,4,14710,1.5,52085,3.25,12900,-0.04,108.92,5.72
2026-09-03,Monthly,2019-04-01,2019-04-30,49,State,Minnesota,6929,-3.29,251650,4.81,41,2,8087,5.83,26523,-0.77,7939,5.29,138.4,5.23
2026-09-03,Monthly,2019-04-01,2019-04-30,51,State,Mississippi,1955,2.58,169900,6.19,85,-6,2283,-3.9,11724,-3.27,1877,1.93,97.98,3.61
2026-09-03,Monthly,2019-04-01,2019-04-30,2,State,Missouri,7309,-1.12,172900,4.23,53,-2,8703,3.95,31144,-4.44,8463,1.6,104.31,3.48
2026-09-03,Monthly,2019-04-01,2019-04-30,4,State,Montana,1180,-1.01,289000,5.47,91,1,1475,3.54,7132,-2.02,1204,1.2,155.2,7.92
2026-09-03,Monthly,2019-04-01,2019-04-30,6,State,Nebraska,1776,-10.08,188000,3.3,47,3,2163,1.04,6482,-5.85,1877,-2.54,105.29,3.48
2026-09-03,Monthly,2019-04-01,2019-04-30,8,State,Nevada,4319,-4.18,290000,3.57,54,1,5816,10.71,21666,19.45,5390,0.88,173.98,6.09
2026-09-03,Monthly,2019-04-01,2019-04-30,10,State,New Hampshire,1981,-3.23,270000,0.37,61,-5,2257,-2.35,9075,-6.18,2391,1.16,157.8,2.58
2026-09-03,Monthly,2019-04-01,2019-04-30,12,State,New Jersey,10360,-2.04,290000,3.57,84,-1,14036,7.39,65489,3.75,12338,-0.04,190.25,5.28
2026-09-03,Monthly,2019-04-01,2019-04-30,14,State,New Mexico,2209,2.22,210000,5.26,64,-8,2452,1.35,10016,-3.14,3489,3.64,126.2,5.89
2026-09-03,Monthly,2019-04-01,2019-04-30,16,State,New York,13295,1.79,307500,4.59,72,-3,17467,1.98,83937,3.33,13838,-2.36,187.47,7.31
2026-09-03,Monthly,2019-04-01,2019-04-30,18,State,North Carolina,13156,2.68,240000,6.67,66,-3,15632,6.89,64394,-0.94,14741,2.55,126.11,5.4
2026-09-03,Monthly,2019-04-01,2019-04-30,20,State,North Dakota,652,-3.67,223000,2.2,100,0,787,10.34,3747,2.82,585,-4.77,109.76,1.99
2026-09-03,Monthly,2019-04-01,2019-04-30,22,State,Ohio,12858,1.06,156000,7.51,53,-5,15254,5.28,55190,-1.48,15806,2.09,101.24,5.12
2026-09-03,Monthly,2019-04-01,2019-04-30,23,State,Oklahoma,4140,-0.21,166000,3.75,48,-8,4985,4.28,18956,-5.54,4800,7.91,100.64,5.69
2026-09-03,Monthly,2019-04-01,2019-04-30,24,State,Oregon,5095,-7.09,350000,0.8,49,13,6377,2.46,21407,3.87,5886,-2.12,209.57,4.08
2026-09-03,Monthly,2019-04-01,2019-04-30,26,State,Pennsylvania,12402,-3.17,185000,2.78,56,-13,14847,2.58,61866,-5.09,14698,5.11,119.59,1.51
2026-09-03,Monthly,2019-04-01,2019-04-30,58,State,Puerto Rico,NA,NA,NA,NA,NA,NA,NA,NA,NA,NA,NA,NA,NA,NA
2026-09-03,Monthly,2019-04-01,2019-04-30,28,State,Rhode Island,1235,-1.96,262750,5.1,58,4,1677,3.13,6181,5.64,1581,2.02,164.98,5.33
2026-09-03,Monthly,2019-04-01,2019-04-30,30,State,South Carolina,7495,9.09,217000,3.33,76,0,8693,3.54,41633,8.04,7932,11.68,123.15,4.73
2026-09-03,Monthly,2019-04-01,2019-04-30,32,State,South Dakota,761,-11.16,208500,6.92,83,5,968,12.51,4262,4.49,785,-7.55,118.36,3.55
2026-09-03,Monthly,2019-04-01,2019-04-30,34,State,Tennessee,9364,1.73,220000,6.8,62,2,10683,6.05,42726,6.37,10752,5.65,126.48,6.07
2026-09-03,Monthly,2019-04-01,2019-04-30,36,State,Texas,28418,2.48,243000,3.4,48,5,35326,4.14,133962,8.49,34254,3.66,124.34,4.24
2026-09-03,Monthly,2019-04-01,2019-04-30,38,State,Utah,4047,0.99,318000,9.59,37,7,4816,2.84,15489,11.52,5043,8.47,145.07,5.72
2026-09-03,Monthly,2019-04-01,2019-04-30,40,State,Vermont,729,0.17,225000,-0.33,102,-7,942,-0.39,5629,-1.03,928,1.03,139.66,-0.72
2026-09-03,Monthly,2019-04-01,2019-04-30,42,State,Virginia,10334,1.09,300000,3.45,49,6,12419,0.55,43815,-1.9,11450,2.53,149.5,1.76
2026-09-03,Monthly,2019-04-01,2019-04-30,44,State,Washington,9678,-7.51,399000,4.25,26,10,11593,3.37,31967,7.54,11479,1.83,220.5,6.32
2026-09-03,Monthly,2019-04-01,2019-04-30,46,State,West Virginia,1134,17.73,159000,2.25,93,8,1319,11.8,6575,10.3,1229,12.58,95.47,0.22
2026-09-03,Monthly,2019-04-01,2019-04-30,48,State,Wisconsin,6543,-3.97,197000,9.44,64,-3,7751,6.54,30783,-3.71,7517,-0.88,117.93,5.93
2026-09-03,Monthly,2019-04-01,2019-04-30,50,State,Wyoming,772,-4.8,225000,4.65,83,-15,775,2.62,4195,-8.25,770,-2.66,121.53,9.13
2026-09-03,Monthly,2019-03-01,2019-03-31,1,State,Alabama,4946,0.45,187500,6.39,85,-6,5957,5.82,28108,1.15,5588,5.27,103.18,5.11
2026-09-03,Monthly,2019-03-01,2019-03-31,3,State,Alaska,774,3.75,265000,2.91,107,5,1023,1.69,5024,-3.14,732,0.27,164.04,-0.76
2026-09-03,Monthly,2019-03-01,2019-03-31,5,State,Arizona,10641,-2.55,261000,4.57,53,4,12090,-0.6,45442,5.83,12424,-3.73,158.31,5.45
2026-09-03,Monthly,2019-03-01,2019-03-31,7,State,Arkansas,3066,3.25,159900,3.16,70,-1,3612,3.19,16439,4.26,3284,3.06,98.63,3.57
2026-09-03,Monthly,2019-03-01,2019-03-31,9,State,California,29914,-5.08,495000,0,49,15,37059,0.25,128133,13.24,33776,-1.81,324.74,3.23
2026-09-03,Monthly,2019-03-01,2019-03-31,11,State,Colorado,9398,0.26,370000,2.01,40,5,10284,-5.03,33958,5.36,10369,-3.7,183.76,6.15
2026-09-03,Monthly,2019-03-01,2019-03-31,17,State,Columbia,815,2.97,570000,3.64,29,10,927,-0.8,2649,7.52,930,-15.9,457.9,-6.55
2026-09-03,Monthly,2019-03-01,2019-03-31,13,State,Connecticut,3920,-1.46,225000,0,84,2,5396,2.89,25575,0.37,6611,19.23,145.75,2.68
2026-09-03,Monthly,2019-03-01,2019-03-31,15,State,Delaware,1304,1.06,240000,2.13,55,-13,1605,4.26,6367,-10.63,1543,4.9,138.44,0.91
2026-09-03,Monthly,2019-03-01,2019-03-31,19,State,Florida,34979,-1.69,235000,3.07,62,4,45333,-0.28,206752,7.67,41781,-1.25,152.57,3.22
2026-09-03,Monthly,2019-03-01,2019-03-31,21,State,Georgia,13586,0.79,220000,2.33,50,2,17620,4.05,69174,6.18,16466,2.09,112.53,5.53
2026-09-03,Monthly,2019-03-01,2019-03-31,25,State,Hawaii,1319,-3.57,557000,3.15,75,1,1684,8.27,8442,12.67,1445,-3.51,509.64,0.79
2026-09-03,Monthly,2019-03-01,2019-03-31,27,State,Idaho,2808,-1.57,268530,7.41,46,-11,3008,10.32,10857,-8.08,3125,-72.72,159.59,10.31
2026-09-03,Monthly,2019-03-01,2019-03-31,29,State,Illinois,12828,-7.51,202000,1,70,7,17001,-0.15,73277,3.18,15541,-7.03,133.02,2.43
2026-09-03,Monthly,2019-03-01,2019-03-31,31,State,Indiana,7787,-0.65,160000,7.38,56,0,7866,-4.47,31850,-4.91,8402,0.57,91.6,5.02
2026-09-03,Monthly,2019-03-01,2019-03-31,33,State,Iowa,3179,-5.43,158500,5.67,73,-7,3369,-5.74,15687,-10.17,3241,-1.77,114.64,3.17
2026-09-03,Monthly,2019-03-01,2019-03-31,35,State,Kansas,2952,3.3,170000,-2.58,58,1,3390,-1.08,13419,2.47,3061,-1.42,97.43,3.01
2026-09-03,Monthly,2019-03-01,2019-03-31,37,State,Kentucky,4259,1.9,163000,4.15,53,2,5124,4.37,19740,3.23,4687,4.12,105.21,5.53
2026-09-03,Monthly,2019-03-01,2019-03-31,39,State,Louisiana,3417,2.44,190000,2.7,77,-14,4216,3.41,20777,0.76,3604,3.27,111.77,1.71
2026-09-03,Monthly,2019-03-01,2019-03-31,41,State,Maine,1775,2.31,216800,2.02,51,-5,2059,-4.53,9583,-4.33,2126,1.43,145.24,7.28
2026-09-03,Monthly,2019-03-01,2019-03-31,43,State,Maryland,7308,-3.24,285000,2.15,43,7,9154,-0.39,31733,1.38,9234,-18.46,161.54,-2.95
2026-09-03,Monthly,2019-03-01,2019-03-31,45,State,Massachusetts,7126,2.66,385000,2.67,30,6,8990,12.33,28354,11.53,8334,4.3,240.38,4.69
2026-09-03,Monthly,2019-03-01,2019-03-31,47,State,Michigan,12081,-1.12,162900,5.1,43,3,14623,1.07,51516,2.02,12815,-0.96,108.42,5.92
2026-09-03,Monthly,2019-03-01,2019-03-31,49,State,Minnesota,6908,-4.8,249900,8.65,41,4,7491,-4.6,22817,-6.03,7342,-4.13,137.92,5.33
2026-09-03,Monthly,2019-03-01,2019-03-31,51,State,Mississippi,1877,0.66,169500,5.21,89,4,2295,-1.41,11741,-2.35,1790,1.34,97.92,3.31
2026-09-03,Monthly,2019-03-01,2019-03-31,2,State,Missouri,7234,-2.84,167500,4.69,55,-1,7744,-7.6,30780,-5.89,8166,-3.31,102.03,1.46
2026-09-03,Monthly,2019-03-01,2019-03-31,4,State,Montana,1190,-2.08,284900,7.51,97,14,1192,-21.7,7039,-3.4,1196,-2,153.08,5.09
2026-09-03,Monthly,2019-03-01,2019-03-31,6,State,Nebraska,1805,-4.04,189900,6.69,47,6,1769,-14.06,6425,-5.84,1748,-9.1,104.29,1.92
2026-09-03,Monthly,2019-03-01,2019-03-31,8,State,Nevada,4153,-11.37,290000,5.46,55,9,5686,9.09,21279,17.43,5295,0.44,171.04,5.86
2026-09-03,Monthly,2019-03-01,2019-03-31,10,State,New Hampshire,2001,1.56,269000,7.6,60,-7,2261,0.56,9285,-3.84,2378,3.43,157.52,3.97
2026-09-03,Monthly,2019-03-01,2019-03-31,12,State,New Jersey,10381,2.31,283000,3.85,85,1,13667,6.62,65430,3.08,12321,-0.17,189.34,4.69
2026-09-03,Monthly,2019-03-01,2019-03-31,14,State,New Mexico,2036,-7.87,205000,5.13,65,-7,2424,0.58,9995,-4.46,3297,-5.1,125.25,5.3
2026-09-03,Monthly,2019-03-01,2019-03-31,16,State,New York,12575,-3.95,302000,-1.76,72,-3,17317,4.23,83781,3.79,13616,-0.21,188.54,11.45
2026-09-03,Monthly,2019-03-01,2019-03-31,18,State,North Carolina,13169,3.17,229840,3.74,67,-3,14955,0.56,63959,-2.17,14880,3.99,125.41,5.48
2026-09-03,Monthly,2019-03-01,2019-03-31,20,State,North Dakota,638,-5.2,220000,0.05,104,2,671,-2.56,3613,-1.09,576,-7.17,111.12,2.42
2026-09-03,Monthly,2019-03-01,2019-03-31,22,State,Ohio,12377,-3.06,148450,6.42,55,3,14678,-0.13,54814,-2.83,15515,0.28,101.77,6.58
2026-09-03,Monthly,2019-03-01,2019-03-31,23,State,Oklahoma,4115,-0.23,165000,5.17,62,-7,4734,-2.28,18692,-7.38,4427,-1.34,99.21,3.83
2026-09-03,Monthly,2019-03-01,2019-03-31,24,State,Oregon,4971,-10.19,349995,3.55,46,13,5905,-9.16,20873,1.95,5702,-5.86,209.19,3.65
2026-09-03,Monthly,2019-03-01,2019-03-31,26,State,Pennsylvania,12677,1.02,180000,1.41,58,-13,14728,2.09,61311,-7.4,14109,0.01,120.49,4.14
2026-09-03,Monthly,2019-03-01,2019-03-31,58,State,Puerto Rico,NA,NA,NA,NA,NA,NA,NA,NA,NA,NA,NA,NA,NA,NA
2026-09-03,Monthly,2019-03-01,2019-03-31,28,State,Rhode Island,1297,6.82,256250,4.63,62,5,1606,8.39,6055,5.98,1548,5.14,167.18,7.44
2026-09-03,Monthly,2019-03-01,2019-03-31,30,State,South Carolina,7559,10.42,216220,3.7,76,1,8673,2.45,41251,6.97,8113,17.25,122.8,4.72
2026-09-03,Monthly,2019-03-01,2019-03-31,32,State,South Dakota,748,-17.61,205000,4.94,73,-10,829,-5.52,4121,-0.54,760,-13.24,117.3,1.77
2026-09-03,Monthly,2019-03-01,2019-03-31,34,State,Tennessee,8927,-2.42,215000,2.87,62,3,10255,0.65,41619,2.25,10641,4.43,124.98,5.46
2026-09-03,Monthly,2019-03-01,2019-03-31,36,State,Texas,28357,3.5,238970,3.23,48,3,35187,4.36,132911,9.4,33635,2.75,123.64,4.13
2026-09-03,Monthly,2019-03-01,2019-03-31,38,State,Utah,3969,-3.21,305000,6.64,39,15,4691,1.71,15598,12.19,4926,2.99,143.42,6.35
2026-09-03,Monthly,2019-03-01,2019-03-31,40,State,Vermont,728,8.21,231000,1.76,102,-39,959,0.75,5661,-1.05,981,14.59,138.8,1.25
2026-09-03,Monthly,2019-03-01,2019-03-31,60,State,Virgin Islands of the U.S.,NA,NA,NA,NA,NA,NA,NA,NA,NA,NA,NA,NA,NA,NA
2026-09-03,Monthly,2019-03-01,2019-03-31,42,State,Virginia,10301,0.95,280000,0,48,3,12382,-0.24,43596,-3.27,11451,-10.32,149.05,1.69
2026-09-03,Monthly,2019-03-01,2019-03-31,44,State,Washington,9472,-9.13,390000,4.56,31,15,11199,-2.15,31533,6.08,11144,0.13,220.88,6.81
2026-09-03,Monthly,2019-03-01,2019-03-31,46,State,West Virginia,1009,2.45,158000,-0.63,95,1,1301,12.28,6492,8.24,1157,-1.52,95.47,0.28
2026-09-03,Monthly,2019-03-01,2019-03-31,48,State,Wisconsin,6412,-7.28,185000,5.77,64,-2,7156,-7.66,30624,-5.52,7276,-8.93,116.98,4.69
2026-09-03,Monthly,2019-03-01,2019-03-31,50,State,Wyoming,753,-3.58,225000,3.21,92,-5,785,-9.04,4259,-10.42,748,-2.78,117.11,2.31
2026-09-03,Monthly,2019-02-01,2019-02-28,1,State,Alabama,5073,7.28,177000,2.52,85,-9,5783,3.87,27962,1.48,5753,16.86,102.92,5.11
2026-09-03,Monthly,2019-02-01,2019-02-28,3,State,Alaska,737,-5.76,259900,-3.38,95,-6,1015,-4.63,5038,-4.51,689,-7.72,166.65,2.4
2026-09-03,Monthly,2019-02-01,2019-02-28,5,State,Arizona,10439,-4.03,257000,4.81,52,4,11990,-2.1,45184,4.97,11928,-6.02,157.93,5.87
2026-09-03,Monthly,2019-02-01,2019-02-28,7,State,Arkansas,3092,3.93,153000,2,76,5,3533,3.55,16469,5.43,3295,5.48,97.51,3.32
2026-09-03,Monthly,2019-02-01,2019-02-28,9,State,California,29072,-6.94,480000,2.13,47,15,36147,-5.91,126345,12.68,32502,-5.67,324.63,3.9
2026-09-03,Monthly,2019-02-01,2019-02-28,11,State,Colorado,9377,-2.73,365000,2.82,40,7,10743,1.81,34379,8.81,10329,-1.26,183.94,6.15
2026-09-03,Monthly,2019-02-01,2019-02-28,17,State,Columbia,716,-13.93,575325,7.79,26,4,920,-1.48,2567,6.29,931,17.08,476.45,-1.87
2026-09-03,Monthly,2019-02-01,2019-02-28,13,State,Connecticut,3963,-0.02,214000,-2.33,81,-3,5415,-12.14,25665,-0.31,6513,18.87,147.04,5.34
2026-09-03,Monthly,2019-02-01,2019-02-28,15,State,Delaware,1281,4.89,234725,6.72,51,-21,1535,-6.38,6388,-11.5,1665,37.9,138.52,2.35
2026-09-03,Monthly,2019-02-01,2019-02-28,19,State,Florida,34593,-0.87,230000,4.55,62,4,45157,-0.44,206813,8.69,41152,-0.58,152.57,3.49
2026-09-03,Monthly,2019-02-01,2019-02-28,21,State,Georgia,13491,0.19,210000,2.94,51,0,17299,-0.63,69206,6.83,15724,-0.39,112.43,6.06
2026-09-03,Monthly,2019-02-01,2019-02-28,25,State,Hawaii,1228,-11.29,535750,2.05,78,5,1696,4.65,8345,11.3,1401,-6.15,509.09,2.03
2026-09-03,Monthly,2019-02-01,2019-02-28,27,State,Idaho,2938,6.69,267703,13.92,46,-18,3165,12.93,10948,-8.4,3132,4.8,156.41,10.72
2026-09-03,Monthly,2019-02-01,2019-02-28,29,State,Illinois,13027,-1.64,189950,2.12,72,9,16630,-0.96,72571,2.32,14743,-7.31,134.95,4.92
2026-09-03,Monthly,2019-02-01,2019-02-28,31,State,Indiana,7752,-0.17,152000,4.11,55,-4,8009,-3.1,32483,-2.82,8122,-0.31,92.34,6.65
2026-09-03,Monthly,2019-02-01,2019-02-28,33,State,Iowa,3380,3.71,150000,0,72,-6,3158,-13.04,16125,-6.9,3421,9.06,113.86,3.53
2026-09-03,Monthly,2019-02-01,2019-02-28,35,State,Kansas,2989,6.08,163000,-1.81,59,1,3232,-3.38,13494,4.4,3045,0.28,97.3,2.28
2026-09-03,Monthly,2019-02-01,2019-02-28,37,State,Kentucky,4256,2.48,159900,3.23,53,1,4977,-2.31,19671,2.5,4573,3.21,104.45,4.74
2026-09-03,Monthly,2019-02-01,2019-02-28,39,State,Louisiana,3688,12.13,180000,-0.47,79,-9,4363,6.37,21305,4.37,3802,11.27,111.39,2.98
2026-09-03,Monthly,2019-02-01,2019-02-28,41,State,Maine,1732,-0.23,210000,5,48,-6,2127,-4.91,9858,-2.07,2109,-1.4,147.81,10.72
2026-09-03,Monthly,2019-02-01,2019-02-28,43,State,Maryland,7147,-1.6,272250,1.87,43,5,8824,-7.35,31260,-0.39,9587,19.05,161.76,-2.32
2026-09-03,Monthly,2019-02-01,2019-02-28,45,State,Massachusetts,7278,6.09,369900,5.69,30,4,8794,-4.25,28149,6.65,8284,-2.26,239.61,4.37
2026-09-03,Monthly,2019-02-01,2019-02-28,47,State,Michigan,12099,-0.47,159900,8.47,40,-2,14592,1.16,51506,2.18,12753,0.51,107.82,5.29
2026-09-03,Monthly,2019-02-01,2019-02-28,49,State,Minnesota,7153,1.92,237250,5.44,40,0,7312,-10.87,20208,-2.2,7462,-2.92,137.27,5.02
2026-09-03,Monthly,2019-02-01,2019-02-28,51,State,Mississippi,1944,8.14,159900,1.85,90,0,2324,1.5,11819,-0.62,1851,7.78,97.17,4.47
2026-09-03,Monthly,2019-02-01,2019-02-28,2,State,Missouri,7359,-0.03,160000,3.23,57,0,7810,-8.91,30947,-5.27,8058,-1.59,102.03,1.48
2026-09-03,Monthly,2019-02-01,2019-02-28,4,State,Montana,1178,-2.23,279000,5.32,92,2,1270,-11.32,7386,1.58,1184,-2.14,156.36,8.1
2026-09-03,Monthly,2019-02-01,2019-02-28,6,State,Nebraska,2011,8.15,180000,5.88,42,-2,1752,-12.34,6723,-0.46,1855,-3.14,105.6,3.01
2026-09-03,Monthly,2019-02-01,2019-02-28,8,State,Nevada,3972,-10.77,285000,5.56,50,6,5246,-3.38,20676,15.99,4798,-11.1,172,6.58
2026-09-03,Monthly,2019-02-01,2019-02-28,10,State,New Hampshire,1981,9.84,249933,4.14,62,3,2305,-15.08,9525,-2.41,2336,-4.32,156.19,4.85
2026-09-03,Monthly,2019-02-01,2019-02-28,12,State,New Jersey,10023,-1.11,275000,5.77,84,-1,13931,-2.24,65008,1.93,12249,4.03,188.41,3.31
2026-09-03,Monthly,2019-02-01,2019-02-28,14,State,New Mexico,2053,-3.14,199900,5.21,66,-2,2343,-4.56,10032,-4.71,3253,-4.79,124.1,4.52
2026-09-03,Monthly,2019-02-01,2019-02-28,16,State,New York,12069,-5.13,315000,8.62,75,0,17085,-0.79,82993,1.89,13484,-0.61,185.67,4.53
2026-09-03,Monthly,2019-02-01,2019-02-28,18,State,North Carolina,13273,5.11,223900,6.62,68,-5,14571,-2.42,63923,-2.59,14539,2.29,125.58,6.36
2026-09-03,Monthly,2019-02-01,2019-02-28,20,State,North Dakota,657,5.23,215000,4.9,103,5,684,-7.07,3659,-0.17,597,2,110.2,2.79
2026-09-03,Monthly,2019-02-01,2019-02-28,22,State,Ohio,12380,2.06,143000,5.93,56,-3,14657,-0.14,54891,-2.41,15486,0.63,101.43,7.52
2026-09-03,Monthly,2019-02-01,2019-02-28,23,State,Oklahoma,4051,2.14,157000,3.29,69,-7,4755,0.34,19100,-5.47,4544,5.26,98.56,3.82
2026-09-03,Monthly,2019-02-01,2019-02-28,24,State,Oregon,5036,-11.94,345000,4.23,42,9,5635,-11.15,21181,6.51,5708,-7.59,207.35,3.78
2026-09-03,Monthly,2019-02-01,2019-02-28,26,State,Pennsylvania,12258,3.11,173000,4.85,60,-14,14535,-1.06,60867,-8.96,14294,11.59,119.05,1.36
2026-09-03,Monthly,2019-02-01,2019-02-28,58,State,Puerto Rico,NA,NA,NA,NA,NA,NA,NA,NA,NA,NA,NA,NA,NA,NA
2026-09-03,Monthly,2019-02-01,2019-02-28,28,State,Rhode Island,1243,-3.83,245000,2.89,60,5,1682,-2.88,6097,5.97,1599,5.97,166.76,6.03
2026-09-03,Monthly,2019-02-01,2019-02-28,30,State,South Carolina,7601,11.73,206000,3,77,0,8587,4.03,40881,7.65,7709,11.58,123.27,5.4
2026-09-03,Monthly,2019-02-01,2019-02-28,32,State,South Dakota,793,-1.83,195000,2.7,79,-1,901,1.61,4212,1.86,808,-3.66,117.81,4.22
2026-09-03,Monthly,2019-02-01,2019-02-28,34,State,Tennessee,9109,3.95,207000,3.55,63,3,9971,-2.75,42222,5.49,10405,2.56,125.1,5.32
2026-09-03,Monthly,2019-02-01,2019-02-28,36,State,Texas,27645,1.65,230000,1.77,49,4,34866,4.52,131931,10.1,33765,3.84,123.63,4.1
2026-09-03,Monthly,2019-02-01,2019-02-28,38,State,Utah,3948,-7.32,305000,8.66,35,12,4658,-2.56,15953,12.15,4814,-1.03,144.81,9.29
2026-09-03,Monthly,2019-02-01,2019-02-28,40,State,Vermont,698,1.61,217500,1.16,104,-9,945,1.5,5719,0.82,883,6.43,141.78,3.72
2026-09-03,Monthly,2019-02-01,2019-02-28,42,State,Virginia,10220,0.32,269000,0.96,50,1,11969,-6.03,43673,-3.89,11303,6.21,147.99,0.9
2026-09-03,Monthly,2019-02-01,2019-02-28,44,State,Washington,9754,-7,385000,5.48,30,14,9546,-15.99,31389,6.27,10180,-9.18,217.29,5.49
2026-09-03,Monthly,2019-02-01,2019-02-28,46,State,West Virginia,1028,1.78,149950,-0.99,93,-2,1249,0.9,6411,6.79,1154,14.67,95.59,0.52
2026-09-03,Monthly,2019-02-01,2019-02-28,48,State,Wisconsin,6714,-0.5,176000,6.34,64,-5,6727,-13.01,31173,-4.55,6950,-11.44,118.4,7.09
2026-09-03,Monthly,2019-02-01,2019-02-28,50,State,Wyoming,773,6.33,222750,4.09,85,-10,815,0.52,4348,-9.3,769,4.56,117.08,2.56
2026-09-03,Monthly,2019-01-01,2019-01-31,1,State,Alabama,4692,0.59,178590,6.3,87,-9,5643,5.27,27656,0.41,4952,0.1,103.54,5.57
2026-09-03,Monthly,2019-01-01,2019-01-31,3,State,Alaska,645,-14.97,257000,-1.15,105,3,1000,-10.84,4965,-4.96,653,-14.37,165.39,3.52
2026-09-03,Monthly,2019-01-01,2019-01-31,5,State,Arizona,10219,-5.35,259000,7.92,51,0,12408,2.28,44640,3.48,11677,-7.68,157.48,6.07
2026-09-03,Monthly,2019-01-01,2019-01-31,7,State,Arkansas,2819,-3.18,161000,9.69,71,-1,3568,9.14,16219,4.51,3067,-0.33,98.51,3.23
2026-09-03,Monthly,2019-01-01,2019-01-31,9,State,California,27494,-11.03,465000,2.2,44,10,37144,0.5,126227,15.94,32470,-5.48,322.52,3.63
2026-09-03,Monthly,2019-01-01,2019-01-31,11,State,Colorado,8990,-6.28,355000,3.5,41,7,10917,2.44,34131,9.07,10272,-3.41,182.28,5.79
2026-09-03,Monthly,2019-01-01,2019-01-31,17,State,Columbia,775,-5.02,529500,5.9,29,9,888,-4.43,2566,2.8,847,0.62,460.69,-5
2026-09-03,Monthly,2019-01-01,2019-01-31,13,State,Connecticut,3872,-1.92,219900,-1.28,81,-1,5159,5.4,25038,1.46,6360,25.7,145.27,4.75
2026-09-03,Monthly,2019-01-01,2019-01-31,15,State,Delaware,1091,-14.26,235000,4.91,53,-19,1458,-6.76,6430,-11.31,1477,14.83,138.03,4.51
2026-09-03,Monthly,2019-01-01,2019-01-31,19,State,Florida,32772,-5.54,225000,4.65,61,2,46049,3.97,204497,8.43,40004,-3.71,153.14,4.16
2026-09-03,Monthly,2019-01-01,2019-01-31,21,State,Georgia,13083,-2.31,209900,6.55,50,-2,17781,10.34,68718,6.43,15461,-3.43,111.78,5.88
2026-09-03,Monthly,2019-01-01,2019-01-31,25,State,Hawaii,1258,-7.21,550000,2.8,76,-4,1892,20.86,8177,11.06,1393,-6.69,509.05,0.77
2026-09-03,Monthly,2019-01-01,2019-01-31,27,State,Idaho,2758,0.56,260484,12.28,50,-13,3455,32.73,11044,-6.47,3166,11.71,155.39,9.75
2026-09-03,Monthly,2019-01-01,2019-01-31,29,State,Illinois,12097,-8.97,188000,1.62,71,16,15780,-6.71,72559,2.91,14185,-7.88,132.69,3.33
2026-09-03,Monthly,2019-01-01,2019-01-31,31,State,Indiana,7529,-3.93,148000,4.96,53,-7,7824,0.57,32106,-3.19,7714,-5.33,91.38,4.8
2026-09-03,Monthly,2019-01-01,2019-01-31,33,State,Iowa,3147,-7.1,155000,5.8,72,-7,3529,-1.23,16417,-4.47,3255,0.6,112.5,0.32
2026-09-03,Monthly,2019-01-01,2019-01-31,35,State,Kansas,2833,-1.38,169500,-0.24,59,2,3362,4.74,13523,4.06,2961,-4.59,96.19,-0.42
2026-09-03,Monthly,2019-01-01,2019-01-31,37,State,Kentucky,4109,-1.45,158000,5.33,52,-2,5084,9.03,19523,2.25,4330,-1.83,103.23,2.99
2026-09-03,Monthly,2019-01-01,2019-01-31,39,State,Louisiana,3152,-2.56,181250,0.75,80,-6,4381,19.51,20815,3.27,3261,-1.63,111.67,3
2026-09-03,Monthly,2019-01-01,2019-01-31,41,State,Maine,1621,-6.05,203500,1.75,53,4,2002,0.44,9969,-0.59,2057,4.27,147.96,8.47
2026-09-03,Monthly,2019-01-01,2019-01-31,43,State,Maryland,6793,-7.57,272900,4.56,44,6,8719,0.53,31017,-0.94,9324,13.39,162.95,-1.34
2026-09-03,Monthly,2019-01-01,2019-01-31,45,State,Massachusetts,6804,-4.68,377500,2.79,30,5,8923,16.81,28440,10.51,8296,8.78,239.12,4.66
2026-09-03,Monthly,2019-01-01,2019-01-31,47,State,Michigan,11911,-2.98,155000,4.03,39,-2,14652,1.9,51846,2.26,12666,-1.4,109.26,8.37
2026-09-03,Monthly,2019-01-01,2019-01-31,49,State,Minnesota,6980,-2.63,234000,6.39,40,-2,8521,5.04,20371,6.35,7790,4.45,136.74,5.53
2026-09-03,Monthly,2019-01-01,2019-01-31,51,State,Mississippi,1810,-1.42,163000,5.84,96,12,2286,3.92,11628,-2.29,1654,-5.02,97.06,5.96
2026-09-03,Monthly,2019-01-01,2019-01-31,2,State,Missouri,7226,-3.08,168000,10.16,56,-2,7820,4.34,31952,-1.53,7802,-5.87,101.93,1.34
2026-09-03,Monthly,2019-01-01,2019-01-31,4,State,Montana,1140,1.12,269000,3.5,92,3,1386,-1.82,7438,2.67,1135,-0.57,151.6,4.89
2026-09-03,Monthly,2019-01-01,2019-01-31,6,State,Nebraska,1878,0.41,177225,4.25,40,-3,2008,7.83,6914,1.52,1849,-4.76,104.57,2.98
2026-09-03,Monthly,2019-01-01,2019-01-31,8,State,Nevada,3834,-17.25,290000,10.27,48,-1,5708,9.15,20382,17.15,4658,-17.85,172.48,8.37
2026-09-03,Monthly,2019-01-01,2019-01-31,10,State,New Hampshire,1693,-13.63,268000,7.23,63,-7,2296,4.35,9570,-0.71,2421,6.41,155.24,4.95
2026-09-03,Monthly,2019-01-01,2019-01-31,12,State,New Jersey,9879,-1.45,287645,4.6,83,-3,14066,9.05,64048,1.28,11801,1.58,188.2,5.92
2026-09-03,Monthly,2019-01-01,2019-01-31,14,State,New Mexico,2004,-3.86,195500,3.44,64,-3,2348,-0.99,10044,-4.8,3187,-5.5,123.3,3.37
2026-09-03,Monthly,2019-01-01,2019-01-31,16,State,New York,11932,-4.2,310000,3.33,72,-5,17473,5.94,83104,3.08,13534,3.5,190.26,11.09
2026-09-03,Monthly,2019-01-01,2019-01-31,18,State,North Carolina,12667,0.93,215000,3.86,67,-5,14845,4.16,63943,-2.09,14013,-2.5,124.02,4.47
2026-09-03,Monthly,2019-01-01,2019-01-31,20,State,North Dakota,640,4.22,218000,2.85,99,-5,759,6.95,3673,1.44,589,3.83,110,0.81
2026-09-03,Monthly,2019-01-01,2019-01-31,22,State,Ohio,11997,-3.18,138000,5.75,55,-3,14108,1.7,54616,-2.69,15333,-0.25,100.16,5.88
2026-09-03,Monthly,2019-01-01,2019-01-31,23,State,Oklahoma,3840,-0.7,155000,5.44,67,-3,4597,-1.03,19267,-5.11,4378,0.64,97.96,2.46
2026-09-03,Monthly,2019-01-01,2019-01-31,24,State,Oregon,4967,-11.55,335000,3.96,42,8,6409,1.8,21649,8.96,5694,-11.46,207.52,5.34
2026-09-03,Monthly,2019-01-01,2019-01-31,26,State,Pennsylvania,11567,-7.39,172000,-0.82,58,-16,14801,3.22,60472,-9.55,13882,6.01,120.08,2.59
2026-09-03,Monthly,2019-01-01,2019-01-31,58,State,Puerto Rico,NA,NA,NA,NA,NA,NA,NA,NA,NA,NA,NA,NA,NA,NA
2026-09-03,Monthly,2019-01-01,2019-01-31,28,State,Rhode Island,1196,-0.43,253000,7.66,59,7,1535,10.69,6077,7.85,1453,6.96,164.64,8.29
2026-09-03,Monthly,2019-01-01,2019-01-31,30,State,South Carolina,6484,-5.3,212000,3.65,76,-4,8765,9.6,39881,4.44,7243,5.88,121.63,5.72
2026-09-03,Monthly,2019-01-01,2019-01-31,32,State,South Dakota,767,-6.71,205000,11.41,77,-2,889,-4.69,4128,1.13,774,-6.43,119.16,7.09
2026-09-03,Monthly,2019-01-01,2019-01-31,34,State,Tennessee,8475,-1.04,207500,6.41,63,2,10159,11.65,41515,5.57,10338,2.84,124.45,5.11
2026-09-03,Monthly,2019-01-01,2019-01-31,36,State,Texas,25950,-4.14,223000,1.83,47,2,35005,6.06,130333,8.77,33286,3.67,122.95,4.22
2026-09-03,Monthly,2019-01-01,2019-01-31,38,State,Utah,3720,-12.12,301000,9.45,35,10,4775,-0.05,16034,10.11,4601,-11.42,142.55,9.26
2026-09-03,Monthly,2019-01-01,2019-01-31,40,State,Vermont,678,-2.74,215000,2.38,96,-18,944,13.72,5715,-0.13,875,5.02,135.72,1.99
2026-09-03,Monthly,2019-01-01,2019-01-31,42,State,Virginia,10116,-0.16,275000,3.89,49,2,11504,-2.1,43558,-3.89,10852,4.17,148.02,-0.19
2026-09-03,Monthly,2019-01-01,2019-01-31,44,State,Washington,9474,-11.14,369000,7.42,27,6,11197,-0.9,32559,9.86,11080,-2.97,218.77,7.85
2026-09-03,Monthly,2019-01-01,2019-01-31,46,State,West Virginia,875,-12.61,155000,3.68,87,-14,1224,9.18,6189,4.41,943,-7.3,95.79,0.89
2026-09-03,Monthly,2019-01-01,2019-01-31,48,State,Wisconsin,6522,-4.95,175000,3.55,64,-6,7466,0.69,31890,-2.64,7542,-2.46,116.04,2.28
2026-09-03,Monthly,2019-01-01,2019-01-31,50,State,Wyoming,695,-2.46,235000,11.37,86,-10,777,-10.05,4315,-9.82,719,-1.67,119.23,7.05
2026-09-03,Monthly,2018-12-01,2018-12-31,1,State,Alabama,4688,-2.23,183185,4.14,88,-5,5335,1.59,27429,-1.15,5237,0.86,102.12,4.4
2026-09-03,Monthly,2018-12-01,2018-12-31,3,State,Alaska,711,-2.89,275000,5.97,100,2,930,-11.38,5020,-3.54,731,-0.9,164.97,1.07
2026-09-03,Monthly,2018-12-01,2018-12-31,5,State,Arizona,10375,-4.66,258000,6.22,50,-2,12129,-0.35,43668,0.77,11693,-8.74,157.28,6.38
2026-09-03,Monthly,2018-12-01,2018-12-31,7,State,Arkansas,2911,-1.52,157185,2.74,71,0,3341,-2.08,15987,1.9,3140,0.62,99.2,6.89
2026-09-03,Monthly,2018-12-01,2018-12-31,9,State,California,27713,-13.89,478000,1.7,42,7,36499,-1.21,126321,16.9,33551,-7.81,317.16,1.69
2026-09-03,Monthly,2018-12-01,2018-12-31,11,State,Colorado,8735,-10.15,363000,4.94,39,4,10149,-3.97,33493,7.15,10117,-10.68,182.82,7.03
2026-09-03,Monthly,2018-12-01,2018-12-31,17,State,Columbia,813,-0.06,579450,3.47,30,9,876,-12.87,2558,-0.33,853,-5.18,453.61,-2.88
2026-09-03,Monthly,2018-12-01,2018-12-31,13,State,Connecticut,3869,-2.37,232950,3.53,81,-7,4971,-3.91,24881,-5.16,6647,-7.03,144.29,2.79
2026-09-03,Monthly,2018-12-01,2018-12-31,15,State,Delaware,1161,-9.69,240609,6.94,48,-33,1539,0.05,6509,-11.57,1379,-3.51,135.85,1.54
2026-09-03,Monthly,2018-12-01,2018-12-31,19,State,Florida,33413,-8.16,231000,3.82,59,-3,44864,-0.43,200962,6.71,39664,-6.37,152.92,3.82
2026-09-03,Monthly,2018-12-01,2018-12-31,21,State,Georgia,13044,-4.45,215500,4.11,50,-3,16885,-0.19,67523,2.81,14606,-9.58,111.49,5.71
2026-09-03,Monthly,2018-12-01,2018-12-31,25,State,Hawaii,1347,-7.42,532000,-1.48,79,3,1693,7.85,7870,7.75,1391,-7.99,503.33,-2.03
2026-09-03,Monthly,2018-12-01,2018-12-31,27,State,Idaho,2585,-8.84,260000,13.04,52,-8,3053,4.19,10751,-9.88,2661,-0.16,156.72,13.83
2026-09-03,Monthly,2018-12-01,2018-12-31,29,State,Illinois,12360,-10.03,190000,1.33,70,0,16048,-6.95,72682,-1.13,14521,-7.45,130.14,2.18
2026-09-03,Monthly,2018-12-01,2018-12-31,31,State,Indiana,7644,-2.54,152000,4.83,54,-6,8168,-2.03,31863,-5.79,7919,-5.48,89.64,3.19
2026-09-03,Monthly,2018-12-01,2018-12-31,33,State,Iowa,3269,-1.69,152500,4.67,67,-20,3450,-6.53,16287,-6.33,3092,-8.34,114.56,3.14
2026-09-03,Monthly,2018-12-01,2018-12-31,35,State,Kansas,2755,-8.26,175000,2.95,57,-1,3310,-2.54,13429,1.96,2994,-2.91,94.54,1.89
2026-09-03,Monthly,2018-12-01,2018-12-31,37,State,Kentucky,4183,2.18,162000,2.86,51,-3,4879,0.82,19399,0.65,4479,4.06,104.79,7.11
2026-09-03,Monthly,2018-12-01,2018-12-31,39,State,Louisiana,3250,-3.93,190000,0.53,86,1,4086,3.8,20758,2.21,3332,-2.69,111.54,2
2026-09-03,Monthly,2018-12-01,2018-12-31,41,State,Maine,1584,-11.37,217750,6.22,48,-5,2106,-0.94,9982,-1.52,1992,-0.44,148.24,7.48
2026-09-03,Monthly,2018-12-01,2018-12-31,43,State,Maryland,6740,-10.51,285000,3.64,42,2,8478,-4.75,30431,-4.46,7916,-5.19,161.78,-2.82
2026-09-03,Monthly,2018-12-01,2018-12-31,45,State,Massachusetts,6840,-2.92,370000,-0.99,28,3,8573,-1.16,28092,7.46,8214,-0.3,232.81,3.32
2026-09-03,Monthly,2018-12-01,2018-12-31,47,State,Michigan,12030,-2.21,160000,3.23,40,-2,14678,1.47,51813,1.49,12745,-1.09,108.74,7.07
2026-09-03,Monthly,2018-12-01,2018-12-31,49,State,Minnesota,6942,-4.02,234091,5.45,40,-3,8290,1.9,21334,4.6,7547,-1.78,136.79,6
2026-09-03,Monthly,2018-12-01,2018-12-31,51,State,Mississippi,1891,-0.3,162000,4.68,86,-2,2242,-1.73,11626,-3.41,1745,-6.51,97.53,1.82
2026-09-03,Monthly,2018-12-01,2018-12-31,2,State,Missouri,7131,-4.31,165000,4.43,56,-1,7872,-7.93,31973,-2.84,7942,-2.06,101.32,1.4
2026-09-03,Monthly,2018-12-01,2018-12-31,4,State,Montana,1159,-3.35,286250,10.14,92,-1,1277,-10.11,7411,2.4,1166,-2.75,143.37,-2.37
2026-09-03,Monthly,2018-12-01,2018-12-31,6,State,Nebraska,1809,-6.95,180000,8.43,45,3,1658,-21.13,6918,-1.72,1867,-5.76,103.87,8.91
2026-09-03,Monthly,2018-12-01,2018-12-31,8,State,Nevada,3967,-15.63,286000,8.33,45,-7,5535,6.87,19461,12.03,4730,-15.58,173.04,9.7
2026-09-03,Monthly,2018-12-01,2018-12-31,10,State,New Hampshire,1781,-8.83,252000,-2.33,62,-9,2289,1.97,9443,-5.9,2208,-5.79,158.56,7.35
2026-09-03,Monthly,2018-12-01,2018-12-31,12,State,New Jersey,9779,-3.35,290000,2.84,84,-3,13509,-2.97,62913,-0.84,11412,-4.08,185.45,5.71
2026-09-03,Monthly,2018-12-01,2018-12-31,14,State,New Mexico,2022,-4.82,202929,6.8,69,-3,2315,0.85,10054,-4.84,3249,-2.68,122.14,3.59
2026-09-03,Monthly,2018-12-01,2018-12-31,16,State,New York,12221,-5.23,300000,3.81,74,-6,17179,1.57,82250,1.78,13280,-2.39,177.35,8.66
2026-09-03,Monthly,2018-12-01,2018-12-31,18,State,North Carolina,12687,-1.22,224000,1.82,66,-6,14544,0.04,63203,-4.16,13512,-3.29,123.63,5.66
2026-09-03,Monthly,2018-12-01,2018-12-31,20,State,North Dakota,612,0.82,209450,-1.41,101,4,701,-2.66,3583,0.19,566,-1.74,108.33,4.16
2026-09-03,Monthly,2018-12-01,2018-12-31,22,State,Ohio,12117,-4.85,145000,4.54,56,-3,14007,-3.5,54582,-4.23,15225,-1.28,99.97,5.19
2026-09-03,Monthly,2018-12-01,2018-12-31,23,State,Oklahoma,3872,-3.58,158000,1.94,59,-4,4560,-6.54,19309,-5.82,4458,2.24,99.83,6.14
2026-09-03,Monthly,2018-12-01,2018-12-31,24,State,Oregon,4943,-14.87,340000,4.62,41,6,5678,-16.01,21446,6.9,5519,-12.85,207.36,4.86
2026-09-03,Monthly,2018-12-01,2018-12-31,26,State,Pennsylvania,11712,-7.32,180000,2.86,58,-18,14603,-0.63,59649,-12.31,13319,-2.65,120.55,4.04
2026-09-03,Monthly,2018-12-01,2018-12-31,58,State,Puerto Rico,NA,NA,NA,NA,NA,NA,NA,NA,NA,NA,NA,NA,NA,NA
2026-09-03,Monthly,2018-12-01,2018-12-31,28,State,Rhode Island,1141,-13.33,255000,4.51,56,0,1480,2.98,6141,7.22,1358,-3.99,168.89,9.41
2026-09-03,Monthly,2018-12-01,2018-12-31,30,State,South Carolina,6582,-3.63,216000,3.1,72,-6,8449,1.74,38868,0.69,6397,-7.51,122.67,5.51
2026-09-03,Monthly,2018-12-01,2018-12-31,32,State,South Dakota,722,-20.35,193000,4.38,78,4,870,-10.29,4042,-2.78,749,-14.53,117.71,5.71
2026-09-03,Monthly,2018-12-01,2018-12-31,34,State,Tennessee,8481,-4.86,215000,4.93,62,1,9677,-7.02,40765,1.73,10130,-0.2,124.24,5.27
2026-09-03,Monthly,2018-12-01,2018-12-31,36,State,Texas,26813,-5.32,238000,3.48,48,3,34359,2.36,128684,6.15,32952,-0.79,122.63,4.25
2026-09-03,Monthly,2018-12-01,2018-12-31,38,State,Utah,3840,-6.66,300000,9.91,33,6,4673,-2.63,15772,9.24,4773,3.03,143.38,10.92
2026-09-03,Monthly,2018-12-01,2018-12-31,40,State,Vermont,633,-13.66,230000,4.55,100,-20,863,-5.94,5647,-3.73,838,-2.06,144.18,9.63
2026-09-03,Monthly,2018-12-01,2018-12-31,42,State,Virginia,10018,-2.16,280000,1.82,49,0,10856,-7.73,43625,-5.11,10743,-2.71,147.85,1.49
2026-09-03,Monthly,2018-12-01,2018-12-31,44,State,Washington,9359,-14.21,370000,4.23,28,7,10345,-10.76,32617,9.73,10182,-11.09,215.31,5.74
2026-09-03,Monthly,2018-12-01,2018-12-31,46,State,West Virginia,891,-15.28,156500,-4.44,100,7,1171,4.86,6023,-0.21,960,-13.59,95.69,0.96
2026-09-03,Monthly,2018-12-01,2018-12-31,48,State,Wisconsin,6427,-6.36,179000,5.29,64,-6,10547,43.67,32611,-0.79,7064,-6.64,118.69,5.59
2026-09-03,Monthly,2018-12-01,2018-12-31,50,State,Wyoming,667,-6.76,227750,5.93,88,-7,724,-12.29,4274,-9.34,690,-5.43,120.83,7.91
2026-09-03,Monthly,2018-11-01,2018-11-30,1,State,Alabama,4913,1.18,184150,7.38,88,-9,5409,4.17,27548,-0.97,5316,2.27,102.69,6.82
2026-09-03,Monthly,2018-11-01,2018-11-30,3,State,Alaska,660,-3.62,277000,2.97,97,-5,970,-5.3,4943,-4.17,699,-2.23,164.63,-0.18
2026-09-03,Monthly,2018-11-01,2018-11-30,5,State,Arizona,10433,-4.68,257000,6.86,50,-2,12327,2.09,43070,-1.43,12155,-5.97,156.13,6.17
2026-09-03,Monthly,2018-11-01,2018-11-30,7,State,Arkansas,2952,-1.58,157465,3.26,73,0,3362,0.02,15998,1.77,3148,-0.22,97.15,2.48
2026-09-03,Monthly,2018-11-01,2018-11-30,9,State,California,28305,-12.81,495000,3.13,42,6,37265,1.64,127089,16.85,32824,-10.78,325.45,5.06
2026-09-03,Monthly,2018-11-01,2018-11-30,11,State,Colorado,8848,-10.63,360000,5.48,37,1,10692,3.8,33539,6.53,10102,-11.75,182.17,6.94
2026-09-03,Monthly,2018-11-01,2018-11-30,17,State,Columbia,743,-10.55,577500,5.87,33,13,937,-10.68,2556,-2.31,850,-4.41,471.64,-2.68
2026-09-03,Monthly,2018-11-01,2018-11-30,13,State,Connecticut,3953,-1.89,230000,3.6,81,-4,5019,-4.01,24918,-2.31,6601,46.35,144.75,5.3
2026-09-03,Monthly,2018-11-01,2018-11-30,15,State,Delaware,1256,-4.61,237700,8.05,46,-30,1490,-1.08,6527,-12.09,1332,-4.85,138.13,2.92
2026-09-03,Monthly,2018-11-01,2018-11-30,19,State,Florida,35705,1.55,230000,5.02,58,-5,45473,2.58,199440,6.13,40048,-5.95,152.39,4.07
2026-09-03,Monthly,2018-11-01,2018-11-30,21,State,Georgia,13397,-0.94,212500,6.87,49,-5,17330,2.24,67304,1.37,14946,-9.3,111.8,6.64
2026-09-03,Monthly,2018-11-01,2018-11-30,25,State,Hawaii,1253,-20.17,552000,3.18,80,10,1596,-3.03,7683,2.61,1362,-17.19,511.8,-2.74
2026-09-03,Monthly,2018-11-01,2018-11-30,27,State,Idaho,2825,-1.96,260190,14.06,56,-4,3262,21.67,10904,-8.93,2821,1.24,156.23,15.99
2026-09-03,Monthly,2018-11-01,2018-11-30,29,State,Illinois,13192,-3.37,193000,3.21,70,-1,16230,-3.94,72468,-2.49,14528,-7.62,131.24,2.66
2026-09-03,Monthly,2018-11-01,2018-11-30,31,State,Indiana,7700,-1.62,155000,6.9,53,-9,7904,-2.79,31653,-6.66,8048,-2.94,90.99,7.1
2026-09-03,Monthly,2018-11-01,2018-11-30,33,State,Iowa,3326,-2.01,155000,1.97,69,-13,3501,0.87,16132,-7.44,3225,-6.05,111.98,3.39
2026-09-03,Monthly,2018-11-01,2018-11-30,35,State,Kansas,2968,-1.51,185000,8.82,57,-2,3394,2.7,13494,1.88,2990,-5.03,93.93,-0.5
2026-09-03,Monthly,2018-11-01,2018-11-30,37,State,Kentucky,4172,2.71,164700,4.75,53,-1,4754,-2.38,19414,0.82,4425,0.69,102.8,3.82
2026-09-03,Monthly,2018-11-01,2018-11-30,39,State,Louisiana,3389,-1.94,190000,3.26,86,-2,4004,1.13,20630,1.59,3381,-2.08,110.82,2.01
2026-09-03,Monthly,2018-11-01,2018-11-30,41,State,Maine,1748,-5.29,219000,6.83,49,-5,1899,-11.81,9936,-4.12,1942,-7.54,145.25,7.09
2026-09-03,Monthly,2018-11-01,2018-11-30,43,State,Maryland,7057,-6.09,285000,2.55,44,4,8394,-5.8,29863,-7.45,7958,-4.4,161.07,-2.52
2026-09-03,Monthly,2018-11-01,2018-11-30,45,State,Massachusetts,7140,-0.49,390000,2.66,27,2,8760,1.91,27982,8.04,7799,-6.86,239.59,3.89
2026-09-03,Monthly,2018-11-01,2018-11-30,47,State,Michigan,12044,-2.91,163000,5.16,41,-1,14694,2.4,51640,0.43,12770,-2.31,107.14,7.04
2026-09-03,Monthly,2018-11-01,2018-11-30,49,State,Minnesota,7068,-3.84,238600,7.59,41,-4,8211,4.29,25858,2.39,7628,-2.13,136.53,6.16
2026-09-03,Monthly,2018-11-01,2018-11-30,51,State,Mississippi,1896,1.82,165750,7.48,89,-2,2113,-10.5,11721,-2.92,1821,0.22,96.6,4.7
2026-09-03,Monthly,2018-11-01,2018-11-30,2,State,Missouri,7344,-1.45,165000,3.19,56,-2,8011,-4.09,32307,-2.52,7786,-7.77,100.67,-0.13
2026-09-03,Monthly,2018-11-01,2018-11-30,4,State,Montana,1144,-3.29,275000,6.18,88,-4,1329,5.1,7416,2.76,1138,-2.45,149.9,5.37
2026-09-03,Monthly,2018-11-01,2018-11-30,6,State,Nebraska,1866,-4.28,187000,10,43,-1,2069,-2.14,7102,0.18,1847,-5.76,103.49,4.56
2026-09-03,Monthly,2018-11-01,2018-11-30,8,State,Nevada,4191,-12.07,290000,11.54,43,-10,5829,16.16,18949,8.39,4934,-12.24,172.22,10.2
2026-09-03,Monthly,2018-11-01,2018-11-30,10,State,New Hampshire,1870,-5.53,272000,7.94,62,-7,2242,-1.77,9350,-8.3,2174,-9.28,151.63,2.2
2026-09-03,Monthly,2018-11-01,2018-11-30,12,State,New Jersey,9860,-4.66,292000,4.29,85,-2,13108,-0.85,62400,-1.4,11705,-2.75,184.13,4.76
2026-09-03,Monthly,2018-11-01,2018-11-30,14,State,New Mexico,2192,9.14,202500,1.76,64,-7,2256,-1.94,10136,-4.54,3386,8.88,122.41,4.13
2026-09-03,Monthly,2018-11-01,2018-11-30,16,State,New York,12320,-4.06,295000,7.27,73,-6,17236,2.89,82240,1.4,13407,-4.95,189.21,16.04
2026-09-03,Monthly,2018-11-01,2018-11-30,18,State,North Carolina,12762,-0.66,225000,4.65,69,-3,14354,0.79,63010,-5.04,13786,-3.1,124,6.75
2026-09-03,Monthly,2018-11-01,2018-11-30,20,State,North Dakota,646,2.31,215000,0,102,0,718,6.72,3591,0.6,594,1.02,111.54,1.79
2026-09-03,Monthly,2018-11-01,2018-11-30,22,State,Ohio,12519,-2.4,148000,3.86,55,-5,14147,0.37,54982,-4.23,15125,-2.36,99.72,6.23
2026-09-03,Monthly,2018-11-01,2018-11-30,23,State,Oklahoma,3925,-4.06,159900,4.17,57,-5,4476,-6.66,19407,-5.86,4283,-1.78,97.03,2.78
2026-09-03,Monthly,2018-11-01,2018-11-30,24,State,Oregon,5246,-8.78,340000,3.34,42,6,6108,-3.56,21663,6.86,5612,-10.76,206.76,4.12
2026-09-03,Monthly,2018-11-01,2018-11-30,26,State,Pennsylvania,12198,-4.6,185000,5.71,57,-19,14549,-0.47,59794,-13.28,13198,-3.72,120.37,2.79
2026-09-03,Monthly,2018-11-01,2018-11-30,58,State,Puerto Rico,NA,NA,NA,NA,NA,NA,NA,NA,NA,NA,NA,NA,NA,NA
2026-09-03,Monthly,2018-11-01,2018-11-30,28,State,Rhode Island,1292,-0.92,258250,4.98,57,-6,1499,-0.13,6269,8.13,1315,-11.27,158.18,1.2
2026-09-03,Monthly,2018-11-01,2018-11-30,30,State,South Carolina,6661,-2.12,213877,6.99,75,-6,8471,3.8,38841,0.01,6725,-3.2,122.07,6.31
2026-09-03,Monthly,2018-11-01,2018-11-30,32,State,South Dakota,811,-4.9,195000,3.14,76,-5,886,-8.01,4024,-3.29,801,-5.21,114.86,4.09
2026-09-03,Monthly,2018-11-01,2018-11-30,34,State,Tennessee,8741,-4.87,213500,6.75,62,2,9974,-2.95,41020,2.15,10135,-0.91,123.85,6.48
2026-09-03,Monthly,2018-11-01,2018-11-30,36,State,Texas,26934,-3.58,232400,3.33,48,2,34709,4.7,127944,4.76,33040,1.06,122.02,4.32
2026-09-03,Monthly,2018-11-01,2018-11-30,38,State,Utah,3905,-6.36,300000,8.11,32,0,4789,1.49,15713,7.89,4540,-9.42,140.67,7.16
2026-09-03,Monthly,2018-11-01,2018-11-30,40,State,Vermont,726,4.48,220100,2.37,102,-14,867,-1.48,5620,-4.17,791,-11.71,147.91,7.43
2026-09-03,Monthly,2018-11-01,2018-11-30,42,State,Virginia,10133,-1.09,280000,2.71,50,2,11223,-5.38,44101,-4.36,10908,0.31,147.29,1.08
2026-09-03,Monthly,2018-11-01,2018-11-30,44,State,Washington,9471,-13.17,370000,5.71,27,6,11055,-2.73,33176,9.71,10462,-11.73,216.78,7.75
2026-09-03,Monthly,2018-11-01,2018-11-30,46,State,West Virginia,988,-1.85,155000,1.31,97,0,1132,4.8,5915,-2.3,976,-8.13,95.93,1.45
2026-09-03,Monthly,2018-11-01,2018-11-30,48,State,Wisconsin,6649,-3.17,183900,8.18,65,-5,7491,5.55,30766,-7.17,7082,-9.59,115.09,4.93
2026-09-03,Monthly,2018-11-01,2018-11-30,50,State,Wyoming,717,-5.97,228450,4.32,85,-5,813,7.85,4235,-9.43,726,-4.1,115.91,4.21
2026-09-03,Monthly,2018-10-01,2018-10-31,1,State,Alabama,4807,3.76,180000,5.88,85,-15,5515,5.72,27595,-0.88,5182,3.26,101.12,6.02
2026-09-03,Monthly,2018-10-01,2018-10-31,3,State,Alaska,719,0.67,262500,-7.13,98,3,975,2.76,4955,-2.42,748,3.34,166.56,2.65
2026-09-03,Monthly,2018-10-01,2018-10-31,5,State,Arizona,10482,-2.38,257000,6.64,48,-4,12095,-0.35,42511,-3.52,11856,-8.58,154.79,5.95
2026-09-03,Monthly,2018-10-01,2018-10-31,7,State,Arkansas,2859,-3.16,158000,5.33,72,1,3396,-0.92,16023,1.66,3043,-2.15,97.62,3.5
2026-09-03,Monthly,2018-10-01,2018-10-31,9,State,California,29158,-9.93,498000,5.29,40,4,37629,2.71,125459,14.51,34326,-5.56,324.49,5.92
2026-09-03,Monthly,2018-10-01,2018-10-31,11,State,Colorado,8859,-4.25,365000,5.43,37,-1,10590,4.61,33343,4.35,10006,-10.21,181.02,6.83
2026-09-03,Monthly,2018-10-01,2018-10-31,17,State,Columbia,848,-5.34,585000,6.36,33,19,993,-1.37,2529,-2.74,851,-20.55,474.87,-2.77
2026-09-03,Monthly,2018-10-01,2018-10-31,13,State,Connecticut,3945,-0.62,231000,0.43,81,-1,5111,-3.14,24879,-1.27,6438,50.49,145.48,6.58
2026-09-03,Monthly,2018-10-01,2018-10-31,15,State,Delaware,1267,1.08,235960,2.64,56,-19,1570,4.87,6592,-12.16,1398,4.84,136.57,4.18
2026-09-03,Monthly,2018-10-01,2018-10-31,19,State,Florida,35435,5.43,229500,6.74,57,-7,45556,2.38,197933,5.44,40571,-2.18,151.81,4.96
2026-09-03,Monthly,2018-10-01,2018-10-31,21,State,Georgia,13243,-0.32,212000,6,47,-10,17510,3.97,67105,-0.14,15250,-6.09,110.38,6.01
2026-09-03,Monthly,2018-10-01,2018-10-31,25,State,Hawaii,1200,-24.13,530000,-7.83,81,6,1590,-8.5,7562,-0.15,1340,-15.01,500.99,-4.87
2026-09-03,Monthly,2018-10-01,2018-10-31,27,State,Idaho,2812,-1.5,265000,15.22,55,-7,3096,13.25,10964,-9.53,2751,1.92,153.36,12.96
2026-09-03,Monthly,2018-10-01,2018-10-31,29,State,Illinois,12951,-2.91,191000,1.6,71,0,16846,0.68,72469,-2.73,14846,-4.96,132.62,4.94
2026-09-03,Monthly,2018-10-01,2018-10-31,31,State,Indiana,7665,-2.15,156334,7.82,51,-13,8328,4.11,31850,-7.12,7973,-4.16,89.82,6.12
2026-09-03,Monthly,2018-10-01,2018-10-31,33,State,Iowa,3260,-1.82,155000,4.03,69,-12,3592,2.58,16193,-7.76,3298,2.18,112.74,3.92
2026-09-03,Monthly,2018-10-01,2018-10-31,35,State,Kansas,3016,4.64,180000,5.88,56,-4,3509,8.16,13617,2.7,3057,-0.18,95.53,2.54
2026-09-03,Monthly,2018-10-01,2018-10-31,37,State,Kentucky,4150,2.27,160950,3.34,52,-3,5092,4.59,19540,2.31,4372,3.35,102.92,4.21
2026-09-03,Monthly,2018-10-01,2018-10-31,39,State,Louisiana,3365,3.32,186400,0.76,89,4,3916,0.58,20608,2.98,3437,1.57,111.57,2.1
2026-09-03,Monthly,2018-10-01,2018-10-31,41,State,Maine,1709,-1.36,215000,4.88,49,-6,2182,-0.56,10191,-2.39,1996,-1.62,142.96,6.35
2026-09-03,Monthly,2018-10-01,2018-10-31,43,State,Maryland,7088,-3.81,280000,0,44,4,8670,-4.32,29675,-8.85,8162,-15.24,164.71,0.45
2026-09-03,Monthly,2018-10-01,2018-10-31,45,State,Massachusetts,6957,-2.34,385000,5.48,27,2,8925,5.14,27627,6.82,7833,-6.69,237.93,5.26
2026-09-03,Monthly,2018-10-01,2018-10-31,47,State,Michigan,12114,-2.09,165000,5.43,40,-3,14671,1.95,51642,-0.09,12681,-3.13,106.46,6.78
2026-09-03,Monthly,2018-10-01,2018-10-31,49,State,Minnesota,7094,-0.95,239000,8.64,42,-3,8200,3.59,30096,1.36,7412,-4.6,135.86,6.13
2026-09-03,Monthly,2018-10-01,2018-10-31,51,State,Mississippi,1855,0.97,164000,4.74,86,-4,2227,-0.74,11779,-1.57,1742,-1.95,94.43,1.87
2026-09-03,Monthly,2018-10-01,2018-10-31,2,State,Missouri,7316,-0.78,165000,4.76,57,-2,8156,-1.67,32667,-2.18,7914,-2.89,101.42,1.59
2026-09-03,Monthly,2018-10-01,2018-10-31,4,State,Montana,1173,-1.71,279900,7.7,88,-3,1293,-2.11,7424,2.33,1178,-0.91,152.76,2.62
2026-09-03,Monthly,2018-10-01,2018-10-31,6,State,Nebraska,1888,-0.77,180000,7.14,42,-3,2115,5.29,7201,2.11,1902,-1.4,104.71,6.08
2026-09-03,Monthly,2018-10-01,2018-10-31,8,State,Nevada,4377,-10.9,287000,10.38,43,-14,5657,10.95,18401,3.38,4993,-11.91,172.18,12.16
2026-09-03,Monthly,2018-10-01,2018-10-31,10,State,New Hampshire,1842,-4.21,266767,4.66,63,-10,2265,-2.19,9421,-8.35,2248,-5.69,152.46,2.7
2026-09-03,Monthly,2018-10-01,2018-10-31,12,State,New Jersey,9925,-2.13,290000,5.45,85,0,13563,6.49,62311,-1.22,11870,-0.66,184.77,4.33
2026-09-03,Monthly,2018-10-01,2018-10-31,14,State,New Mexico,2089,2.81,200000,0.5,67,-2,2277,-3.48,10165,-4.76,3292,1.34,122.39,4.41
2026-09-03,Monthly,2018-10-01,2018-10-31,16,State,New York,12570,-1.43,285000,3.64,74,-5,17496,4.19,82366,1.41,13545,-2.39,184.34,12.85
2026-09-03,Monthly,2018-10-01,2018-10-31,18,State,North Carolina,12723,-0.07,222500,6.97,69,-4,14208,-1.11,63050,-5.59,13819,-3.42,123.2,6.48
2026-09-03,Monthly,2018-10-01,2018-10-31,20,State,North Dakota,596,-2.82,224900,0,101,4,735,7.95,3543,-0.94,553,-3.49,111.55,1.59
2026-09-03,Monthly,2018-10-01,2018-10-31,22,State,Ohio,12243,-3.19,149375,6.7,55,-5,14563,1.18,55336,-4.55,15260,-2.27,99.07,5.77
2026-09-03,Monthly,2018-10-01,2018-10-31,23,State,Oklahoma,3939,3.22,160000,4.92,53,-2,4578,-2.08,19802,-4.05,4377,3.01,97.78,4.96
2026-09-03,Monthly,2018-10-01,2018-10-31,24,State,Oregon,5208,-7.58,342000,5.23,40,4,6118,-2.16,21803,6.53,5777,-8.03,206.18,4.38
2026-09-03,Monthly,2018-10-01,2018-10-31,26,State,Pennsylvania,12072,-3.21,180000,2.86,58,-17,14774,1.18,60156,-13.51,13658,1.68,119.46,3.1
2026-09-03,Monthly,2018-10-01,2018-10-31,58,State,Puerto Rico,NA,NA,NA,NA,NA,NA,NA,NA,NA,NA,NA,NA,NA,NA
2026-09-03,Monthly,2018-10-01,2018-10-31,28,State,Rhode Island,1246,-7.39,260000,7.05,60,2,1613,3.55,6420,10.81,1381,-8.88,160.87,3.83
2026-09-03,Monthly,2018-10-01,2018-10-31,30,State,South Carolina,6779,1.92,210100,5.58,74,-6,8596,2.94,38917,0.17,6723,-4.6,122.22,7.3
2026-09-03,Monthly,2018-10-01,2018-10-31,32,State,South Dakota,876,13.05,195000,7.14,75,-2,908,-4.75,4090,1.38,845,8.81,118.24,5.46
2026-09-03,Monthly,2018-10-01,2018-10-31,34,State,Tennessee,8920,1.03,210100,6.38,62,0,10212,1.6,41112,2.7,10151,1.06,122.23,6.09
2026-09-03,Monthly,2018-10-01,2018-10-31,36,State,Texas,26610,-1.75,230000,4.55,46,-1,34243,2.52,126868,3.24,32428,-1.01,121.51,4.5
2026-09-03,Monthly,2018-10-01,2018-10-31,38,State,Utah,3875,-7.02,305000,11.33,32,2,4725,0.47,15446,6.1,4386,-12.79,141.68,9.52
2026-09-03,Monthly,2018-10-01,2018-10-31,40,State,Vermont,719,3.86,228000,6.05,102,-16,985,13.33,5635,-3.92,793,-10.39,137.88,1.05
2026-09-03,Monthly,2018-10-01,2018-10-31,42,State,Virginia,9950,-2.59,277500,2.78,50,1,11526,-3.23,43952,-5.88,10937,-11.28,148.09,1.81
2026-09-03,Monthly,2018-10-01,2018-10-31,44,State,Washington,9362,-14,370000,5.71,26,5,11080,-4.54,33276,7.29,10332,-14.37,214.73,7.09
2026-09-03,Monthly,2018-10-01,2018-10-31,46,State,West Virginia,962,3.23,160000,6.81,92,3,1148,-2.76,5920,-3.35,1027,-5.62,95.56,1.45
2026-09-03,Monthly,2018-10-01,2018-10-31,48,State,Wisconsin,6614,-3.48,183000,4.63,65,-7,7432,-0.09,30885,-8.18,7143,-5.2,114.62,4.8
2026-09-03,Monthly,2018-10-01,2018-10-31,50,State,Wyoming,725,7.24,225000,0.02,85,-12,786,1.58,4179,-9.35,738,6.41,118.18,6.45
2026-09-03,Monthly,2018-09-01,2018-09-30,1,State,Alabama,4974,10.04,182500,4.29,87,-8,5373,4.27,27602,-0.97,5247,8.71,100.88,3.96
2026-09-03,Monthly,2018-09-01,2018-09-30,3,State,Alaska,736,4.93,277000,0.76,95,3,896,-8.99,4953,-2.48,730,1.68,163.18,-0.12
2026-09-03,Monthly,2018-09-01,2018-09-30,5,State,Arizona,10529,-2.4,254900,6.25,49,-3,12162,0.5,42422,-4.5,12468,-2.05,154.2,6.56
2026-09-03,Monthly,2018-09-01,2018-09-30,7,State,Arkansas,2855,-3.69,158000,5.69,71,-2,3473,4.09,15963,1.17,3069,-0.88,97.58,2.64
2026-09-03,Monthly,2018-09-01,2018-09-30,9,State,California,28954,-11.24,497500,4.19,39,3,37543,3.91,123302,11.43,32300,-9.13,327.15,7.51
2026-09-03,Monthly,2018-09-01,2018-09-30,11,State,Colorado,9038,3.47,360000,3.15,38,2,10636,4.66,32813,3.57,10096,-2.65,178.4,5.42
2026-09-03,Monthly,2018-09-01,2018-09-30,17,State,Columbia,793,5.48,519270,2.93,19,-2,995,-2.77,2503,-3.82,947,17.02,495.86,4.97
2026-09-03,Monthly,2018-09-01,2018-09-30,13,State,Connecticut,3875,-3.18,239900,4.3,82,-1,5046,-2.05,24813,-2.11,6439,53.05,145.04,4.9
2026-09-03,Monthly,2018-09-01,2018-09-30,15,State,Delaware,1275,3.44,240000,3.67,61,-9,1442,-5.97,6673,-11.4,1517,23.58,139.77,7.05
2026-09-03,Monthly,2018-09-01,2018-09-30,19,State,Florida,36037,24.02,230000,6.36,58,-4,45421,48.02,196005,10.3,41559,38.99,151.27,8.68
2026-09-03,Monthly,2018-09-01,2018-09-30,21,State,Georgia,13432,1.18,218000,9.27,47,-12,17251,7.73,66465,-2.44,15468,2.04,110.11,6.75
2026-09-03,Monthly,2018-09-01,2018-09-30,25,State,Hawaii,1408,-0.78,555000,4.13,78,-2,1480,-7.39,7539,1.39,1402,-8.17,516.83,5.05
2026-09-03,Monthly,2018-09-01,2018-09-30,27,State,Idaho,2750,-5.64,260000,13.07,61,0,2937,0.45,10938,-11.51,2719,3.52,153.7,14.85
2026-09-03,Monthly,2018-09-01,2018-09-30,29,State,Illinois,13133,-2.45,200000,2.56,70,-2,16560,-2.78,72171,-3.13,14757,-4.42,131.92,4.63
2026-09-03,Monthly,2018-09-01,2018-09-30,31,State,Indiana,7755,-0.37,159000,7.43,53,-9,8123,1.09,31683,-8.94,7959,-3.62,90.03,6.6
2026-09-03,Monthly,2018-09-01,2018-09-30,33,State,Iowa,3252,-3.28,159888,5.19,72,-9,3632,2,16097,-9.18,3171,-4.49,113.19,5.41
2026-09-03,Monthly,2018-09-01,2018-09-30,35,State,Kansas,2889,-0.18,180000,2.56,57,-4,3308,-1.77,13427,0.68,3023,-0.91,95.13,1.64
2026-09-03,Monthly,2018-09-01,2018-09-30,37,State,Kentucky,4283,5.86,162000,1.25,53,1,4822,2.11,19419,2.6,4519,6.36,103.91,6.19
2026-09-03,Monthly,2018-09-01,2018-09-30,39,State,Louisiana,3488,6.19,189500,4.08,90,7,3792,-6.45,20650,3.58,3442,0.45,111.5,1.63
2026-09-03,Monthly,2018-09-01,2018-09-30,41,State,Maine,1711,-2.75,215500,3.61,47,-8,2171,0.96,10164,-2.54,1943,-1.64,140.88,4.64
2026-09-03,Monthly,2018-09-01,2018-09-30,43,State,Maryland,7108,-2.94,287450,4.53,33,-8,8466,-5.54,29396,-9.57,8359,4.28,164.52,0.08
2026-09-03,Monthly,2018-09-01,2018-09-30,45,State,Massachusetts,7027,-0.91,382000,3.24,26,0,8774,0.13,27071,3.27,7909,-3.82,237.6,4.77
2026-09-03,Monthly,2018-09-01,2018-09-30,47,State,Michigan,12159,-1.68,164000,3.47,39,-4,14684,2.47,51653,-0.55,12837,-1.2,105.04,6.62
2026-09-03,Monthly,2018-09-01,2018-09-30,49,State,Minnesota,7175,-0.56,235000,4.44,41,-6,8247,4.99,31184,-1.01,7597,-0.95,135.48,6.62
2026-09-03,Monthly,2018-09-01,2018-09-30,51,State,Mississippi,1873,0.39,166000,4.4,85,-5,2158,-1.71,11778,-1.74,1750,-3.9,94.94,2.25
2026-09-03,Monthly,2018-09-01,2018-09-30,2,State,Missouri,7327,0,164900,3.13,56,-4,8134,-1.19,32559,-2.47,7890,-0.42,101.32,2.19
2026-09-03,Monthly,2018-09-01,2018-09-30,4,State,Montana,1139,-4.55,275000,7.4,89,0,1457,12.15,7373,0.64,1115,-6.69,149.88,3.19
2026-09-03,Monthly,2018-09-01,2018-09-30,6,State,Nebraska,1940,5.47,182750,6.25,43,-3,2072,1.6,7187,2.25,1898,0.92,104.46,6.62
2026-09-03,Monthly,2018-09-01,2018-09-30,8,State,Nevada,4273,-11.33,290000,11.54,41,-14,5683,15.98,17573,-2.98,5099,-9.7,170,11.75
2026-09-03,Monthly,2018-09-01,2018-09-30,10,State,New Hampshire,1937,-1.1,275000,10,64,-8,2311,2.96,9494,-7.8,2260,-2.74,153.29,4.21
2026-09-03,Monthly,2018-09-01,2018-09-30,12,State,New Jersey,10009,-2.31,297000,4.25,84,-5,13035,-0.33,62154,-1.62,11768,-0.67,185.7,5
2026-09-03,Monthly,2018-09-01,2018-09-30,14,State,New Mexico,2103,6.43,198305,0.41,62,-8,2414,6.64,10243,-3.95,3321,7.72,121.72,4.24
2026-09-03,Monthly,2018-09-01,2018-09-30,16,State,New York,12393,-1.21,295000,3.51,72,-10,17002,2.29,81729,0.31,13480,-1.68,177.84,7.03
2026-09-03,Monthly,2018-09-01,2018-09-30,18,State,North Carolina,12369,-3.65,224000,6.67,66,-8,12356,-13.78,62717,-6.64,12095,-11.89,122.18,5.42
2026-09-03,Monthly,2018-09-01,2018-09-30,20,State,North Dakota,615,-0.84,222000,0.95,101,2,668,-1.03,3456,-3.75,570,-1.14,111.06,4.88
2026-09-03,Monthly,2018-09-01,2018-09-30,22,State,Ohio,12454,-0.81,152000,6.05,56,-4,14055,-3.03,55356,-5.02,15191,-1.3,98.23,5.91
2026-09-03,Monthly,2018-09-01,2018-09-30,23,State,Oklahoma,3847,4.19,159885,2.49,48,-3,4584,-4.47,19851,-4.21,4274,3.56,97.18,3.82
2026-09-03,Monthly,2018-09-01,2018-09-30,24,State,Oregon,5221,-7.06,339500,4.46,40,5,6344,-1.4,21867,6.06,5792,-5.19,206.36,6.24
2026-09-03,Monthly,2018-09-01,2018-09-30,26,State,Pennsylvania,12288,-1.09,185000,4.58,63,-12,14504,-1.42,60894,-12.39,13850,5.12,118.96,2.29
2026-09-03,Monthly,2018-09-01,2018-09-30,58,State,Puerto Rico,NA,NA,NA,NA,NA,NA,NA,NA,NA,NA,NA,NA,NA,NA
2026-09-03,Monthly,2018-09-01,2018-09-30,28,State,Rhode Island,1240,-0.86,260000,4,58,1,1639,10.92,6332,9.65,1412,-3.09,160.79,2.91
2026-09-03,Monthly,2018-09-01,2018-09-30,30,State,South Carolina,6000,-8.23,217000,7.96,72,-10,7530,-4.6,37486,-2.53,5649,-22.24,118.73,4.4
2026-09-03,Monthly,2018-09-01,2018-09-30,32,State,South Dakota,856,1.41,194000,1.28,73,-5,978,11,4135,2.97,810,-1.03,116.76,5.27
2026-09-03,Monthly,2018-09-01,2018-09-30,34,State,Tennessee,8920,0.75,211000,4.05,61,-2,10021,1.5,41191,3.23,10058,0.17,122.26,6.29
2026-09-03,Monthly,2018-09-01,2018-09-30,36,State,Texas,26998,0.1,232200,3.2,45,-1,34064,3.19,126299,2.38,32826,2.51,120.91,4
2026-09-03,Monthly,2018-09-01,2018-09-30,38,State,Utah,3929,-3.59,304000,12.59,30,-2,4774,1.73,14955,2.46,4425,-4.85,139.54,9.36
2026-09-03,Monthly,2018-09-01,2018-09-30,40,State,Vermont,690,-2.05,223841,4.4,101,-18,937,3.8,5609,-5.01,887,12.65,141.84,5.13
2026-09-03,Monthly,2018-09-01,2018-09-30,42,State,Virginia,10002,-1.94,275000,1.92,47,-2,11094,-6.13,43479,-7.52,10650,0.58,149.08,2.9
2026-09-03,Monthly,2018-09-01,2018-09-30,44,State,Washington,9606,-11.75,375000,5.63,27,7,11495,-0.11,33011,6.55,10273,-12.41,215.29,9.22
2026-09-03,Monthly,2018-09-01,2018-09-30,46,State,West Virginia,927,-2.91,165000,1.85,84,-14,1119,-2.26,5822,-5.04,1018,4.56,95.2,1.06
2026-09-03,Monthly,2018-09-01,2018-09-30,48,State,Wisconsin,6663,-2.53,185000,6.32,64,-8,7536,2.3,31017,-8.59,7156,-3.97,114.55,5.87
2026-09-03,Monthly,2018-09-01,2018-09-30,50,State,Wyoming,701,4.29,238900,8.59,90,-3,782,-8.53,4126,-10.36,717,4.21,114.61,3.96
2026-09-03,Monthly,2018-08-01,2018-08-31,1,State,Alabama,4914,4.91,182900,3.71,85,-16,5475,3.57,27673,-1.28,5297,4.59,101.19,4.86
2026-09-03,Monthly,2018-08-01,2018-08-31,3,State,Alaska,737,1.65,282250,3.58,96,3,933,-9.38,4987,-0.61,745,2.61,164.91,1.71
2026-09-03,Monthly,2018-08-01,2018-08-31,5,State,Arizona,10520,-1.56,255500,7.35,48,-5,12230,0.99,42481,-4.87,12447,-0.89,153.81,7.62
2026-09-03,Monthly,2018-08-01,2018-08-31,7,State,Arkansas,3142,11.53,156000,0.65,71,-2,3501,2.66,16052,2.34,3207,8.41,97.38,5.4
2026-09-03,Monthly,2018-08-01,2018-08-31,9,State,California,30252,-7.31,505000,5.87,39,2,37907,4.51,121320,7.63,33815,-7.28,317.21,4.86
2026-09-03,Monthly,2018-08-01,2018-08-31,11,State,Colorado,9415,11.08,370000,4.23,38,1,10338,7.16,32491,5.15,10345,4.62,178.26,5.47
2026-09-03,Monthly,2018-08-01,2018-08-31,17,State,Columbia,806,0.88,550000,1.85,19,-2,922,1.55,2475,-3,830,-7.83,480.24,4.61
2026-09-03,Monthly,2018-08-01,2018-08-31,13,State,Connecticut,3932,-2.5,254000,3.67,82,-19,5133,1.28,24622,-6.82,6218,48.57,143.6,5.99
2026-09-03,Monthly,2018-08-01,2018-08-31,15,State,Delaware,1341,4.08,236638,1.6,59,-11,1538,4.78,6838,-9.72,1356,2.59,138.13,5.29
2026-09-03,Monthly,2018-08-01,2018-08-31,19,State,Florida,36077,1.25,230000,4.69,58,-3,45886,4.66,194160,1.14,41658,-1.75,150.42,5.7
2026-09-03,Monthly,2018-08-01,2018-08-31,21,State,Georgia,13204,-0.69,214000,6.71,47,-12,17101,1.61,65886,-5.39,15472,-3.21,108.57,5.87
2026-09-03,Monthly,2018-08-01,2018-08-31,25,State,Hawaii,1333,-2.59,554000,4.53,74,-3,1490,-3.91,7589,2.74,1383,-11.47,513.97,3.63
2026-09-03,Monthly,2018-08-01,2018-08-31,27,State,Idaho,2886,3,265000,15.22,61,-2,2911,-2.45,11026,-11.34,2753,15.76,151.96,13.22
2026-09-03,Monthly,2018-08-01,2018-08-31,29,State,Illinois,13232,-2.2,204900,1.19,71,-2,16735,0.38,72173,-3.27,15031,-3.08,130.06,2.96
2026-09-03,Monthly,2018-08-01,2018-08-31,31,State,Indiana,7761,-0.54,160000,9.59,55,-9,8422,2.86,31978,-9.3,8239,0.65,89.35,6.62
2026-09-03,Monthly,2018-08-01,2018-08-31,33,State,Iowa,3248,-2.57,164000,4.39,71,-12,3628,0.88,15959,-10.17,3197,-1.95,111.69,2.93
2026-09-03,Monthly,2018-08-01,2018-08-31,35,State,Kansas,2920,3.01,184000,3.37,59,0,3485,7.93,13510,2.33,3082,4.05,97.02,7.23
2026-09-03,Monthly,2018-08-01,2018-08-31,37,State,Kentucky,4192,2.84,166000,4.34,50,-3,5094,9.65,19673,4.78,4460,6.34,101.84,4.37
2026-09-03,Monthly,2018-08-01,2018-08-31,39,State,Louisiana,3469,7.43,189900,2.65,87,1,4036,5.59,20844,6.9,3492,4.35,110.73,2
2026-09-03,Monthly,2018-08-01,2018-08-31,41,State,Maine,1783,1.19,221500,7,46,-8,2244,1.11,10132,-4.67,1930,-9.31,137.64,2.51
2026-09-03,Monthly,2018-08-01,2018-08-31,43,State,Maryland,7333,-0.62,298900,5.25,33,-7,8879,3.35,29754,-8.62,8140,-0.55,166.45,1.64
2026-09-03,Monthly,2018-08-01,2018-08-31,45,State,Massachusetts,7011,-0.89,410000,7.89,25,-2,8691,5.16,26392,1.44,7989,-2.46,234.3,4.39
2026-09-03,Monthly,2018-08-01,2018-08-31,47,State,Michigan,12322,-0.25,170000,6.32,41,-3,14713,2.41,51726,-1.1,12919,-1.67,104.61,7.82
2026-09-03,Monthly,2018-08-01,2018-08-31,49,State,Minnesota,7110,-2.05,242500,5.48,42,-5,8197,3.87,32762,-2.24,7601,1.3,134.36,6.5
2026-09-03,Monthly,2018-08-01,2018-08-31,51,State,Mississippi,1865,4.35,167000,4.37,84,-4,2282,0.73,11932,-0.48,1811,6.69,93.83,2.6
2026-09-03,Monthly,2018-08-01,2018-08-31,2,State,Missouri,7392,0.8,170000,6.25,55,-7,8360,1.85,32953,-1.9,8098,2.58,102.02,4.49
2026-09-03,Monthly,2018-08-01,2018-08-31,4,State,Montana,1239,4.07,285000,7.67,89,-2,1374,2.03,7341,-0.41,1210,3.76,150.11,7.55
2026-09-03,Monthly,2018-08-01,2018-08-31,6,State,Nebraska,1946,7.28,186000,6.67,43,-4,2100,3.34,7193,3.91,1895,3.6,103.9,6.05
2026-09-03,Monthly,2018-08-01,2018-08-31,8,State,Nevada,4641,-4.41,289000,12.02,44,-16,5735,14.61,16661,-11.27,5252,-10.3,168.65,12.01
2026-09-03,Monthly,2018-08-01,2018-08-31,10,State,New Hampshire,1972,-0.49,270000,5.47,64,-11,2270,-1.5,9482,-9.27,2256,-3.62,154.56,5.77
2026-09-03,Monthly,2018-08-01,2018-08-31,12,State,New Jersey,10261,1.03,310500,3.16,84,-6,12775,-1.67,62273,-1.5,11745,-0.03,183.48,5.61
2026-09-03,Monthly,2018-08-01,2018-08-31,14,State,New Mexico,2079,8.52,209950,6.57,65,-7,2320,2.24,10263,-3.95,3332,7.08,120.23,3.21
2026-09-03,Monthly,2018-08-01,2018-08-31,16,State,New York,12537,-5.3,305000,2.71,69,-16,17296,3.43,81359,-1.83,13634,-3.25,175.03,7.14
2026-09-03,Monthly,2018-08-01,2018-08-31,18,State,North Carolina,12854,2.59,228000,6.05,67,-7,14609,2.46,64097,-4.29,14187,3.43,121.82,6.37
2026-09-03,Monthly,2018-08-01,2018-08-31,20,State,North Dakota,635,2.44,224900,-0.04,101,2,703,-1.37,3470,-4.29,578,-0.71,107.9,1.48
2026-09-03,Monthly,2018-08-01,2018-08-31,22,State,Ohio,12525,-0.48,155000,5.08,56,-5,14754,1.22,55921,-4.93,15387,-0.82,97.59,5.47
2026-09-03,Monthly,2018-08-01,2018-08-31,23,State,Oklahoma,3975,4.74,163000,3.82,46,-2,4674,-0.17,19966,-3.81,4345,4.64,96.62,3.68
2026-09-03,Monthly,2018-08-01,2018-08-31,24,State,Oregon,5423,-0.9,350000,7.05,40,6,6262,-1.99,21613,4.97,5767,-3.56,203.07,6.32
2026-09-03,Monthly,2018-08-01,2018-08-31,26,State,Pennsylvania,12496,1.26,195000,5.41,65,-10,14566,-1.69,62300,-10.45,13236,1.02,118.45,3
2026-09-03,Monthly,2018-08-01,2018-08-31,28,State,Rhode Island,1303,-0.83,260000,5.69,57,-3,1610,3.89,6365,9.58,1501,2.87,157.68,0.58
2026-09-03,Monthly,2018-08-01,2018-08-31,30,State,South Carolina,6917,5.27,215000,7.5,73,-10,8597,8.63,38666,-0.79,6743,2.23,119.19,6.42
2026-09-03,Monthly,2018-08-01,2018-08-31,32,State,South Dakota,858,4.35,192500,1.85,74,-5,945,6.78,4147,1.53,823,3.54,113.17,1.83
2026-09-03,Monthly,2018-08-01,2018-08-31,34,State,Tennessee,9230,2.02,217000,8.5,60,-2,10575,8.49,41379,2.23,10140,1.38,121.1,5.59
2026-09-03,Monthly,2018-08-01,2018-08-31,36,State,Texas,27128,10.14,239000,4.14,45,1,34556,6.5,126576,2.54,32948,5.78,120.78,4.92
2026-09-03,Monthly,2018-08-01,2018-08-31,38,State,Utah,3934,-3.35,300000,9.13,30,0,4657,-1.4,14490,-0.52,4502,-4.56,139.77,10.97
2026-09-03,Monthly,2018-08-01,2018-08-31,40,State,Vermont,751,7.05,226000,3.79,104,-14,926,5.4,5622,-5.6,834,0.68,142.24,5.5
2026-09-03,Monthly,2018-08-01,2018-08-31,42,State,Virginia,10062,-0.72,290000,3.57,44,-7,11858,1.17,43815,-7.27,10265,-3.41,147.07,1.58
2026-09-03,Monthly,2018-08-01,2018-08-31,44,State,Washington,9788,-9.15,375276,6.46,25,6,11188,-2.32,32172,2.77,10644,-7.89,213.44,9.39
2026-09-03,Monthly,2018-08-01,2018-08-31,46,State,West Virginia,1009,1.16,160000,1.86,87,-14,1142,1.42,5826,-5.1,1038,4.71,95,0.93
2026-09-03,Monthly,2018-08-01,2018-08-31,48,State,Wisconsin,6710,-1.53,189900,5.21,66,-7,7622,3.05,31178,-9.14,7425,1.46,113.57,5.42
2026-09-03,Monthly,2018-08-01,2018-08-31,50,State,Wyoming,752,2.76,230000,0.04,91,-2,762,2.63,4132,-9.31,744,2.86,113.32,3.08
2026-09-03,Monthly,2018-07-01,2018-07-31,1,State,Alabama,4895,4.28,186000,3.39,86,-14,5512,4.81,27735,-0.74,5204,3.74,99.85,4.62
2026-09-03,Monthly,2018-07-01,2018-07-31,3,State,Alaska,741,5.61,290000,7.41,95,0,969,-1.46,5009,2.2,731,4.54,164.68,2.41
2026-09-03,Monthly,2018-07-01,2018-07-31,5,State,Arizona,10715,0.02,258000,9.09,49,-5,12203,0.87,42479,-5.34,12569,-0.61,153.35,8.38
2026-09-03,Monthly,2018-07-01,2018-07-31,7,State,Arkansas,3054,7.12,160000,3.23,70,-5,3534,4.78,15968,3.26,3063,2.69,96.6,3.85
2026-09-03,Monthly,2018-07-01,2018-07-31,9,State,California,31324,-2.59,510500,7.14,38,1,37501,2.77,119162,4.5,35060,-2.5,318.07,6.63
2026-09-03,Monthly,2018-07-01,2018-07-31,11,State,Colorado,9381,9.83,370000,4.23,39,2,10320,7.2,32466,6.6,10735,13.32,177.06,5.42
2026-09-03,Monthly,2018-07-01,2018-07-31,17,State,Columbia,791,-7.49,575750,1.19,18,-3,993,7.95,2534,-2.29,923,5.06,482.2,4.42
2026-09-03,Monthly,2018-07-01,2018-07-31,13,State,Connecticut,4036,1.47,255000,2.82,80,-10,5165,0.86,24769,-6.93,6358,61.75,143.04,-0.47
2026-09-03,Monthly,2018-07-01,2018-07-31,15,State,Delaware,1387,2.63,229900,-1.5,63,-15,1566,2.17,6890,-10.55,1470,10.91,136.93,3.73
2026-09-03,Monthly,2018-07-01,2018-07-31,19,State,Florida,36639,1.75,230000,4.55,59,-3,45479,3.49,193214,0.23,42233,2.26,148.91,4.87
2026-09-03,Monthly,2018-07-01,2018-07-31,21,State,Georgia,13473,2.13,223550,7.48,45,-14,17008,1.2,65580,-6.7,15566,-2.14,108.55,6.27
2026-09-03,Monthly,2018-07-01,2018-07-31,25,State,Hawaii,1373,-2.07,560000,6.67,76,2,1709,10.54,7672,3.07,1487,0.13,507.63,3.86
2026-09-03,Monthly,2018-07-01,2018-07-31,27,State,Idaho,2859,2.36,261849,14.77,63,1,2805,-7.28,11018,-10.76,2765,101.66,150.9,14.67
2026-09-03,Monthly,2018-07-01,2018-07-31,29,State,Illinois,13467,-2.74,215000,1.42,71,-2,16999,2.4,72181,-3.28,15452,-0.5,130.12,3.84
2026-09-03,Monthly,2018-07-01,2018-07-31,31,State,Indiana,7705,-0.63,164500,9.67,53,-13,8394,3.12,31896,-9.86,8136,0.73,88.27,5.49
2026-09-03,Monthly,2018-07-01,2018-07-31,33,State,Iowa,3354,0.46,170000,6.25,69,-16,3578,-1.43,15925,-10.57,3198,-1.42,110.22,2.24
2026-09-03,Monthly,2018-07-01,2018-07-31,35,State,Kansas,3067,5.65,188297,2.92,56,-4,3336,2.31,13398,1.36,3077,4.31,96.75,6.01
2026-09-03,Monthly,2018-07-01,2018-07-31,37,State,Kentucky,4213,3.75,169000,1.2,51,0,5015,4.76,19572,4.01,4524,4.17,102.13,3.21
2026-09-03,Monthly,2018-07-01,2018-07-31,39,State,Louisiana,3629,9.54,194373,1.1,87,3,3856,-5.08,20820,7.4,3614,7.94,110.07,2.12
2026-09-03,Monthly,2018-07-01,2018-07-31,41,State,Maine,1800,4.91,226100,9.23,46,-5,2253,1.99,10138,-3.96,2098,4.68,139.49,7.48
2026-09-03,Monthly,2018-07-01,2018-07-31,43,State,Maryland,7502,0.95,292000,2.46,34,-7,9068,0.06,30210,-8.34,8539,6.62,166.34,2.41
2026-09-03,Monthly,2018-07-01,2018-07-31,45,State,Massachusetts,7175,0.9,416000,6.69,24,-3,8834,3.45,26208,0.93,8379,1.13,231.47,3.01
2026-09-03,Monthly,2018-07-01,2018-07-31,47,State,Michigan,12390,1.24,175000,6.26,40,-4,14709,2.84,51262,-2.45,13052,-0.24,104.1,8.18
2026-09-03,Monthly,2018-07-01,2018-07-31,49,State,Minnesota,7149,-2.32,244000,6.09,40,-8,8000,-0.08,32452,-3.34,7728,0.38,133.77,6.04
2026-09-03,Monthly,2018-07-01,2018-07-31,51,State,Mississippi,1936,5.66,172750,4.7,86,-8,2271,-1.08,12021,0.71,1855,8.87,94.23,3.52
2026-09-03,Monthly,2018-07-01,2018-07-31,2,State,Missouri,7434,0.88,171000,3.01,57,-4,8471,2.67,33051,-1.14,8177,4.42,102.67,4.76
2026-09-03,Monthly,2018-07-01,2018-07-31,4,State,Montana,1194,2.26,279900,4.05,85,-8,1353,1.13,7379,-0.31,1169,0.78,151.87,10.95
2026-09-03,Monthly,2018-07-01,2018-07-31,6,State,Nebraska,1886,2.24,190000,8.57,44,0,2223,10.21,7211,6.41,1915,4.99,103.01,6.7
2026-09-03,Monthly,2018-07-01,2018-07-31,8,State,Nevada,4750,-3.03,285000,11.76,52,-11,5428,6.41,18689,-3.5,5637,-4.42,168.81,14.67
2026-09-03,Monthly,2018-07-01,2018-07-31,10,State,New Hampshire,2031,2.48,275000,7.84,64,-11,2301,0.85,9612,-9.17,2341,1.14,152.2,4.72
2026-09-03,Monthly,2018-07-01,2018-07-31,12,State,New Jersey,10445,3.44,315000,5,83,-8,13296,3.46,62834,-0.9,12191,4.01,183.06,5.52
2026-09-03,Monthly,2018-07-01,2018-07-31,14,State,New Mexico,2098,6.45,201984,3.58,65,-4,2458,6.94,10284,-4.49,3357,7.46,121.47,4.62
2026-09-03,Monthly,2018-07-01,2018-07-31,16,State,New York,13081,1.55,312000,7.59,68,-18,17320,3.98,81224,-2.85,13858,0.12,172.01,5.64
2026-09-03,Monthly,2018-07-01,2018-07-31,18,State,North Carolina,12963,3.35,228000,4.83,68,-8,14624,1.01,64229,-4.5,14227,3.74,120.67,5.12
2026-09-03,Monthly,2018-07-01,2018-07-31,20,State,North Dakota,623,0.9,219000,-0.41,99,3,660,-3.39,3429,-5.09,563,-2.48,107.32,0.04
2026-09-03,Monthly,2018-07-01,2018-07-31,22,State,Ohio,12760,2.9,158725,5.82,56,-6,14998,4.49,56026,-4.7,15440,0.94,97.29,5.33
2026-09-03,Monthly,2018-07-01,2018-07-31,23,State,Oklahoma,4084,8.16,165000,3.13,43,-2,4788,0.26,20009,-2.86,4371,6.72,96.15,3.15
2026-09-03,Monthly,2018-07-01,2018-07-31,24,State,Oregon,5406,-3.54,351000,5.35,42,12,6327,-1.56,21449,5.29,6092,-1.27,203.21,5.38
2026-09-03,Monthly,2018-07-01,2018-07-31,26,State,Pennsylvania,12965,3.78,195000,2.63,66,-9,14664,-0.08,62997,-9.47,14046,7.76,119.44,5.02
2026-09-03,Monthly,2018-07-01,2018-07-31,28,State,Rhode Island,1249,-3.21,263250,3.24,58,-4,1679,7.61,6308,7,1420,-7.23,161.85,6.11
2026-09-03,Monthly,2018-07-01,2018-07-31,30,State,South Carolina,6806,2.35,210000,3.19,72,-10,8364,3.03,38463,-2.77,6782,2.83,117.52,4.55
2026-09-03,Monthly,2018-07-01,2018-07-31,32,State,South Dakota,881,11.7,204200,7.47,76,0,996,13.55,4158,2.39,846,6.79,115.81,6
2026-09-03,Monthly,2018-07-01,2018-07-31,34,State,Tennessee,9183,0.62,217350,6.02,60,-4,10610,9,41214,2.08,10229,2.94,120.94,6.89
2026-09-03,Monthly,2018-07-01,2018-07-31,36,State,Texas,27942,4.64,240000,4.39,45,1,34000,2.28,126595,1.95,33150,3.99,120.03,4.51
2026-09-03,Monthly,2018-07-01,2018-07-31,38,State,Utah,4054,1.91,304500,12.36,31,3,4663,0.83,14173,-1.25,4474,-4.76,138.65,9.66
2026-09-03,Monthly,2018-07-01,2018-07-31,40,State,Vermont,727,3.86,230000,-0.76,100,-15,963,6.46,5658,-5.93,856,0.52,140.29,3.28
2026-09-03,Monthly,2018-07-01,2018-07-31,42,State,Virginia,10140,-0.01,299000,0.67,43,-7,11713,-1.16,44015,-7.23,11000,3.72,148.32,3.54
2026-09-03,Monthly,2018-07-01,2018-07-31,44,State,Washington,10273,-3.3,384900,8.42,22,4,11340,-4.62,31675,0.77,10917,-7.81,212.25,9.48
2026-09-03,Monthly,2018-07-01,2018-07-31,46,State,West Virginia,980,2.48,168990,5.62,85,-11,1176,3.05,5833,-5.43,988,-1.35,95.22,1.6
2026-09-03,Monthly,2018-07-01,2018-07-31,48,State,Wisconsin,6706,-1.45,193000,7.22,66,-8,7716,3.94,31338,-9.77,7565,2.22,112.7,4.1
2026-09-03,Monthly,2018-07-01,2018-07-31,50,State,Wyoming,786,18.18,234900,5.34,91,-2,743,-4.28,4214,-8.28,778,17.26,114.7,6.1
2026-09-03,Monthly,2018-06-01,2018-06-30,1,State,Alabama,5151,10.81,189900,6.07,88,-11,5698,11.57,27879,-0.23,5491,10.22,100.09,5.15
2026-09-03,Monthly,2018-06-01,2018-06-30,3,State,Alaska,737,-0.96,279900,3.67,96,2,969,-4.73,5042,3.21,727,-0.42,165.07,2.21
2026-09-03,Monthly,2018-06-01,2018-06-30,5,State,Arizona,10660,-0.34,260000,8.38,50,-3,12341,2.37,42582,-6.17,12837,2.1,153.02,8.86
2026-09-03,Monthly,2018-06-01,2018-06-30,7,State,Arkansas,3130,11.86,165000,6.45,72,-1,3500,7.26,15978,4.72,3222,11.24,96.47,3.99
2026-09-03,Monthly,2018-06-01,2018-06-30,9,State,California,31398,-5.25,515000,6.61,36,-1,37968,3.98,118344,1.99,35052,-6.11,320.06,7.93
2026-09-03,Monthly,2018-06-01,2018-06-30,11,State,Colorado,9700,16.77,375600,3.47,39,4,10420,8.46,32927,8.35,10736,14.43,175.82,5.07
2026-09-03,Monthly,2018-06-01,2018-06-30,17,State,Columbia,784,7.56,604250,4.31,18,-2,967,-4.01,2585,-2.59,942,17.85,487,3.62
2026-09-03,Monthly,2018-06-01,2018-06-30,13,State,Connecticut,4009,0.23,260000,2,78,-11,5182,-0.11,25046,-5.37,6150,58.18,141.03,-2.96
2026-09-03,Monthly,2018-06-01,2018-06-30,15,State,Delaware,1350,4.3,246250,6.72,62,-13,1529,-6.47,6909,-11.41,1412,8.78,135.51,1.49
2026-09-03,Monthly,2018-06-01,2018-06-30,19,State,Florida,36447,3.19,238900,6.65,58,-4,45372,3.79,192911,-0.15,41349,1.18,148.06,5.45
2026-09-03,Monthly,2018-06-01,2018-06-30,21,State,Georgia,13420,1.77,225000,7.14,46,-14,17535,6.48,65413,-7.36,15749,0.45,107.73,6.55
2026-09-03,Monthly,2018-06-01,2018-06-30,25,State,Hawaii,1415,6.8,561250,3.27,75,1,1541,-2.12,7556,1.73,1450,1,497.35,2.53
2026-09-03,Monthly,2018-06-01,2018-06-30,27,State,Idaho,2880,2.95,261000,16,65,-2,2902,-0.05,11174,-9.09,2807,104.92,148.4,13.51
2026-09-03,Monthly,2018-06-01,2018-06-30,29,State,Illinois,13751,-1.05,225000,3.21,68,-6,17006,0.91,71567,-5.15,15354,-3.26,129.5,3.66
2026-09-03,Monthly,2018-06-01,2018-06-30,31,State,Indiana,7813,1.32,162500,4.84,53,-14,8459,1.4,31714,-11.37,8172,0.5,88.5,6.99
2026-09-03,Monthly,2018-06-01,2018-06-30,33,State,Iowa,3300,-2.42,171500,4.02,72,-13,3687,2.74,16076,-10.55,3241,-2.11,110.7,1.01
2026-09-03,Monthly,2018-06-01,2018-06-30,35,State,Kansas,3097,7.77,195000,4.84,56,-5,3488,4.44,13503,1.27,3135,1.36,95.46,2.76
2026-09-03,Monthly,2018-06-01,2018-06-30,37,State,Kentucky,4173,3.62,172000,3.68,52,-5,5015,2.06,19384,2.44,4420,2.92,101.58,3.8
2026-09-03,Monthly,2018-06-01,2018-06-30,39,State,Louisiana,3474,5.66,193300,1.74,86,5,4076,10.11,21011,11.73,3550,7.42,109.01,2.17
2026-09-03,Monthly,2018-06-01,2018-06-30,41,State,Maine,1788,6.18,229900,12.15,43,-15,2294,6,10089,-4.51,2045,1.14,140,6.08
2026-09-03,Monthly,2018-06-01,2018-06-30,43,State,Maryland,7412,-1.49,301000,3.79,32,-9,9023,-0.98,30643,-7.42,8384,3.02,166.86,2.34
2026-09-03,Monthly,2018-06-01,2018-06-30,45,State,Massachusetts,7133,1.5,420000,6.33,24,-2,9001,8.92,26457,0.13,8246,-0.77,231.01,4.12
2026-09-03,Monthly,2018-06-01,2018-06-30,47,State,Michigan,12065,-3.86,175000,6.12,40,-4,14626,2.1,50788,-4.33,12838,-1.75,104.06,9.14
2026-09-03,Monthly,2018-06-01,2018-06-30,49,State,Minnesota,7190,-2.19,248500,6.42,40,-6,8191,3.18,32721,-5.73,7669,-2.5,133.45,6.76
2026-09-03,Monthly,2018-06-01,2018-06-30,51,State,Mississippi,1895,5.12,169900,5.36,85,-7,2378,7.69,12144,2.27,1869,7.03,94.04,5.05
2026-09-03,Monthly,2018-06-01,2018-06-30,2,State,Missouri,7377,0.36,175000,4.57,57,-6,8479,2.78,32835,-1.72,8197,3.48,101.64,3.58
2026-09-03,Monthly,2018-06-01,2018-06-30,4,State,Montana,1210,-7.34,275000,5.81,89,1,1446,3.19,7418,-1.44,1232,-5.72,148.74,4.31
2026-09-03,Monthly,2018-06-01,2018-06-30,6,State,Nebraska,1925,4.61,195000,9.4,45,-5,2163,3.08,7090,3.77,1852,-2.9,103.18,5.69
2026-09-03,Monthly,2018-06-01,2018-06-30,8,State,Nevada,4719,-6.81,285000,11.76,57,-6,5428,4.25,18738,-7.58,5741,-4.12,167.3,13.87
2026-09-03,Monthly,2018-06-01,2018-06-30,10,State,New Hampshire,2053,3.31,280000,5.66,65,-11,2312,1.15,9680,-8.51,2332,2.5,152.57,6.94
2026-09-03,Monthly,2018-06-01,2018-06-30,12,State,New Jersey,10415,3.72,310000,3.33,85,-7,13644,6.31,63262,-1.18,12285,7.11,184.23,6.16
2026-09-03,Monthly,2018-06-01,2018-06-30,14,State,New Mexico,2119,7.15,209900,6.01,66,0,2434,4.93,10232,-5.35,3338,4.3,119.93,2.9
2026-09-03,Monthly,2018-06-01,2018-06-30,16,State,New York,13588,-0.65,307000,2.33,68,-17,17358,-9.11,80851,-5.4,13725,-7.74,178.57,-1.38
2026-09-03,Monthly,2018-06-01,2018-06-30,18,State,North Carolina,12748,1.81,231500,2.89,67,-9,14757,4.17,64469,-4.37,13898,-3.35,120.48,6.29
2026-09-03,Monthly,2018-06-01,2018-06-30,20,State,North Dakota,687,11.29,226250,4.21,97,0,671,-9.24,3550,-1.32,614,5.76,105.67,-2.45
2026-09-03,Monthly,2018-06-01,2018-06-30,22,State,Ohio,12633,0.68,160500,5.42,56,-7,14839,1.19,55887,-5.95,15198,-0.42,96.93,6.18
2026-09-03,Monthly,2018-06-01,2018-06-30,23,State,Oklahoma,4044,5.03,164900,3.71,44,-3,4892,0.44,20060,-1.26,4457,9.32,96.06,2.94
2026-09-03,Monthly,2018-06-01,2018-06-30,24,State,Oregon,5427,-1.46,355000,6.93,37,4,6229,-4.16,21297,4.81,6077,-3.27,202.67,5.98
2026-09-03,Monthly,2018-06-01,2018-06-30,26,State,Pennsylvania,12824,2.13,203000,6.03,67,-8,14662,-0.34,63917,-9.02,13715,3.92,117.99,4.67
2026-09-03,Monthly,2018-06-01,2018-06-30,58,State,Puerto Rico,NA,NA,NA,NA,NA,NA,NA,NA,NA,NA,NA,NA,NA,NA
2026-09-03,Monthly,2018-06-01,2018-06-30,28,State,Rhode Island,1313,0.87,270000,5.88,58,-3,1711,9,6203,3,1446,-5.43,156.85,2.55
2026-09-03,Monthly,2018-06-01,2018-06-30,30,State,South Carolina,6871,5.8,219667,5.2,72,-12,8495,6.24,38621,-2.36,6700,3.66,117.45,4.6
2026-09-03,Monthly,2018-06-01,2018-06-30,32,State,South Dakota,872,3.08,210000,7.75,77,-1,932,-0.13,4109,-0.58,828,1.49,115.29,3.94
2026-09-03,Monthly,2018-06-01,2018-06-30,34,State,Tennessee,9296,5.11,220000,6.69,61,-4,10310,4.64,40702,-0.86,9951,-0.4,119.23,6.91
2026-09-03,Monthly,2018-06-01,2018-06-30,36,State,Texas,28000,4.87,244900,4.21,43,0,34214,4.01,126171,1.68,32867,5.1,119.98,5.3
2026-09-03,Monthly,2018-06-01,2018-06-30,38,State,Utah,4118,3.96,305000,11.76,29,0,4611,-3.43,14011,-1.79,4650,2.58,137.33,10.21
2026-09-03,Monthly,2018-06-01,2018-06-30,40,State,Vermont,722,1.32,230000,2.27,105,-14,1006,7.1,5672,-7.36,844,-1.69,138.28,6.38
2026-09-03,Monthly,2018-06-01,2018-06-30,42,State,Virginia,10195,0.62,309119,3.04,43,-7,12196,0.52,44692,-6.48,11029,3.68,148.03,2.78
2026-09-03,Monthly,2018-06-01,2018-06-30,44,State,Washington,10337,-1.19,392000,10.11,18,0,11441,-1.42,31247,-0.6,11016,-7.82,211.78,10.2
2026-09-03,Monthly,2018-06-01,2018-06-30,46,State,West Virginia,1002,2.72,169180,0.52,87,-11,1141,-1.75,5813,-6.3,1039,2.17,95.2,1.8
2026-09-03,Monthly,2018-06-01,2018-06-30,48,State,Wisconsin,6710,-1.9,197000,6.49,67,-7,7553,-1.57,31392,-11.07,7401,0.67,113.02,6.55
2026-09-03,Monthly,2018-06-01,2018-06-30,50,State,Wyoming,772,2.62,233500,4.24,91,-1,735,-8.37,4348,-6.87,751,2.82,112.9,3.39
2026-09-03,Monthly,2018-05-01,2018-05-31,1,State,Alabama,5120,6.35,187000,8.41,86,-17,5591,5.55,27976,-0.66,5410,4.44,99.76,4.57
2026-09-03,Monthly,2018-05-01,2018-05-31,3,State,Alaska,776,12.18,275000,-1.79,96,2,1007,1.68,5138,7.45,767,9.46,162.87,-0.13
2026-09-03,Monthly,2018-05-01,2018-05-31,5,State,Arizona,10734,1.26,258000,9.74,49,-4,12162,-0.09,42487,-6.93,12654,1.87,150.77,7.18
2026-09-03,Monthly,2018-05-01,2018-05-31,7,State,Arkansas,3095,12.72,160400,3.55,71,-5,3563,8.87,16065,5.65,3231,8.2,94.96,3.37
2026-09-03,Monthly,2018-05-01,2018-05-31,9,State,California,31327,-1.53,510000,8.51,35,-2,37542,1.25,117301,0.08,35282,-3.74,316.36,6.16
2026-09-03,Monthly,2018-05-01,2018-05-31,11,State,Colorado,9582,14.58,375000,5.63,39,3,10522,11.26,33302,10.93,10879,18.57,174.59,4.14
2026-09-03,Monthly,2018-05-01,2018-05-31,17,State,Columbia,817,0.12,598540,0.59,17,-2,1014,5.34,2596,0.61,863,4.12,496.08,4.55
2026-09-03,Monthly,2018-05-01,2018-05-31,13,State,Connecticut,3902,-5.46,240000,2.17,78,-12,5195,-2.54,25200,-5.99,5605,43.67,143.78,-0.93
2026-09-03,Monthly,2018-05-01,2018-05-31,15,State,Delaware,1323,0.53,240000,4.39,64,-15,1662,5.91,7045,-10.34,1420,7.1,136.13,4.85
2026-09-03,Monthly,2018-05-01,2018-05-31,19,State,Florida,36394,2.93,231000,5.96,59,-4,45093,2.88,193053,-0.07,41840,3.87,148.46,6.39
2026-09-03,Monthly,2018-05-01,2018-05-31,21,State,Georgia,13475,3.23,222590,8.58,46,-16,16920,0.27,64910,-8.82,15939,1.29,107.46,6.37
2026-09-03,Monthly,2018-05-01,2018-05-31,25,State,Hawaii,1341,-2.03,550000,7.84,77,5,1590,0.92,7547,0.95,1464,-4.06,502.85,1.66
2026-09-03,Monthly,2018-05-01,2018-05-31,27,State,Idaho,2922,6.51,252000,14.55,65,-3,2751,-6.56,11009,-10.26,2821,106.98,147.98,14.36
2026-09-03,Monthly,2018-05-01,2018-05-31,29,State,Illinois,13977,0.04,216000,2.86,65,-6,16957,1.06,70729,-6.64,15438,-4.8,129.65,4.52
2026-09-03,Monthly,2018-05-01,2018-05-31,31,State,Indiana,7833,2.23,162000,9.46,55,-11,8372,4.4,31942,-11.49,8364,2.68,87.9,6.54
2026-09-03,Monthly,2018-05-01,2018-05-31,33,State,Iowa,3348,0.58,165000,6.45,76,-8,3698,5.29,16283,-9.96,3286,0.57,111.8,3.25
2026-09-03,Monthly,2018-05-01,2018-05-31,35,State,Kansas,3048,4.52,190000,7.34,57,-4,3519,7.83,13385,1.04,3084,3.31,95.87,6.69
2026-09-03,Monthly,2018-05-01,2018-05-31,37,State,Kentucky,4175,2.06,165000,3.19,52,-3,5090,8.12,19367,2.8,4518,4.94,100.1,2.37
2026-09-03,Monthly,2018-05-01,2018-05-31,39,State,Louisiana,3462,5.54,192500,4.05,88,4,4086,6.55,20987,11.28,3484,1.35,108.72,-0.15
2026-09-03,Monthly,2018-05-01,2018-05-31,41,State,Maine,1715,1.07,219500,9.75,49,-7,2273,0.76,10061,-5.96,2150,1.83,139.76,8.35
2026-09-03,Monthly,2018-05-01,2018-05-31,43,State,Maryland,7447,0.29,295000,3.55,34,-6,9219,2.24,31060,-6.88,8419,3.75,165.82,2.13
2026-09-03,Monthly,2018-05-01,2018-05-31,45,State,Massachusetts,6927,-1.61,399900,6.64,23,-4,9030,6.12,26532,-2.52,8352,2.02,232.17,5.62
2026-09-03,Monthly,2018-05-01,2018-05-31,47,State,Michigan,12308,-0.02,170000,6.32,40,-5,14620,2.47,50526,-5.58,12885,-2.35,102.17,7.28
2026-09-03,Monthly,2018-05-01,2018-05-31,49,State,Minnesota,7061,-5.09,245000,8.84,42,-4,8097,1.51,31037,-7.7,7687,-3.58,132.21,5.66
2026-09-03,Monthly,2018-05-01,2018-05-31,51,State,Mississippi,1867,2.24,165849,4.67,86,-6,2345,5.55,12145,1.19,1796,1.85,93.26,3.08
2026-09-03,Monthly,2018-05-01,2018-05-31,2,State,Missouri,7458,2.65,175000,6.77,57,-5,8561,6.06,32807,-1.32,8202,2.34,100.93,3.82
2026-09-03,Monthly,2018-05-01,2018-05-31,4,State,Montana,1201,-0.58,279900,12,88,-5,1493,1.87,7362,-2.07,1202,-2.1,146.65,4.82
2026-09-03,Monthly,2018-05-01,2018-05-31,6,State,Nebraska,1916,-1.1,190000,8.57,46,-3,2129,5.59,6991,1.88,1864,-3.71,102.36,5.38
2026-09-03,Monthly,2018-05-01,2018-05-31,8,State,Nevada,4448,-8.81,283888,15.87,56,-6,5343,0.15,18503,-11.23,5577,-8.22,164.91,13.57
2026-09-03,Monthly,2018-05-01,2018-05-31,10,State,New Hampshire,1973,-1.74,268767,5.52,65,-13,2302,0.67,9637,-9.47,2355,-0.29,151.8,5.54
2026-09-03,Monthly,2018-05-01,2018-05-31,12,State,New Jersey,10308,0.66,290000,3.57,85,-8,13631,3.2,63306,-2.33,12350,1.82,184.31,7.44
2026-09-03,Monthly,2018-05-01,2018-05-31,14,State,New Mexico,2096,4.24,199500,2.36,64,-5,2392,-0.63,10222,-5.33,3315,3.84,120.15,3.71
2026-09-03,Monthly,2018-05-01,2018-05-31,16,State,New York,13214,-1.88,291057,9.83,74,-12,17438,4.19,81579,-2.99,13960,-3.64,173.79,9.98
2026-09-03,Monthly,2018-05-01,2018-05-31,18,State,North Carolina,12822,4.46,227850,6.47,68,-8,15274,6.86,65064,-3.12,14329,4.88,119.25,5.35
2026-09-03,Monthly,2018-05-01,2018-05-31,20,State,North Dakota,683,5.1,225000,3.37,102,7,712,-1.64,3628,1.17,608,2.83,107.07,-0.48
2026-09-03,Monthly,2018-05-01,2018-05-31,22,State,Ohio,12605,-1.03,155000,7.64,57,-6,14984,3.5,55950,-6.99,15370,-1.6,97.2,6.86
2026-09-03,Monthly,2018-05-01,2018-05-31,23,State,Oklahoma,4136,2.9,162500,2.2,47,-2,4890,5.21,20071,-0.04,4465,5.8,96.37,3.62
2026-09-03,Monthly,2018-05-01,2018-05-31,24,State,Oregon,5293,-0.46,349825,7.31,37,2,6361,-1.63,21122,7.09,5979,0.12,203.16,8.17
2026-09-03,Monthly,2018-05-01,2018-05-31,26,State,Pennsylvania,12769,-0.03,188000,4.44,69,-7,14643,-1.2,64511,-8.97,13740,5.79,118.15,5.32
2026-09-03,Monthly,2018-05-01,2018-05-31,28,State,Rhode Island,1289,1.04,265000,12.77,56,-6,1680,6.88,6037,0.62,1444,-4.48,156.88,3.94
2026-09-03,Monthly,2018-05-01,2018-05-31,30,State,South Carolina,6889,7.22,215000,6.44,72,-11,8378,5.35,38508,-2.68,6861,9.1,116.99,6.11
2026-09-03,Monthly,2018-05-01,2018-05-31,32,State,South Dakota,833,3.66,203000,5.59,80,4,947,7.42,4096,0.69,818,3.58,114.14,4.21
2026-09-03,Monthly,2018-05-01,2018-05-31,34,State,Tennessee,9168,1.85,216000,10.77,61,-3,10543,6.83,41170,0.41,10210,4.34,119.12,5.86
2026-09-03,Monthly,2018-05-01,2018-05-31,36,State,Texas,27754,3.98,242000,5.22,43,0,33935,2.54,125054,1.51,32825,3.96,119.36,4.83
2026-09-03,Monthly,2018-05-01,2018-05-31,38,State,Utah,4013,2.12,300000,11.11,28,-1,4677,1.09,13952,-0.07,4625,2.44,136.33,10.07
2026-09-03,Monthly,2018-05-01,2018-05-31,40,State,Vermont,724,7.25,219750,-1.9,103,-24,982,-3.72,5668,-8.36,894,2.04,134.78,-0.94
2026-09-03,Monthly,2018-05-01,2018-05-31,42,State,Virginia,10114,0.57,296000,2.1,45,-2,12426,0.75,44899,-6.55,10928,2.99,147.88,3.24
2026-09-03,Monthly,2018-05-01,2018-05-31,44,State,Washington,10207,-1.42,390000,11.43,17,-1,11714,1,30873,-0.26,11313,-3.28,210.17,10.41
2026-09-03,Monthly,2018-05-01,2018-05-31,46,State,West Virginia,1020,5.11,165000,6.45,91,-9,1176,-0.04,5912,-4.8,1100,10.6,95.37,2.15
2026-09-03,Monthly,2018-05-01,2018-05-31,48,State,Wisconsin,6739,-0.99,186000,6.9,67,-10,7779,0.13,31669,-11.42,7456,-5.89,113.18,6.52
2026-09-03,Monthly,2018-05-01,2018-05-31,50,State,Wyoming,761,3.82,224950,2.25,96,-3,812,-4.03,4478,-5.23,746,4.34,110.71,2.54
2026-09-03,Monthly,2018-04-01,2018-04-30,1,State,Alabama,5054,9.31,179000,5.74,87,-15,5630,8.98,27961,-0.78,5391,8.48,99.47,5.52
2026-09-03,Monthly,2018-04-01,2018-04-30,3,State,Alaska,762,1.49,276500,1.88,96,2,971,-1.02,5139,7.96,737,1.18,164.77,2.08
2026-09-03,Monthly,2018-04-01,2018-04-30,5,State,Arizona,10766,1.24,250000,8.7,49,-5,12158,1.14,42648,-6.33,12964,4.3,150.94,8.06
2026-09-03,Monthly,2018-04-01,2018-04-30,7,State,Arkansas,2910,0.74,152895,2.61,70,-5,3351,6.91,15768,3.21,3081,0.95,93.62,3.14
2026-09-03,Monthly,2018-04-01,2018-04-30,9,State,California,31442,-0.73,500000,8.7,35,-3,37317,2.49,115114,-1.27,34460,-5.48,315.46,6.37
2026-09-03,Monthly,2018-04-01,2018-04-30,11,State,Colorado,9493,13.37,371000,4.51,38,3,10660,13.66,33015,9.7,11056,22.51,174.95,4.59
2026-09-03,Monthly,2018-04-01,2018-04-30,17,State,Columbia,756,1.63,587750,11.42,15,-5,1003,12.04,2533,-0.67,898,16.37,494.5,3.85
2026-09-03,Monthly,2018-04-01,2018-04-30,13,State,Connecticut,4056,1.02,230000,4.86,78,-10,5270,2.73,25379,-5.58,5636,56.01,142.88,-0.94
2026-09-03,Monthly,2018-04-01,2018-04-30,15,State,Delaware,1317,0.04,230000,2.22,71,-10,1596,5.22,7087,-9.96,1532,23.59,136.75,3.36
2026-09-03,Monthly,2018-04-01,2018-04-30,19,State,Florida,35774,2.39,230000,9,58,-5,45304,4.65,193027,0.12,42138,5.73,147.84,6.56
2026-09-03,Monthly,2018-04-01,2018-04-30,21,State,Georgia,13454,3.74,218000,9,47,-16,16993,4.91,64950,-8.81,16269,4.5,107.18,6.98
2026-09-03,Monthly,2018-04-01,2018-04-30,25,State,Hawaii,1373,4.42,536000,5.1,81,7,1627,0.67,7566,1.25,1489,-3.29,500.31,2.19
2026-09-03,Monthly,2018-04-01,2018-04-30,27,State,Idaho,2768,3.76,240900,13.05,62,3,2757,-2.49,11162,-8.58,3036,144.66,146.98,14.12
2026-09-03,Monthly,2018-04-01,2018-04-30,29,State,Illinois,14070,-2,211513,3.68,61,-6,16798,1.81,70520,-6.63,16357,2.12,129.46,5.13
2026-09-03,Monthly,2018-04-01,2018-04-30,31,State,Indiana,7886,2.6,153000,8.13,57,-6,8116,0.49,32837,-10.62,8416,4.52,88,8.19
2026-09-03,Monthly,2018-04-01,2018-04-30,33,State,Iowa,3376,-0.86,155300,4.93,76,-5,3533,-0.84,16944,-6.66,3454,6.02,111.55,4.21
2026-09-03,Monthly,2018-04-01,2018-04-30,35,State,Kansas,3073,5.34,179900,9.1,58,-3,3407,9.03,13301,-0.72,3245,6.54,95.62,3.53
2026-09-03,Monthly,2018-04-01,2018-04-30,37,State,Kentucky,4201,4.62,164000,6.49,52,-1,4908,7.49,19124,1.41,4495,3.5,99.93,2.56
2026-09-03,Monthly,2018-04-01,2018-04-30,39,State,Louisiana,3514,7.5,192000,6.08,88,7,4033,9.57,20888,12.11,3562,7,110.46,2.24
2026-09-03,Monthly,2018-04-01,2018-04-30,41,State,Maine,1748,2.17,205000,10.22,48,-34,2206,4.83,9971,-6.43,2166,5.65,136.95,6.78
2026-09-03,Monthly,2018-04-01,2018-04-30,43,State,Maryland,7576,-1.52,285000,3.61,33,-7,9182,2.02,31282,-7.04,8579,7.04,166.54,2.86
2026-09-03,Monthly,2018-04-01,2018-04-30,45,State,Massachusetts,7075,0.71,381000,7.32,23,-7,8672,5.34,25846,-6.21,8200,1.83,232.17,5.85
2026-09-03,Monthly,2018-04-01,2018-04-30,47,State,Michigan,12324,-0.98,162700,6.34,39,-6,14493,1.52,50447,-6.61,12906,-0.74,103.03,8.81
2026-09-03,Monthly,2018-04-01,2018-04-30,49,State,Minnesota,7165,-2.83,240100,8.15,39,-6,7642,-7.61,26729,-12.25,7540,-6.46,131.53,6.19
2026-09-03,Monthly,2018-04-01,2018-04-30,51,State,Mississippi,1906,6.66,160000,3.9,90,-2,2376,10.37,12121,0.73,1842,8.84,94.57,5.83
2026-09-03,Monthly,2018-04-01,2018-04-30,2,State,Missouri,7391,1.49,165883,4.87,56,-7,8373,3.82,32590,-2.85,8329,0.85,100.8,4
2026-09-03,Monthly,2018-04-01,2018-04-30,4,State,Montana,1192,4.2,274000,9.64,90,-2,1424,-2.08,7280,-1.52,1190,4.96,143.82,1.64
2026-09-03,Monthly,2018-04-01,2018-04-30,6,State,Nebraska,1975,3.45,182000,8.98,43,-4,2140,5.17,6884,0.94,1926,5.72,101.75,4.82
2026-09-03,Monthly,2018-04-01,2018-04-30,8,State,Nevada,4508,-3.07,280000,16.67,53,-8,5253,-0.42,18138,-13.63,5343,-9.81,164,14.69
2026-09-03,Monthly,2018-04-01,2018-04-30,10,State,New Hampshire,2047,6.44,269000,12.11,67,-11,2311,3.14,9672,-9.14,2364,1.39,153.82,9.11
2026-09-03,Monthly,2018-04-01,2018-04-30,12,State,New Jersey,10576,1.84,280000,4.78,85,-4,13071,4.05,63124,-3.39,12343,5.14,180.71,5.64
2026-09-03,Monthly,2018-04-01,2018-04-30,14,State,New Mexico,2160,10.78,199500,4.18,72,6,2420,-0.93,10341,-3.45,3366,6.16,119.18,3.15
2026-09-03,Monthly,2018-04-01,2018-04-30,16,State,New York,13061,-2.03,294000,10.11,75,-13,17127,5.43,81228,-3.93,14173,-1.76,174.71,13.98
2026-09-03,Monthly,2018-04-01,2018-04-30,18,State,North Carolina,12813,2.47,225000,7.14,69,-5,14624,5.23,65008,-3.63,14375,5.6,119.65,6.45
2026-09-03,Monthly,2018-04-01,2018-04-30,20,State,North Dakota,677,11.19,218203,4.4,100,-7,713,3.37,3644,3.93,615,9.61,107.62,0.66
2026-09-03,Monthly,2018-04-01,2018-04-30,22,State,Ohio,12723,1.8,145100,5.22,58,-4,14489,0.21,56021,-7.78,15483,2.02,96.31,6.32
2026-09-03,Monthly,2018-04-01,2018-04-30,23,State,Oklahoma,4149,7.94,160000,4.92,56,3,4781,4.67,20068,-0.34,4448,6.42,95.22,2.54
2026-09-03,Monthly,2018-04-01,2018-04-30,24,State,Oregon,5484,3.5,347220,10.23,36,-2,6224,1.24,20610,4.06,6013,-3.84,201.35,6.59
2026-09-03,Monthly,2018-04-01,2018-04-30,26,State,Pennsylvania,12808,-2.33,180000,4.35,69,-3,14474,-1.12,65182,-8.31,13984,9,117.8,4.76
2026-09-03,Monthly,2018-04-01,2018-04-30,58,State,Puerto Rico,NA,NA,NA,NA,NA,NA,NA,NA,NA,NA,NA,NA,NA,NA
2026-09-03,Monthly,2018-04-01,2018-04-30,28,State,Rhode Island,1259,-7.9,250000,8.74,54,-9,1626,9.03,5851,-2.85,1550,-1.54,156.63,5.45
2026-09-03,Monthly,2018-04-01,2018-04-30,30,State,South Carolina,6870,5.36,210000,6.33,76,-6,8396,6.86,38535,-2.63,7103,13.61,117.58,7.11
2026-09-03,Monthly,2018-04-01,2018-04-30,32,State,South Dakota,857,-0.96,195000,2.63,78,5,860,-10.28,4079,-0.62,849,4.48,114.3,3.93
2026-09-03,Monthly,2018-04-01,2018-04-30,34,State,Tennessee,9205,2.59,206000,8.42,60,-5,10073,4.76,40167,-4.05,10177,4.05,119.24,8.05
2026-09-03,Monthly,2018-04-01,2018-04-30,36,State,Texas,27730,4.04,235000,4.44,43,1,33922,4.05,123473,1.65,33044,6.4,119.28,5.32
2026-09-03,Monthly,2018-04-01,2018-04-30,38,State,Utah,4007,1.03,290165,9.25,30,2,4684,3.24,13889,0.27,4649,-0.87,137.22,11.63
2026-09-03,Monthly,2018-04-01,2018-04-30,40,State,Vermont,727,8.96,225750,11.21,109,-26,946,0.28,5688,-7.03,919,11.23,140.68,5.35
2026-09-03,Monthly,2018-04-01,2018-04-30,42,State,Virginia,10223,0.82,290000,3.57,44,-5,12351,1.65,44664,-7.57,11167,6.04,146.92,2.27
2026-09-03,Monthly,2018-04-01,2018-04-30,44,State,Washington,10464,4.81,382751,12.91,16,-4,11215,2.35,29727,-1.53,11273,1.3,207.39,10.2
2026-09-03,Monthly,2018-04-01,2018-04-30,46,State,West Virginia,963,-3.24,155500,-1.89,84,-18,1180,3.68,5961,-2.89,1092,9.86,95.26,1.92
2026-09-03,Monthly,2018-04-01,2018-04-30,48,State,Wisconsin,6814,-0.72,180000,5.88,67,-8,7275,-7.41,31967,-11.67,7584,-1.8,111.33,5.75
2026-09-03,Monthly,2018-04-01,2018-04-30,50,State,Wyoming,811,22.18,215000,0.26,98,1,756,-0.1,4572,-2.58,791,19.5,111.36,2.81
2026-09-03,Monthly,2018-03-01,2018-03-31,1,State,Alabama,4924,5.34,176246,7.14,91,-10,5629,8.19,27788,-1.99,5308,5.64,98.17,2.41
2026-09-03,Monthly,2018-03-01,2018-03-31,3,State,Alaska,746,5.49,257500,-4.63,102,10,1006,4.39,5187,10.51,730,2.93,165.3,2.49
2026-09-03,Monthly,2018-03-01,2018-03-31,5,State,Arizona,10920,3.28,249600,9.96,49,-3,12163,-0.2,42940,-5.76,12905,3.7,150.13,8.14
2026-09-03,Monthly,2018-03-01,2018-03-31,7,State,Arkansas,2970,4.23,155000,7.68,72,-3,3500,8.35,15767,2.39,3187,5.37,95.23,5.23
2026-09-03,Monthly,2018-03-01,2018-03-31,9,State,California,31515,-0.3,495000,10,34,-6,36966,-1.04,113148,-2.68,34397,-3.84,314.58,5.45
2026-09-03,Monthly,2018-03-01,2018-03-31,11,State,Colorado,9374,12.45,362700,3.66,35,0,10829,12.47,32230,6.54,10767,18.33,173.11,3.85
2026-09-03,Monthly,2018-03-01,2018-03-31,17,State,Columbia,792,-2,550000,1.29,20,0,934,0.08,2463,-6.67,1105,31.35,489.98,7.3
2026-09-03,Monthly,2018-03-01,2018-03-31,13,State,Connecticut,3978,0.97,225000,9.76,82,-8,5244,-0.13,25480,-6.25,5545,57.39,141.95,-1.43
2026-09-03,Monthly,2018-03-01,2018-03-31,15,State,Delaware,1290,2.65,235000,6.33,68,-17,1539,-3.61,7125,-10.98,1471,12.41,137.19,4.94
2026-09-03,Monthly,2018-03-01,2018-03-31,19,State,Florida,35581,3.6,228000,8.79,58,-5,45461,4.79,192019,-0.81,42308,2.87,147.81,6.58
2026-09-03,Monthly,2018-03-01,2018-03-31,21,State,Georgia,13480,2.69,215000,8.38,48,-16,16934,0.64,65147,-9.22,16130,2.83,106.63,6.19
2026-09-03,Monthly,2018-03-01,2018-03-31,25,State,Hawaii,1367,7.09,540000,9.76,74,-2,1556,-4.86,7492,1.47,1497,1.79,505.67,6.56
2026-09-03,Monthly,2018-03-01,2018-03-31,27,State,Idaho,2853,14.64,250000,17.79,56,-22,2726,-2.85,11812,-3.34,11455,811.26,144.68,14.28
2026-09-03,Monthly,2018-03-01,2018-03-31,29,State,Illinois,13870,-1.37,200000,5.26,63,1,17027,-0.28,71021,-6.42,16716,-0.09,129.86,5.5
2026-09-03,Monthly,2018-03-01,2018-03-31,31,State,Indiana,7837,1.6,149000,8.76,56,-11,8233,-0.71,33496,-10.11,8354,3.11,87.21,6.8
2026-09-03,Monthly,2018-03-01,2018-03-31,33,State,Iowa,3362,1.24,150000,3.45,80,-6,3574,-0.98,17462,-3.36,3299,1.53,111.12,5.17
2026-09-03,Monthly,2018-03-01,2018-03-31,35,State,Kansas,2858,-0.59,174500,5.76,57,-3,3427,3.04,13096,-4.76,3105,1.42,94.58,3.93
2026-09-03,Monthly,2018-03-01,2018-03-31,37,State,Kentucky,4180,3.17,156500,4.68,52,-2,4909,2.97,19123,-1.17,4501,1.94,99.7,2.68
2026-09-03,Monthly,2018-03-01,2018-03-31,39,State,Louisiana,3336,-4.1,185000,2.95,91,8,4077,3.46,20620,9.2,3490,0.77,109.89,3
2026-09-03,Monthly,2018-03-01,2018-03-31,41,State,Maine,1735,1.86,212500,11.84,56,-4,2157,-0.11,10017,-7.71,2096,0.42,135.39,3.94
2026-09-03,Monthly,2018-03-01,2018-03-31,43,State,Maryland,7553,-1.81,279000,7,36,-7,9190,-2.62,31301,-9.04,11324,37.76,166.45,2.48
2026-09-03,Monthly,2018-03-01,2018-03-31,45,State,Massachusetts,6941,-2.35,375000,8.7,24,-5,8003,-5.23,25423,-10.73,7991,-4.88,229.61,5.87
2026-09-03,Monthly,2018-03-01,2018-03-31,47,State,Michigan,12218,-1.05,155000,6.9,40,-4,14469,0.83,50496,-8.4,12938,-3.52,102.36,7.69
2026-09-03,Monthly,2018-03-01,2018-03-31,49,State,Minnesota,7256,-0.87,230000,7.73,36,-11,7852,-7.65,24280,-13.27,7658,-7.3,130.94,5.92
2026-09-03,Monthly,2018-03-01,2018-03-31,51,State,Mississippi,1865,3.94,161100,3.57,84,-8,2328,1.45,12024,-1.22,1766,1.6,94.78,4.35
2026-09-03,Monthly,2018-03-01,2018-03-31,2,State,Missouri,7446,1.28,160000,5.26,56,-4,8380,3.92,32706,-5.16,8445,-0.42,100.57,4.63
2026-09-03,Monthly,2018-03-01,2018-03-31,4,State,Montana,1216,7.02,265000,5.89,82,-18,1522,4.9,7286,-0.84,1220,7.13,145.67,7.12
2026-09-03,Monthly,2018-03-01,2018-03-31,6,State,Nebraska,1881,-2.55,178000,7.88,42,1,2058,-1.24,6823,-0.56,1923,-0.82,102.32,6.56
2026-09-03,Monthly,2018-03-01,2018-03-31,8,State,Nevada,4686,3.02,274975,16.02,46,-11,5212,-3.25,18121,-13.76,5272,-7.35,161.57,13.84
2026-09-03,Monthly,2018-03-01,2018-03-31,10,State,New Hampshire,1970,6.82,250000,6.41,68,-12,2248,-0.49,9656,-9.46,2299,-4.28,151.51,6.57
2026-09-03,Monthly,2018-03-01,2018-03-31,12,State,New Jersey,10146,1.15,272500,5.42,84,-10,12818,1.62,63474,-4.03,12342,4.53,180.85,5.52
2026-09-03,Monthly,2018-03-01,2018-03-31,14,State,New Mexico,2210,18.03,195000,5.41,72,6,2410,-0.11,10462,-1.7,3474,15.2,118.95,2.75
2026-09-03,Monthly,2018-03-01,2018-03-31,16,State,New York,13093,1.53,307400,9.79,76,-20,16614,2.23,80722,-7.36,13644,-10.75,169.17,7.51
2026-09-03,Monthly,2018-03-01,2018-03-31,18,State,North Carolina,12763,2.91,221548,8.07,70,-5,14872,2.2,65378,-4.22,14309,3.95,118.89,5.57
2026-09-03,Monthly,2018-03-01,2018-03-31,20,State,North Dakota,673,11.64,219900,7.27,102,4,689,-3.54,3653,5.81,621,11.05,108.49,0.24
2026-09-03,Monthly,2018-03-01,2018-03-31,22,State,Ohio,12767,1.45,139500,5.71,52,-10,14697,0.54,56408,-8.4,15471,0.04,95.49,6.73
2026-09-03,Monthly,2018-03-01,2018-03-31,23,State,Oklahoma,4124,6.79,156895,4.6,68,3,4844,-0.68,20182,-2.33,4487,2.1,95.55,3.16
2026-09-03,Monthly,2018-03-01,2018-03-31,24,State,Oregon,5535,5.96,338007,9.39,33,-10,6500,6.02,20473,1.88,6058,-0.85,201.83,8.09
2026-09-03,Monthly,2018-03-01,2018-03-31,26,State,Pennsylvania,12549,-0.99,177500,7.58,71,-6,14426,-2.73,66212,-7.85,14107,6.29,115.7,2.03
2026-09-03,Monthly,2018-03-01,2018-03-31,28,State,Rhode Island,1214,1.33,244900,11.32,56,-3,1481,0.23,5714,-8.06,1472,-13.18,155.6,3.29
2026-09-03,Monthly,2018-03-01,2018-03-31,30,State,South Carolina,6846,6.17,208500,8.31,75,-11,8466,8.4,38564,-2.85,6919,9.86,117.27,6.61
2026-09-03,Monthly,2018-03-01,2018-03-31,32,State,South Dakota,907,10.76,195357,4.05,84,8,878,-4.27,4143,4.16,876,8.74,115.26,5.56
2026-09-03,Monthly,2018-03-01,2018-03-31,34,State,Tennessee,9149,5.13,209000,11.17,59,-7,10189,4.07,40703,-1.66,10189,1.45,118.5,7.05
2026-09-03,Monthly,2018-03-01,2018-03-31,36,State,Texas,27397,4.32,231500,5.23,45,2,33717,3.28,121486,0.77,32734,5.48,118.74,4.96
2026-09-03,Monthly,2018-03-01,2018-03-31,38,State,Utah,4101,6.77,286000,10.45,24,-3,4613,0.63,13904,-1.91,4784,0.24,134.85,10.9
2026-09-03,Monthly,2018-03-01,2018-03-31,40,State,Vermont,673,-9.8,227000,17.14,141,13,952,6.4,5721,-7.07,856,0.51,137.08,8.53
2026-09-03,Monthly,2018-03-01,2018-03-31,42,State,Virginia,10204,2.11,280000,5.66,45,-6,12412,-3.22,45069,-8.29,12768,17.78,146.58,2.84
2026-09-03,Monthly,2018-03-01,2018-03-31,44,State,Washington,10424,2.25,373000,11.34,16,-6,11445,6.53,29724,-2.66,11129,1.68,206.81,10.27
2026-09-03,Monthly,2018-03-01,2018-03-31,46,State,West Virginia,985,3.51,159000,7.25,94,-9,1159,0.43,5998,-3.35,1175,18.52,95.21,1.9
2026-09-03,Monthly,2018-03-01,2018-03-31,48,State,Wisconsin,6915,2.87,174900,7.3,67,-11,7749,-2.78,32413,-11.35,7989,-2.15,111.74,5.19
2026-09-03,Monthly,2018-03-01,2018-03-31,50,State,Wyoming,781,18.69,218000,1.44,97,-15,863,6.8,4755,-0.47,770,17.06,114.47,3.43
2026-09-03,Monthly,2018-02-01,2018-02-28,1,State,Alabama,4728,5.71,172650,9.12,94,-11,5567,0.64,27555,-2.65,4923,3.11,97.92,3.21
2026-09-03,Monthly,2018-02-01,2018-02-28,3,State,Alaska,783,9.2,269000,-0.37,101,6,1065,18.2,5276,12.99,747,7.44,162.74,0.3
2026-09-03,Monthly,2018-02-01,2018-02-28,5,State,Arizona,10877,3.95,245200,8.98,48,-6,12248,1.88,43046,-5.02,12692,3.18,149.16,7.87
2026-09-03,Monthly,2018-02-01,2018-02-28,7,State,Arkansas,2975,10.12,150000,2.04,71,-6,3412,0.2,15621,1.55,3124,6.07,94.38,4.05
2026-09-03,Monthly,2018-02-01,2018-02-28,9,State,California,31238,0.26,470000,9.3,32,-9,38416,8.24,112130,-1.93,34455,-3.19,312.45,7.23
2026-09-03,Monthly,2018-02-01,2018-02-28,11,State,Colorado,9640,20.97,355000,6.93,33,-2,10553,11.16,31597,6.37,10461,15.05,173.29,4.31
2026-09-03,Monthly,2018-02-01,2018-02-28,17,State,Columbia,832,7.06,533750,4.16,22,1,934,-11.21,2415,-9.3,795,-5.89,485.54,3
2026-09-03,Monthly,2018-02-01,2018-02-28,13,State,Connecticut,3964,0.69,219100,6.88,84,-8,6164,9.94,25746,-6.83,5479,62.11,139.58,-4.06
2026-09-03,Monthly,2018-02-01,2018-02-28,15,State,Delaware,1221,-3.16,219950,4.74,72,-14,1640,0.37,7218,-9.71,1208,-9.17,135.35,4.05
2026-09-03,Monthly,2018-02-01,2018-02-28,19,State,Florida,34896,2.95,220000,10,58,-6,45357,5.67,190280,-2.25,41394,1,147.42,6.62
2026-09-03,Monthly,2018-02-01,2018-02-28,21,State,Georgia,13466,5.72,204000,8.22,51,-15,17408,5.44,64781,-9.46,15785,-0.21,106.01,5.93
2026-09-03,Monthly,2018-02-01,2018-02-28,25,State,Hawaii,1384,6.21,525000,6.1,72,-5,1621,7.3,7498,2.81,1493,-2,498.98,2.61
2026-09-03,Monthly,2018-02-01,2018-02-28,27,State,Idaho,2753,18.66,235000,12.91,63,-11,2803,17.45,11952,-0.08,2988,150.7,141.26,10.76
2026-09-03,Monthly,2018-02-01,2018-02-28,29,State,Illinois,13245,-2.43,186000,8.77,63,1,16792,-7.34,70924,-5.11,15906,-8.45,128.62,4.15
2026-09-03,Monthly,2018-02-01,2018-02-28,31,State,Indiana,7765,3.13,146000,12.35,59,-12,8265,-6.27,33427,-11.01,8148,-0.43,86.59,6.11
2026-09-03,Monthly,2018-02-01,2018-02-28,33,State,Iowa,3260,-0.87,150000,11.11,78,-10,3632,-9.67,17320,-4.04,3137,-3.25,109.98,4.87
2026-09-03,Monthly,2018-02-01,2018-02-28,35,State,Kansas,2818,5.14,166000,7.1,58,-4,3344,-7.54,12925,-5.72,3036,-1.58,95.13,5.03
2026-09-03,Monthly,2018-02-01,2018-02-28,37,State,Kentucky,4153,3.52,154900,9.08,53,-5,5095,0.4,19192,-1.27,4431,-2.18,99.72,4.42
2026-09-03,Monthly,2018-02-01,2018-02-28,39,State,Louisiana,3289,-0.67,180850,3.4,88,4,4102,10.61,20414,9.59,3417,-0.7,108.17,3.62
2026-09-03,Monthly,2018-02-01,2018-02-28,41,State,Maine,1736,4.42,200000,9.74,54,-10,2237,5.38,10067,-7.87,2139,2.6,133.5,3.62
2026-09-03,Monthly,2018-02-01,2018-02-28,43,State,Maryland,7263,-3.36,267250,6.9,38,-8,9524,-1.49,31383,-8.7,8052,-2.18,165.61,3.42
2026-09-03,Monthly,2018-02-01,2018-02-28,45,State,Massachusetts,6860,-0.98,350000,6.38,25,-6,9184,9.96,26393,-7.35,8476,3.74,229.59,5.1
2026-09-03,Monthly,2018-02-01,2018-02-28,47,State,Michigan,12156,-1.05,147414,10.93,42,-6,14424,-0.23,50408,-9.31,12688,-4.39,102.41,6.8
2026-09-03,Monthly,2018-02-01,2018-02-28,49,State,Minnesota,7018,-3.07,225000,13.07,40,-7,8203,-2.9,20662,-10.35,7687,-7.47,130.71,6.42
2026-09-03,Monthly,2018-02-01,2018-02-28,51,State,Mississippi,1798,0.07,157000,4.67,89,-14,2290,-2.01,11893,-2.3,1717,-2.32,93.01,4.92
2026-09-03,Monthly,2018-02-01,2018-02-28,2,State,Missouri,7361,2.76,155000,6.9,57,-6,8574,-6.92,32668,-5.55,8188,-3.6,100.55,5.43
2026-09-03,Monthly,2018-02-01,2018-02-28,4,State,Montana,1205,12.74,264900,9.01,90,-10,1433,-1.32,7271,-0.72,1210,12.68,144.64,5.97
2026-09-03,Monthly,2018-02-01,2018-02-28,6,State,Nebraska,1860,8.09,170000,9.68,44,-1,1999,-5.03,6754,0.74,1915,0.18,102.51,7.71
2026-09-03,Monthly,2018-02-01,2018-02-28,8,State,Nevada,4451,1.63,270000,17.39,44,-19,5430,5.08,17826,-13.33,5397,-1.04,161.37,15.06
2026-09-03,Monthly,2018-02-01,2018-02-28,10,State,New Hampshire,1804,-6.99,240000,6.43,59,-22,2715,19.28,9760,-8.83,2441,7.79,148.97,4.39
2026-09-03,Monthly,2018-02-01,2018-02-28,12,State,New Jersey,10136,0.08,260000,4,85,-10,14250,3.82,63777,-4.66,11775,-1.92,182.37,7.27
2026-09-03,Monthly,2018-02-01,2018-02-28,14,State,New Mexico,2119,16.58,190000,5.56,68,-8,2455,2.05,10528,-0.9,3416,10.16,118.74,2.48
2026-09-03,Monthly,2018-02-01,2018-02-28,16,State,New York,12722,-4.16,290000,3.57,75,-26,17220,3.16,81457,-8.35,13567,-12.73,177.62,19.24
2026-09-03,Monthly,2018-02-01,2018-02-28,18,State,North Carolina,12628,4.01,210000,7.89,73,-6,14933,0.39,65626,-3.36,14213,2.19,118.07,5.22
2026-09-03,Monthly,2018-02-01,2018-02-28,20,State,North Dakota,625,4.57,204950,-2.4,98,-1,736,3.5,3665,8.1,585,5.83,107.21,1.52
2026-09-03,Monthly,2018-02-01,2018-02-28,22,State,Ohio,12130,-2.66,135000,8,59,-6,14679,-3.54,56244,-9.22,15390,-0.72,94.34,4.82
2026-09-03,Monthly,2018-02-01,2018-02-28,23,State,Oklahoma,3966,9.27,152000,3.4,76,6,4739,-3.61,20205,-1.59,4316,1.3,94.93,1.91
2026-09-03,Monthly,2018-02-01,2018-02-28,24,State,Oregon,5719,14.02,331000,10.37,33,-10,6342,5.5,19887,-0.93,6177,1.38,199.79,7.69
2026-09-03,Monthly,2018-02-01,2018-02-28,26,State,Pennsylvania,11889,-3.37,165000,6.45,74,-2,14691,-1.41,66861,-7.69,12810,-3.44,117.45,3.85
2026-09-03,Monthly,2018-02-01,2018-02-28,28,State,Rhode Island,1292,3.07,238125,9.23,55,-7,1732,13.09,5754,-8.19,1509,-2.58,157.28,5.08
2026-09-03,Monthly,2018-02-01,2018-02-28,30,State,South Carolina,6803,5.07,200000,4.17,78,-10,8255,3.15,37976,-4.55,6909,8.69,116.96,4.7
2026-09-03,Monthly,2018-02-01,2018-02-28,32,State,South Dakota,807,11.5,189875,5.66,80,-5,887,0.6,4135,8.11,839,10.65,113.04,6.04
2026-09-03,Monthly,2018-02-01,2018-02-28,34,State,Tennessee,8762,2.15,199900,8.94,60,-6,10253,2.83,40024,-4.75,10146,1.4,118.78,8.32
2026-09-03,Monthly,2018-02-01,2018-02-28,36,State,Texas,27195,3.48,226000,4.89,45,2,33357,2.17,119824,0.63,32517,4.21,118.76,5.78
2026-09-03,Monthly,2018-02-01,2018-02-28,38,State,Utah,4260,15.68,280682,11.83,24,-4,4781,11.56,14225,-0.73,4864,-2.27,132.51,9.02
2026-09-03,Monthly,2018-02-01,2018-02-28,40,State,Vermont,687,4.52,215000,2.11,113,-15,931,-4.32,5673,-9.34,830,-6.57,136.7,2.2
2026-09-03,Monthly,2018-02-01,2018-02-28,42,State,Virginia,10187,3.05,266450,1.5,49,-4,12737,-3.54,45441,-7.05,10642,-1.51,146.68,2.5
2026-09-03,Monthly,2018-02-01,2018-02-28,44,State,Washington,10489,3.29,365000,12.83,17,-8,11363,8.36,29537,-4.31,11210,-1.15,205.99,10.78
2026-09-03,Monthly,2018-02-01,2018-02-28,46,State,West Virginia,1010,17.2,151450,8.96,95,-5,1238,1.85,6003,-3.26,1007,11.94,95.09,1.85
2026-09-03,Monthly,2018-02-01,2018-02-28,48,State,Wisconsin,6747,1.92,165500,8.17,69,-11,7733,-6.73,32660,-10.81,7848,-8.02,110.56,4.88
2026-09-03,Monthly,2018-02-01,2018-02-28,50,State,Wyoming,727,16.72,214000,-0.21,95,-10,810,3.06,4793,-0.47,736,14.59,114.16,6.1
2026-09-03,Monthly,2018-01-01,2018-01-31,1,State,Alabama,4664,1.55,168000,3.7,96,-7,5360,4.28,27542,-1.74,4947,3.13,98.08,4.91
2026-09-03,Monthly,2018-01-01,2018-01-31,3,State,Alaska,759,-0.28,260000,0.04,103,14,1122,15.75,5224,10.43,763,4.12,159.77,-1.67
2026-09-03,Monthly,2018-01-01,2018-01-31,5,State,Arizona,10796,1.16,240000,9.09,51,-5,12131,1.76,43138,-5.57,12648,1.45,148.47,7.96
2026-09-03,Monthly,2018-01-01,2018-01-31,7,State,Arkansas,2912,6.21,146775,3.36,72,-5,3269,1.32,15519,2.6,3077,5.06,95.43,4.68
2026-09-03,Monthly,2018-01-01,2018-01-31,9,State,California,30904,-5.55,455000,7.06,34,-7,36959,1.6,108868,-6.08,34352,-4.3,311.22,5.61
2026-09-03,Monthly,2018-01-01,2018-01-31,11,State,Colorado,9593,8.61,343000,5.26,34,0,10657,19.04,31293,5.46,10634,18.79,172.31,2.9
2026-09-03,Monthly,2018-01-01,2018-01-31,17,State,Columbia,816,0.03,500000,-7.4,20,0,930,-3.33,2496,-1.88,842,-1.13,484.93,-1.55
2026-09-03,Monthly,2018-01-01,2018-01-31,13,State,Connecticut,3948,-5.39,222750,6.07,82,-15,4895,-10.67,24679,-10.46,5059,17.01,138.68,-2.49
2026-09-03,Monthly,2018-01-01,2018-01-31,15,State,Delaware,1272,3.93,224000,4.23,72,-15,1564,-2.31,7251,-9.52,1286,-1.45,132.07,3.87
2026-09-03,Monthly,2018-01-01,2018-01-31,19,State,Florida,34693,-1.96,215000,10.26,59,-4,44292,1.99,188607,-3.81,41543,0.99,147.03,6.47
2026-09-03,Monthly,2018-01-01,2018-01-31,21,State,Georgia,13393,4.04,196990,6.54,52,-15,16115,-2.83,64569,-9.41,16009,4.55,105.57,6.35
2026-09-03,Monthly,2018-01-01,2018-01-31,25,State,Hawaii,1356,0.13,535000,1.9,80,0,1566,4.84,7363,-0.06,1492,-6.62,505.17,5.27
2026-09-03,Monthly,2018-01-01,2018-01-31,27,State,Idaho,2742,7.14,232000,15.12,63,-5,2603,19.41,11809,-1.88,2834,126.17,141.59,12.48
2026-09-03,Monthly,2018-01-01,2018-01-31,29,State,Illinois,13289,-5.36,185000,7.25,55,-5,16915,-2.52,70510,-3.58,15397,-4.85,128.41,4.27
2026-09-03,Monthly,2018-01-01,2018-01-31,31,State,Indiana,7836,2.03,141000,9.39,60,-12,7779,-4.48,33163,-10.94,8148,-1.53,87.19,8.97
2026-09-03,Monthly,2018-01-01,2018-01-31,33,State,Iowa,3388,2.27,146500,2.81,78,-7,3573,-1.4,17185,-2.57,3236,0.17,112.15,7.19
2026-09-03,Monthly,2018-01-01,2018-01-31,35,State,Kansas,2873,2.06,169900,7.02,57,-6,3210,-2.86,12995,-3.23,3104,4.57,96.6,7.1
2026-09-03,Monthly,2018-01-01,2018-01-31,37,State,Kentucky,4170,2.79,150000,4.46,54,-3,4663,-4.48,19094,-1.55,4411,-4.65,100.23,5.76
2026-09-03,Monthly,2018-01-01,2018-01-31,39,State,Louisiana,3235,-10.82,179900,6.45,86,2,3666,-4.63,20156,7.02,3315,-8.29,108.42,1.73
2026-09-03,Monthly,2018-01-01,2018-01-31,41,State,Maine,1725,0.61,200000,2.96,48,-15,1993,-11.97,10028,-8.83,1973,-4.31,136.41,8.68
2026-09-03,Monthly,2018-01-01,2018-01-31,43,State,Maryland,7348,-1.61,261000,2.35,38,-7,8673,-5.69,31311,-8.63,8223,1.79,165.16,2.13
2026-09-03,Monthly,2018-01-01,2018-01-31,45,State,Massachusetts,7138,-1.76,367250,4.63,25,-6,7639,-16.09,25734,-11.38,7627,-7.6,228.46,4.75
2026-09-03,Monthly,2018-01-01,2018-01-31,47,State,Michigan,12277,0.02,149000,9.56,41,-6,14380,0.45,50702,-8.26,12846,-3.43,100.82,7.43
2026-09-03,Monthly,2018-01-01,2018-01-31,49,State,Minnesota,7168,-2.32,219950,10.03,42,-8,8112,-0.72,19154,-10.37,7458,-8.17,129.58,5.67
2026-09-03,Monthly,2018-01-01,2018-01-31,51,State,Mississippi,1836,2.87,154000,9.84,84,-11,2200,-3.44,11901,-1.88,1742,0.4,91.6,1.85
2026-09-03,Monthly,2018-01-01,2018-01-31,2,State,Missouri,7456,3.65,152500,5.17,58,-6,7495,-5.17,32449,-4.85,8289,4.81,100.58,7.54
2026-09-03,Monthly,2018-01-01,2018-01-31,4,State,Montana,1127,-2.3,259900,3.96,90,-4,1412,7.94,7245,-0.71,1142,-1.35,144.53,4.4
2026-09-03,Monthly,2018-01-01,2018-01-31,6,State,Nebraska,1870,-0.73,170000,9.32,44,-4,1863,-6.14,6811,0.86,1942,2.44,101.54,5.6
2026-09-03,Monthly,2018-01-01,2018-01-31,8,State,Nevada,4633,3.6,263000,14.35,50,-14,5229,0.36,17397,-14.94,5669,5.68,159.16,14.7
2026-09-03,Monthly,2018-01-01,2018-01-31,10,State,New Hampshire,1960,-0.3,249933,6.56,69,-11,2200,-4.79,9638,-13.09,2275,-14.14,147.92,4.16
2026-09-03,Monthly,2018-01-01,2018-01-31,12,State,New Jersey,10025,-0.8,275000,4.96,86,-12,12899,-3.32,63238,-5.53,11618,-1.15,177.67,6.64
2026-09-03,Monthly,2018-01-01,2018-01-31,14,State,New Mexico,2084,8.14,189000,3.56,67,-8,2371,-1.25,10550,-1.12,3373,8.58,119.28,4.75
2026-09-03,Monthly,2018-01-01,2018-01-31,16,State,New York,12455,-6.07,300000,3.45,77,-28,16494,0.72,80620,-9.51,13076,-12.76,171.26,14.57
2026-09-03,Monthly,2018-01-01,2018-01-31,18,State,North Carolina,12550,0.71,207000,8.95,72,-6,14252,0.9,65311,-3.3,14373,6.49,118.72,6.62
2026-09-03,Monthly,2018-01-01,2018-01-31,20,State,North Dakota,614,-1.7,211950,-1.42,103,8,710,5.48,3621,8.01,567,-1.46,109.11,-1.06
2026-09-03,Monthly,2018-01-01,2018-01-31,22,State,Ohio,12391,-2.61,130500,5.24,58,-8,13873,-6.2,56123,-9.51,15371,-0.11,94.6,6.26
2026-09-03,Monthly,2018-01-01,2018-01-31,23,State,Oklahoma,3867,5.65,147000,1.38,70,2,4645,-3.31,20305,0.24,4350,5,95.61,4.06
2026-09-03,Monthly,2018-01-01,2018-01-31,24,State,Oregon,5616,-8.19,322250,9.61,34,-5,6296,17.63,19868,-0.8,6431,13.71,197,7.58
2026-09-03,Monthly,2018-01-01,2018-01-31,26,State,Pennsylvania,12491,2.01,173425,8.39,74,-5,14340,-2.95,66856,-7.06,13094,0.62,117.04,4.93
2026-09-03,Monthly,2018-01-01,2018-01-31,28,State,Rhode Island,1201,-7.87,235000,9.3,52,-11,1386,-10.47,5635,-10.67,1358,-6.15,152.03,2.97
2026-09-03,Monthly,2018-01-01,2018-01-31,30,State,South Carolina,6847,7.59,204535,9.09,80,-11,7997,1.5,38184,-3.28,6840,7.26,115.06,4.95
2026-09-03,Monthly,2018-01-01,2018-01-31,32,State,South Dakota,822,-1.65,184000,2.22,78,0,933,8.24,4082,7.38,828,-0.4,111.27,6.09
2026-09-03,Monthly,2018-01-01,2018-01-31,34,State,Tennessee,8564,-3.12,195000,8.97,60,-6,9099,-5.44,39323,-3.6,10052,1.12,118.4,7.25
2026-09-03,Monthly,2018-01-01,2018-01-31,36,State,Texas,27072,2.16,219000,6.83,45,2,33005,1.52,119825,1.61,32108,2.54,117.97,5.71
2026-09-03,Monthly,2018-01-01,2018-01-31,38,State,Utah,4233,8.62,275000,9.74,26,-3,4777,11.2,14561,-1.6,5194,4.59,130.47,7.81
2026-09-03,Monthly,2018-01-01,2018-01-31,40,State,Vermont,697,-1.86,210000,-1.62,113,-18,830,-12.12,5723,-10.23,833,-3.32,133.07,-2.66
2026-09-03,Monthly,2018-01-01,2018-01-31,42,State,Virginia,10132,2.13,264700,2.96,47,-6,11751,-3.71,45320,-5.8,10417,0.03,148.31,4.1
2026-09-03,Monthly,2018-01-01,2018-01-31,44,State,Washington,10661,-7.83,343500,9.44,21,-4,11299,6.28,29636,-5.97,11419,0.92,202.85,8.76
2026-09-03,Monthly,2018-01-01,2018-01-31,46,State,West Virginia,1001,9.01,149500,6.86,101,-3,1121,-1.78,5928,-2.22,1017,9.31,94.95,1.9
2026-09-03,Monthly,2018-01-01,2018-01-31,48,State,Wisconsin,6862,1.55,169000,7.64,70,-9,7415,0.06,32756,-10.1,7732,0.42,113.46,9.02
2026-09-03,Monthly,2018-01-01,2018-01-31,50,State,Wyoming,713,8.03,211000,-4.09,96,-7,863,15.78,4785,-1.67,731,9.1,111.37,2.77
2026-09-03,Monthly,2017-12-01,2017-12-31,1,State,Alabama,4794,7.8,175900,6.61,93,-10,5252,3.16,27748,-0.95,5192,11.14,97.82,4.58
2026-09-03,Monthly,2017-12-01,2017-12-31,3,State,Alaska,732,-1.12,259500,-6.65,98,-1,1050,15.32,5204,8.02,738,-0.46,163.23,0.27
2026-09-03,Monthly,2017-12-01,2017-12-31,5,State,Arizona,10882,5.25,242900,9.41,52,-3,12171,1.11,43334,-6.49,12814,2.63,147.85,7.76
2026-09-03,Monthly,2017-12-01,2017-12-31,7,State,Arkansas,2955,6.29,153000,4.08,71,-8,3412,3.67,15688,3.94,3120,6.81,92.8,0.99
2026-09-03,Monthly,2017-12-01,2017-12-31,9,State,California,32185,0.75,470000,8.29,35,-6,36947,2.24,108058,-8.3,36392,0.54,311.87,6.88
2026-09-03,Monthly,2017-12-01,2017-12-31,11,State,Colorado,9721,14.77,345900,4.82,34,-1,10568,14.56,31257,4.28,11326,23.87,170.81,2.36
2026-09-03,Monthly,2017-12-01,2017-12-31,17,State,Columbia,814,15.09,560000,1.82,21,3,1006,-0.01,2567,4.22,900,13.3,467.05,-2.92
2026-09-03,Monthly,2017-12-01,2017-12-31,13,State,Connecticut,3963,1.47,225000,1.02,88,-7,5173,-6.65,26235,-5.13,7150,68.53,140.38,0.99
2026-09-03,Monthly,2017-12-01,2017-12-31,15,State,Delaware,1285,1.25,225000,0,81,-1,1539,4.8,7360,-8.19,1430,7.97,133.78,6.74
2026-09-03,Monthly,2017-12-01,2017-12-31,19,State,Florida,36381,7.74,222500,8.54,61,-5,45056,5.51,188321,-4.2,42362,6.48,147.3,6.87
2026-09-03,Monthly,2017-12-01,2017-12-31,21,State,Georgia,13651,7.52,207000,7.87,53,-12,16918,6.38,65678,-8.33,16153,7.46,105.47,6.28
2026-09-03,Monthly,2017-12-01,2017-12-31,25,State,Hawaii,1455,2.22,540000,8,76,-2,1570,5.88,7303,-2.61,1512,4.78,513.77,3.88
2026-09-03,Monthly,2017-12-01,2017-12-31,27,State,Idaho,2835,2.13,230000,12.2,60,-18,2931,15.74,11930,-3.88,2665,83.02,137.67,9.08
2026-09-03,Monthly,2017-12-01,2017-12-31,29,State,Illinois,13738,1.91,187500,7.7,70,11,17247,5.28,73513,1.14,15690,0.63,127.37,4.3
2026-09-03,Monthly,2017-12-01,2017-12-31,31,State,Indiana,7843,2.96,145000,7.41,60,-11,8337,8.94,33821,-9.95,8378,3.6,86.87,7.21
2026-09-03,Monthly,2017-12-01,2017-12-31,33,State,Iowa,3325,1.41,145700,0.57,87,2,3691,6.11,17388,-1.32,3373,3.54,111.07,4.65
2026-09-03,Monthly,2017-12-01,2017-12-31,35,State,Kansas,3004,8.14,169985,0.8,58,-4,3397,11.22,13171,-0.74,3084,10.34,92.78,3.31
2026-09-03,Monthly,2017-12-01,2017-12-31,37,State,Kentucky,4094,0.91,157500,6.85,54,-4,4839,4.51,19273,0.81,4304,1.31,97.83,3.22
2026-09-03,Monthly,2017-12-01,2017-12-31,39,State,Louisiana,3383,0.59,189000,8.31,85,-2,3936,5.94,20310,8.31,3424,0.23,109.35,2.73
2026-09-03,Monthly,2017-12-01,2017-12-31,41,State,Maine,1788,4.4,205000,7.89,53,-13,2126,-1.19,10137,-6.9,2001,7.35,137.93,11.82
2026-09-03,Monthly,2017-12-01,2017-12-31,43,State,Maryland,7531,2.01,275000,5.77,40,-6,8902,-0.32,31850,-6.5,8349,3.08,166.47,6.07
2026-09-03,Monthly,2017-12-01,2017-12-31,45,State,Massachusetts,7046,0.99,373700,6.77,26,-6,8674,2.15,26141,-7.38,8238,0.16,225.33,3.77
2026-09-03,Monthly,2017-12-01,2017-12-31,47,State,Michigan,12302,-0.39,155000,7.12,42,-5,14466,1.31,51050,-7.94,12885,-0.67,101.56,6.82
2026-09-03,Monthly,2017-12-01,2017-12-31,49,State,Minnesota,7233,-0.63,222000,8.35,43,-6,8135,2.56,20395,-11.43,7683,1.63,129.05,6.39
2026-09-03,Monthly,2017-12-01,2017-12-31,51,State,Mississippi,1897,6.9,154750,3.24,88,-13,2281,12.11,12036,-0.46,1867,8.57,95.79,4.92
2026-09-03,Monthly,2017-12-01,2017-12-31,2,State,Missouri,7452,3.61,158000,5.4,57,-7,8550,6.87,32909,-4.29,8109,5.74,99.92,4.85
2026-09-03,Monthly,2017-12-01,2017-12-31,4,State,Montana,1200,5.27,259900,4.93,93,-3,1420,18.43,7237,-1.62,1199,5.12,146.85,11.22
2026-09-03,Monthly,2017-12-01,2017-12-31,6,State,Nebraska,1944,-0.97,166000,3.75,41,-9,2102,12.18,7039,2.67,1981,3.48,95.37,0.91
2026-09-03,Monthly,2017-12-01,2017-12-31,8,State,Nevada,4702,2.07,264000,16.81,52,-16,5179,5.43,17370,-16.53,5604,3.47,157.74,15.21
2026-09-03,Monthly,2017-12-01,2017-12-31,10,State,New Hampshire,1954,8.06,258000,9.79,71,-11,2244,-0.65,10035,-9.99,2344,3.85,147.71,4.2
2026-09-03,Monthly,2017-12-01,2017-12-31,12,State,New Jersey,10118,4.57,282000,3.68,87,-12,13923,2.35,63444,-4.85,11897,6.34,175.44,6.15
2026-09-03,Monthly,2017-12-01,2017-12-31,14,State,New Mexico,2124,12.52,190000,0.94,72,-7,2296,4.15,10565,0.28,3339,9.25,117.91,2.81
2026-09-03,Monthly,2017-12-01,2017-12-31,16,State,New York,12895,0.39,289000,8.65,79,-27,16913,2.39,80811,-10.2,13606,-5.18,163.22,9.09
2026-09-03,Monthly,2017-12-01,2017-12-31,18,State,North Carolina,12844,6.4,220000,9.87,72,-9,14538,5.83,65947,-2.52,13972,2.87,117.01,4.81
2026-09-03,Monthly,2017-12-01,2017-12-31,20,State,North Dakota,607,-2.52,212450,-4.37,97,-3,720,10.58,3576,6.15,576,0.72,104.01,-6.48
2026-09-03,Monthly,2017-12-01,2017-12-31,22,State,Ohio,12735,1.99,138700,7.52,59,-8,14514,3.72,56995,-8.44,15422,1.24,95.03,7.49
2026-09-03,Monthly,2017-12-01,2017-12-31,23,State,Oklahoma,4016,7.18,155000,0.92,63,-3,4879,7.22,20502,2.86,4361,10.37,94.06,0.66
2026-09-03,Monthly,2017-12-01,2017-12-31,24,State,Oregon,5807,-0.85,325000,7.44,35,-4,6760,17.22,20062,-2.28,6333,7.62,197.75,8.27
2026-09-03,Monthly,2017-12-01,2017-12-31,26,State,Pennsylvania,12637,3.97,175000,4.79,76,-5,14696,1.79,68020,-5.09,13682,5.29,115.88,4.17
2026-09-03,Monthly,2017-12-01,2017-12-31,28,State,Rhode Island,1317,8.31,244000,7.25,56,-10,1437,-3.66,5727,-9.03,1414,-0.81,154.36,7.73
2026-09-03,Monthly,2017-12-01,2017-12-31,30,State,South Carolina,6830,8.76,209500,6.35,78,-12,8304,6.89,38602,-2.23,6917,10.83,116.27,6.34
2026-09-03,Monthly,2017-12-01,2017-12-31,32,State,South Dakota,907,16.63,184900,4.46,74,-7,970,24,4158,8.4,876,13.09,111.35,4.51
2026-09-03,Monthly,2017-12-01,2017-12-31,34,State,Tennessee,8915,4.72,204900,10.76,61,-5,10407,9.66,40070,-3.75,10150,3.43,118.02,7.2
2026-09-03,Monthly,2017-12-01,2017-12-31,36,State,Texas,28320,8.93,230000,4.68,45,2,33568,5.15,121230,3.89,33215,7.98,117.63,6.08
2026-09-03,Monthly,2017-12-01,2017-12-31,38,State,Utah,4115,3.14,272950,9.18,27,-2,4799,4.85,14438,-2.46,4632,-0.18,129.26,8.25
2026-09-03,Monthly,2017-12-01,2017-12-31,40,State,Vermont,734,11.33,220000,0,120,-7,918,-2.01,5865,-9.07,856,12.33,131.52,-5.99
2026-09-03,Monthly,2017-12-01,2017-12-31,42,State,Virginia,10239,4.78,275000,1.89,49,-7,11766,1.35,45973,-4.26,11042,4.53,145.67,2.25
2026-09-03,Monthly,2017-12-01,2017-12-31,44,State,Washington,10909,3.95,355000,11.99,21,-5,11591,4.82,29726,-7.51,11453,2.06,203.62,11.52
2026-09-03,Monthly,2017-12-01,2017-12-31,46,State,West Virginia,1051,18.46,163773,9.18,93,-15,1117,1,6036,-0.07,1111,19.04,94.78,1.44
2026-09-03,Monthly,2017-12-01,2017-12-31,48,State,Wisconsin,6863,2.28,170000,6.25,70,-10,7341,3.76,32873,-10.75,7567,6.23,112.41,9.49
2026-09-03,Monthly,2017-12-01,2017-12-31,50,State,Wyoming,715,0.46,215000,4.75,95,-11,826,5.83,4715,-5.4,729,3.58,111.98,4.92
2026-09-03,Monthly,2017-11-01,2017-11-30,1,State,Alabama,4855,11.6,171500,4.73,97,-10,5193,3.85,27819,-0.78,5198,14.72,96.13,2.47
2026-09-03,Monthly,2017-11-01,2017-11-30,3,State,Alaska,685,-12.32,269000,-4.59,102,4,1024,1.69,5158,4.48,715,-10.98,164.92,3.05
2026-09-03,Monthly,2017-11-01,2017-11-30,5,State,Arizona,10945,3.92,240500,8.41,52,-4,12074,0.52,43694,-6.63,12926,4.26,147.05,8.39
2026-09-03,Monthly,2017-11-01,2017-11-30,7,State,Arkansas,2999,9.06,152500,2.35,74,-6,3362,4.13,15721,4.76,3155,11.43,94.8,3
2026-09-03,Monthly,2017-11-01,2017-11-30,9,State,California,32465,-0.28,480000,9.09,36,-4,36665,-0.19,108761,-9.58,36790,0.81,309.79,6.79
2026-09-03,Monthly,2017-11-01,2017-11-30,11,State,Colorado,9901,14.82,341290,4.37,36,-3,10300,9.15,31482,3.17,11448,22.25,170.35,3.95
2026-09-03,Monthly,2017-11-01,2017-11-30,17,State,Columbia,830,8,545500,-0.82,20,0,1049,4,2617,10.37,889,12.6,484.62,2.12
2026-09-03,Monthly,2017-11-01,2017-11-30,13,State,Connecticut,4030,2.62,222000,0.91,85,-11,5228,1.06,25507,-7.23,4510,7.74,137.47,-4.48
2026-09-03,Monthly,2017-11-01,2017-11-30,15,State,Delaware,1316,12.93,220000,0,76,-12,1507,1.88,7424,-8.14,1400,10.67,134.2,5.47
2026-09-03,Monthly,2017-11-01,2017-11-30,19,State,Florida,35159,2.77,219000,9.5,63,-6,44329,2.36,187923,-5.11,42581,5.94,146.43,6.84
2026-09-03,Monthly,2017-11-01,2017-11-30,21,State,Georgia,13525,5.62,198831,5.2,53,-11,16951,1.99,66393,-8.05,16478,8.92,104.84,6.37
2026-09-03,Monthly,2017-11-01,2017-11-30,25,State,Hawaii,1569,11.42,535000,-0.41,70,-9,1646,5.47,7487,-2.03,1645,15.08,526.24,7.29
2026-09-03,Monthly,2017-11-01,2017-11-30,27,State,Idaho,2882,4.58,228115,8.68,60,-18,2681,5.49,11974,-5,2786,100.12,134.7,7.93
2026-09-03,Monthly,2017-11-01,2017-11-30,29,State,Illinois,13652,1.34,187000,6.25,71,12,16895,-0.54,74321,2.65,15726,1.31,127.84,5.43
2026-09-03,Monthly,2017-11-01,2017-11-30,31,State,Indiana,7827,3.76,145000,7.81,63,-9,8131,-1.13,33912,-10.72,8292,1.59,84.97,3.14
2026-09-03,Monthly,2017-11-01,2017-11-30,33,State,Iowa,3395,5.71,152000,4.83,83,-6,3470,-5.38,17429,-1.19,3432,8.35,108.32,2.61
2026-09-03,Monthly,2017-11-01,2017-11-30,35,State,Kansas,3013,8.5,170000,3.03,59,-5,3305,0.78,13245,-1.93,3149,4.33,94.4,5.16
2026-09-03,Monthly,2017-11-01,2017-11-30,37,State,Kentucky,4062,1.03,157225,5.7,55,-5,4870,5.99,19255,0.03,4395,3.96,99.03,4.19
2026-09-03,Monthly,2017-11-01,2017-11-30,39,State,Louisiana,3455,0.07,184000,3.37,88,3,3960,7,20307,8.06,3453,-1.48,108.64,2.3
2026-09-03,Monthly,2017-11-01,2017-11-30,41,State,Maine,1845,8.83,205000,5.13,54,-19,2153,4.02,10363,-4.99,2101,9.99,135.64,4.75
2026-09-03,Monthly,2017-11-01,2017-11-30,43,State,Maryland,7514,5.54,277900,6.88,40,-6,8911,1.6,32267,-5.72,8324,4.87,165.24,2.02
2026-09-03,Monthly,2017-11-01,2017-11-30,45,State,Massachusetts,7175,-0.03,379900,5.53,26,-5,8596,2.47,25899,-7.79,8373,1.36,230.61,6.75
2026-09-03,Monthly,2017-11-01,2017-11-30,47,State,Michigan,12405,0.91,155000,6.9,42,-6,14350,0.43,51417,-8.87,13072,-1.08,100.09,5.71
2026-09-03,Monthly,2017-11-01,2017-11-30,49,State,Minnesota,7350,2,221765,7.65,45,-4,7874,-3.5,25254,-8.83,7794,0.47,128.61,6.66
2026-09-03,Monthly,2017-11-01,2017-11-30,51,State,Mississippi,1862,4.54,154214,2.88,91,-5,2362,13.72,12073,-1.54,1817,4.63,92.26,2.15
2026-09-03,Monthly,2017-11-01,2017-11-30,2,State,Missouri,7452,3.4,159900,5.54,58,-7,8352,3.09,33141,-4.99,8442,6.87,100.8,7.07
2026-09-03,Monthly,2017-11-01,2017-11-30,4,State,Montana,1183,-0.85,259000,4.44,93,-1,1264,-3.74,7217,-3.58,1167,-2.37,142.26,3.26
2026-09-03,Monthly,2017-11-01,2017-11-30,6,State,Nebraska,1949,-2.44,170000,3.03,44,-4,2114,6.75,7089,1.53,1960,0.14,98.97,6.26
2026-09-03,Monthly,2017-11-01,2017-11-30,8,State,Nevada,4767,2.61,260000,10.64,53,-14,5018,-1.25,17483,-18.12,5622,0.01,156.28,14.93
2026-09-03,Monthly,2017-11-01,2017-11-30,10,State,New Hampshire,1979,3.21,252000,7.23,70,-16,2282,2.18,10197,-9.44,2396,4.39,148.36,4.94
2026-09-03,Monthly,2017-11-01,2017-11-30,12,State,New Jersey,10342,6.06,280000,3.7,87,-14,13220,4.33,63285,-5.16,12036,7.07,175.77,6.1
2026-09-03,Monthly,2017-11-01,2017-11-30,14,State,New Mexico,2008,7.42,199000,5.29,71,-21,2301,10.98,10618,-9.95,3110,-11.35,117.56,2.45
2026-09-03,Monthly,2017-11-01,2017-11-30,16,State,New York,12841,0.35,275000,3.77,79,-30,16752,2.1,81103,-9.92,14105,2.87,163.05,8.44
2026-09-03,Monthly,2017-11-01,2017-11-30,18,State,North Carolina,12847,7.67,215000,8.86,73,-7,14242,4.22,66352,-2.34,14228,7.89,116.16,5.11
2026-09-03,Monthly,2017-11-01,2017-11-30,20,State,North Dakota,632,1.81,215000,-1.88,103,10,673,0.44,3569,5.25,588,3.97,109.58,1.6
2026-09-03,Monthly,2017-11-01,2017-11-30,22,State,Ohio,12827,4.9,142500,7.95,60,-8,14095,-3.32,57411,-8.77,15490,0.89,93.87,5.45
2026-09-03,Monthly,2017-11-01,2017-11-30,23,State,Oklahoma,4091,10.19,153500,2.33,62,5,4795,3.42,20615,2.74,4360,6.36,94.4,2.52
2026-09-03,Monthly,2017-11-01,2017-11-30,24,State,Oregon,5751,-1,329000,9.67,35,-3,6334,6.19,20273,-3.61,6289,2.76,198.58,8.1
2026-09-03,Monthly,2017-11-01,2017-11-30,26,State,Pennsylvania,12786,6.1,175000,5.42,76,-8,14618,1.1,68951,-4.48,13708,5.76,117.1,4.95
2026-09-03,Monthly,2017-11-01,2017-11-30,28,State,Rhode Island,1304,2.64,246000,6.96,63,4,1501,-2.55,5798,-9.1,1482,-0.34,156.3,7.17
2026-09-03,Monthly,2017-11-01,2017-11-30,30,State,South Carolina,6806,8.11,199900,3.28,81,-10,8160,5.99,38839,-1.65,6947,11.83,114.82,5.87
2026-09-03,Monthly,2017-11-01,2017-11-30,32,State,South Dakota,853,10.74,189059,4.74,81,2,963,9.15,4161,7.36,845,10.02,110.35,4.26
2026-09-03,Monthly,2017-11-01,2017-11-30,34,State,Tennessee,9188,7.4,200000,9.59,61,-8,10277,5.37,40157,-2.34,10228,3.57,116.31,6.74
2026-09-03,Monthly,2017-11-01,2017-11-30,36,State,Texas,27934,6.65,224900,4.12,46,3,33152,3.64,122132,4.77,32694,5.65,116.96,5.68
2026-09-03,Monthly,2017-11-01,2017-11-30,38,State,Utah,4170,5.3,277500,11,32,5,4719,2.2,14564,-0.68,5012,7.28,131.28,11.15
2026-09-03,Monthly,2017-11-01,2017-11-30,40,State,Vermont,695,-2.49,215000,2.38,117,-11,880,0.63,5865,-10.04,896,17.18,137.68,5.16
2026-09-03,Monthly,2017-11-01,2017-11-30,42,State,Virginia,10244,4.78,272600,1.87,48,-7,11861,2.87,46112,-3.99,10873,4.29,145.72,2.31
2026-09-03,Monthly,2017-11-01,2017-11-30,44,State,Washington,10906,3.37,350000,9.48,21,-5,11366,2.39,30241,-7,11853,6.12,201.19,10.28
2026-09-03,Monthly,2017-11-01,2017-11-30,46,State,West Virginia,1007,3.93,153000,4.26,97,-5,1080,-3.95,6054,-0.98,1063,7.82,94.56,1.05
2026-09-03,Monthly,2017-11-01,2017-11-30,48,State,Wisconsin,6867,3,170000,6.25,70,-13,7097,-6.87,33141,-11.41,7834,3.51,109.69,5.32
2026-09-03,Monthly,2017-11-01,2017-11-30,50,State,Wyoming,763,23.47,219000,3.79,90,-13,754,-0.26,4676,-3.95,757,19.01,111.22,0.15
2026-09-03,Monthly,2017-10-01,2017-10-31,1,State,Alabama,4633,4.29,170000,4.94,100,-5,5217,2.08,27839,-1.21,5019,10.8,95.38,1.51
2026-09-03,Monthly,2017-10-01,2017-10-31,3,State,Alaska,715,3.05,282650,2.78,96,-5,949,0.12,5078,4.43,724,3.08,162.25,0.38
2026-09-03,Monthly,2017-10-01,2017-10-31,5,State,Arizona,10738,3.18,241000,7.3,52,-6,12138,0.68,44060,-6.66,12969,3.29,146.1,8.89
2026-09-03,Monthly,2017-10-01,2017-10-31,7,State,Arkansas,2952,8.76,150000,1.14,71,-14,3427,8.69,15761,5.28,3110,9.1,94.32,5.43
2026-09-03,Monthly,2017-10-01,2017-10-31,9,State,California,32372,-0.39,473000,7.5,36,-4,36638,0.47,109562,-10.82,36348,-1.87,306.35,6.46
2026-09-03,Monthly,2017-10-01,2017-10-31,11,State,Colorado,9252,7.84,346203,5.71,38,1,10124,9.15,31952,4.32,11144,16.79,169.45,4.71
2026-09-03,Monthly,2017-10-01,2017-10-31,17,State,Columbia,895,22.39,550000,1.85,14,-7,1006,12.77,2600,11.61,1071,32.21,488.4,5.46
2026-09-03,Monthly,2017-10-01,2017-10-31,13,State,Connecticut,3970,0.64,230000,4.55,82,-16,5277,3.22,25198,-9.24,4278,5.97,136.51,-4.16
2026-09-03,Monthly,2017-10-01,2017-10-31,15,State,Delaware,1253,3.67,229900,-2.17,75,-15,1497,-1.92,7505,-7.88,1333,7.69,131.09,0.4
2026-09-03,Monthly,2017-10-01,2017-10-31,19,State,Florida,33611,-1.28,215000,8.59,64,-5,44498,6.26,187721,-5.9,41477,7.2,144.64,6.59
2026-09-03,Monthly,2017-10-01,2017-10-31,21,State,Georgia,13285,4.27,200000,6.44,57,-9,16841,4.41,67199,-7.5,16239,7.14,104.12,6.07
2026-09-03,Monthly,2017-10-01,2017-10-31,25,State,Hawaii,1581,29.02,575000,9.52,75,-11,1738,15.06,7573,0.05,1576,14.16,526.66,10.6
2026-09-03,Monthly,2017-10-01,2017-10-31,27,State,Idaho,2855,3.81,230000,9.52,62,-12,2734,4.46,12119,-5.83,2699,87.26,135.77,9.9
2026-09-03,Monthly,2017-10-01,2017-10-31,29,State,Illinois,13340,-2.49,188000,5.03,70,11,16732,0.67,74500,2.54,15622,-0.03,126.38,4.66
2026-09-03,Monthly,2017-10-01,2017-10-31,31,State,Indiana,7833,3.05,145000,6.7,64,-10,7999,-0.24,34293,-10.24,8319,4.65,84.64,4.48
2026-09-03,Monthly,2017-10-01,2017-10-31,33,State,Iowa,3320,1.16,149000,2.76,81,-9,3502,-1.64,17555,-0.91,3228,0.72,108.49,1.61
2026-09-03,Monthly,2017-10-01,2017-10-31,35,State,Kansas,2882,-2.16,170000,3.82,60,-7,3245,-1.33,13259,-2.11,3062,1.79,93.16,1.21
2026-09-03,Monthly,2017-10-01,2017-10-31,37,State,Kentucky,4058,1.22,155750,2.47,55,-5,4869,6.07,19098,-2.18,4231,-3.27,98.76,5.02
2026-09-03,Monthly,2017-10-01,2017-10-31,39,State,Louisiana,3257,-6.79,185000,3.35,85,-4,3893,2.92,20012,5.17,3384,-2.7,109.28,3.21
2026-09-03,Monthly,2017-10-01,2017-10-31,41,State,Maine,1733,1.24,205000,5.4,54,-18,2194,4.45,10440,-5.58,2029,8.09,134.42,6.36
2026-09-03,Monthly,2017-10-01,2017-10-31,43,State,Maryland,7369,0.66,280000,3.7,40,-7,9062,7.5,32558,-5.36,9629,23.12,163.97,1.47
2026-09-03,Monthly,2017-10-01,2017-10-31,45,State,Massachusetts,7123,2.04,365000,5.25,25,-7,8489,1.86,25865,-9.35,8394,2.31,226.04,6.09
2026-09-03,Monthly,2017-10-01,2017-10-31,47,State,Michigan,12372,0.64,156500,7.56,43,-8,14390,0.67,51686,-9.25,13092,-0.81,99.71,7.43
2026-09-03,Monthly,2017-10-01,2017-10-31,49,State,Minnesota,7162,-1.93,220000,6.28,44,-7,7916,-0.67,29693,-6.22,7769,1.65,128.02,7.14
2026-09-03,Monthly,2017-10-01,2017-10-31,51,State,Mississippi,1837,3.26,156580,5.16,89,-11,2244,2,11967,-3.81,1777,3.46,92.7,3.88
2026-09-03,Monthly,2017-10-01,2017-10-31,2,State,Missouri,7373,2.78,157500,4.48,59,-7,8294,3.69,33394,-5.07,8150,4.12,99.83,6.06
2026-09-03,Monthly,2017-10-01,2017-10-31,4,State,Montana,1194,5.5,259900,4.38,91,-9,1321,0.73,7254,-3.44,1188,5.9,148.86,10.64
2026-09-03,Monthly,2017-10-01,2017-10-31,6,State,Nebraska,1903,-1.96,168000,1.82,45,-8,2008,1.96,7052,-0.47,1930,-1.35,98.7,6.93
2026-09-03,Monthly,2017-10-01,2017-10-31,8,State,Nevada,4913,10.43,260000,13.04,57,-13,5099,2.21,17800,-18.13,5668,2.08,153.5,12.01
2026-09-03,Monthly,2017-10-01,2017-10-31,10,State,New Hampshire,1923,-3.75,254900,8.51,73,-12,2315,3.93,10279,-10.64,2383,3.71,148.44,5.96
2026-09-03,Monthly,2017-10-01,2017-10-31,12,State,New Jersey,10141,5.16,275000,0,85,-19,12737,6.03,63079,-6.22,11949,7.06,177.11,7.35
2026-09-03,Monthly,2017-10-01,2017-10-31,14,State,New Mexico,2032,13.6,199000,4.79,69,-30,2359,12.21,10673,-9.97,3249,79.41,117.23,2.64
2026-09-03,Monthly,2017-10-01,2017-10-31,16,State,New York,12752,1.34,275000,7.84,79,-33,16793,5.54,81222,-10.22,13878,2.53,163.35,9.34
2026-09-03,Monthly,2017-10-01,2017-10-31,18,State,North Carolina,12732,6.61,208000,4,73,-8,14367,4.53,66785,-2.51,14309,9.26,115.7,4.67
2026-09-03,Monthly,2017-10-01,2017-10-31,20,State,North Dakota,614,-8.82,224900,2.23,97,0,681,4.23,3577,3.32,573,-4.55,109.8,4.07
2026-09-03,Monthly,2017-10-01,2017-10-31,22,State,Ohio,12646,0.47,140000,4.87,61,-9,14393,1.25,57973,-8.69,15614,2.46,93.66,6.03
2026-09-03,Monthly,2017-10-01,2017-10-31,23,State,Oklahoma,3816,-1.78,152500,1.67,55,-2,4675,2.46,20638,2.81,4249,6.8,93.16,1.81
2026-09-03,Monthly,2017-10-01,2017-10-31,24,State,Oregon,5635,-0.78,325000,8.37,36,-1,6253,1.66,20467,-4.68,6281,0.44,197.54,8.83
2026-09-03,Monthly,2017-10-01,2017-10-31,26,State,Pennsylvania,12473,1.14,175000,4.04,75,-8,14602,0.81,69556,-4.72,13432,6.15,115.87,4.17
2026-09-03,Monthly,2017-10-01,2017-10-31,28,State,Rhode Island,1345,7.49,242875,7.68,58,-3,1558,8.4,5793,-9.59,1516,4.42,154.93,4.86
2026-09-03,Monthly,2017-10-01,2017-10-31,30,State,South Carolina,6651,7.18,199000,3.65,80,-11,8351,11.8,38850,-2.37,7047,20.35,113.9,7.38
2026-09-03,Monthly,2017-10-01,2017-10-31,32,State,South Dakota,775,-9.03,182000,1.11,77,-7,953,7.1,4035,2.23,777,-5.75,112.11,3.56
2026-09-03,Monthly,2017-10-01,2017-10-31,34,State,Tennessee,8829,-0.2,197500,6.76,62,-8,10051,3.69,40032,-5.44,10045,0.78,115.21,6.76
2026-09-03,Monthly,2017-10-01,2017-10-31,36,State,Texas,27083,2.54,220000,4.76,47,4,33401,4.75,122891,5.53,32759,6.38,116.28,5.27
2026-09-03,Monthly,2017-10-01,2017-10-31,38,State,Utah,4168,4.24,273969,9.63,30,1,4703,5.26,14558,-1.52,5030,9.43,129.37,10.92
2026-09-03,Monthly,2017-10-01,2017-10-31,40,State,Vermont,692,5.65,215000,0.05,117,-12,870,-2.23,5865,-11.23,885,10.3,136.45,3.92
2026-09-03,Monthly,2017-10-01,2017-10-31,42,State,Virginia,10214,5.53,270000,1.18,49,-7,11910,5.85,46699,-3.39,12328,21.6,145.45,3.96
2026-09-03,Monthly,2017-10-01,2017-10-31,44,State,Washington,10886,3.38,350000,9.38,21,-5,11607,7.21,31015,-6.56,12066,4.15,200.52,11.2
2026-09-03,Monthly,2017-10-01,2017-10-31,46,State,West Virginia,932,0.08,149800,-1.45,90,-16,1181,6.39,6125,0.36,1088,15.48,94.19,1.3
2026-09-03,Monthly,2017-10-01,2017-10-31,48,State,Wisconsin,6853,1.74,174900,6,72,-11,7438,0.34,33635,-11,7535,-4.64,109.38,6.73
2026-09-03,Monthly,2017-10-01,2017-10-31,50,State,Wyoming,676,3.46,224950,2.27,97,-10,773,-2.28,4609,-4.34,693,6.5,111.03,2.2
2026-09-03,Monthly,2017-09-01,2017-09-30,1,State,Alabama,4520,6.48,175000,4.79,96,-13,5153,2.65,27871,-1.12,4826,9.29,97.04,4.84
2026-09-03,Monthly,2017-09-01,2017-09-30,3,State,Alaska,701,1.19,274900,-1.63,92,-13,984,1.08,5079,5.52,718,1.67,163.38,0.8
2026-09-03,Monthly,2017-09-01,2017-09-30,5,State,Arizona,10788,6.25,239900,6.62,53,-7,12102,1.59,44419,-6.11,12729,1.67,144.71,7.61
2026-09-03,Monthly,2017-09-01,2017-09-30,7,State,Arkansas,2965,11.6,149500,3.1,73,-8,3337,11.45,15778,5.86,3096,9.76,95.07,5.14
2026-09-03,Monthly,2017-09-01,2017-09-30,9,State,California,32622,1.72,477500,8.52,36,-4,36131,-4.62,110650,-12.4,35547,-6.94,304.29,6.87
2026-09-03,Monthly,2017-09-01,2017-09-30,11,State,Colorado,8735,4.31,349000,7.38,36,-3,10162,10.38,31681,2.68,10371,8.51,169.24,5.37
2026-09-03,Monthly,2017-09-01,2017-09-30,17,State,Columbia,752,-8.25,504500,-4.72,21,-1,1024,21.99,2603,10.74,809,4.09,472.4,4.1
2026-09-03,Monthly,2017-09-01,2017-09-30,13,State,Connecticut,4002,3.47,230000,0.44,83,-16,5152,0.99,25347,-9.62,4207,5.88,138.26,-2.85
2026-09-03,Monthly,2017-09-01,2017-09-30,15,State,Delaware,1233,6.79,231500,2.89,70,-23,1533,-2.35,7532,-7.55,1227,2.28,130.57,0.72
2026-09-03,Monthly,2017-09-01,2017-09-30,19,State,Florida,29057,-16.21,216245,8.12,62,-8,30685,-28.55,177694,-11.87,29901,-25.23,139.19,3.4
2026-09-03,Monthly,2017-09-01,2017-09-30,21,State,Georgia,13276,5.55,199500,5.06,59,-6,16013,-2.83,68128,-6.88,15159,-1.35,103.15,5.69
2026-09-03,Monthly,2017-09-01,2017-09-30,25,State,Hawaii,1419,13.15,533000,7.68,79,-8,1599,13.65,7435,-2.1,1526,7.6,491.99,1.99
2026-09-03,Monthly,2017-09-01,2017-09-30,27,State,Idaho,2914,8.9,229940,10.07,61,-12,2924,8,12360,-4.86,2626,86.77,133.83,9.25
2026-09-03,Monthly,2017-09-01,2017-09-30,29,State,Illinois,13463,-0.08,195000,8.33,72,13,17033,1.48,74503,2.28,15439,-1.43,126.08,4.58
2026-09-03,Monthly,2017-09-01,2017-09-30,31,State,Indiana,7784,4.23,148000,5.71,63,-13,8036,0.25,34795,-9.61,8258,4.57,84.46,6.39
2026-09-03,Monthly,2017-09-01,2017-09-30,33,State,Iowa,3362,4.45,152000,2.01,82,-9,3561,4.76,17723,0.08,3320,5.34,107.38,0.37
2026-09-03,Monthly,2017-09-01,2017-09-30,35,State,Kansas,2895,1.44,175500,6.36,60,-5,3368,5.37,13337,-2.08,3051,2.49,93.59,5.12
2026-09-03,Monthly,2017-09-01,2017-09-30,37,State,Kentucky,4046,1.73,160000,6.67,52,-8,4722,2.04,18926,-4.15,4248,1.31,97.85,4.56
2026-09-03,Monthly,2017-09-01,2017-09-30,39,State,Louisiana,3285,2.54,182070,-1.16,83,-9,4053,7.04,19937,4.87,3427,2.68,109.71,3.21
2026-09-03,Monthly,2017-09-01,2017-09-30,41,State,Maine,1759,7.82,208000,9.47,55,-19,2150,5.48,10429,-6.61,1975,0.6,134.63,6.15
2026-09-03,Monthly,2017-09-01,2017-09-30,43,State,Maryland,7323,3.15,275000,4.17,41,-7,8962,5.08,32507,-7.11,8016,1.7,164.39,4.41
2026-09-03,Monthly,2017-09-01,2017-09-30,45,State,Massachusetts,7092,1.31,370000,6.02,26,-6,8762,4.54,26213,-9.65,8223,-1.76,226.78,5.6
2026-09-03,Monthly,2017-09-01,2017-09-30,47,State,Michigan,12367,2.59,158500,5.74,43,-9,14330,0.49,51938,-9.26,12993,-0.45,98.52,8.07
2026-09-03,Monthly,2017-09-01,2017-09-30,49,State,Minnesota,7216,-0.22,225000,7.14,47,-5,7855,-1.99,31501,-7.48,7669,1.83,127.07,6.22
2026-09-03,Monthly,2017-09-01,2017-09-30,51,State,Mississippi,1866,7.5,159000,5.37,90,-7,2196,0.41,11987,-4.12,1821,7.88,92.85,4.33
2026-09-03,Monthly,2017-09-01,2017-09-30,2,State,Missouri,7327,2.67,159900,3.16,60,-10,8232,2.19,33385,-6.9,7923,2.76,99.15,5.68
2026-09-03,Monthly,2017-09-01,2017-09-30,4,State,Montana,1193,6,256050,2.42,89,-17,1299,0.38,7326,-2.41,1195,7.58,145.25,6.03
2026-09-03,Monthly,2017-09-01,2017-09-30,6,State,Nebraska,1840,-6.17,172000,4.24,46,-6,2040,2.48,7029,-1.7,1880,-1.91,97.98,5.56
2026-09-03,Monthly,2017-09-01,2017-09-30,8,State,Nevada,4819,6.9,260000,12.07,55,-16,4900,-1.55,18112,-18.53,5647,2.57,152.13,12.62
2026-09-03,Monthly,2017-09-01,2017-09-30,10,State,New Hampshire,1958,9.39,250000,2.77,72,-14,2245,-1.51,10297,-10.69,2324,-2.87,147.09,4.75
2026-09-03,Monthly,2017-09-01,2017-09-30,12,State,New Jersey,10245,11.09,284900,1.03,89,-16,13078,7.39,63178,-7.02,11847,10.37,176.86,7.21
2026-09-03,Monthly,2017-09-01,2017-09-30,14,State,New Mexico,1976,10.28,197500,1.28,70,-26,2264,4.78,10664,-10.98,3083,64.26,116.77,2.73
2026-09-03,Monthly,2017-09-01,2017-09-30,16,State,New York,12545,-0.97,285000,5.59,83,-29,16621,1.25,81478,-11.66,13710,-1.13,166.16,6.87
2026-09-03,Monthly,2017-09-01,2017-09-30,18,State,North Carolina,12838,8.63,210000,6.6,74,-9,14330,4.65,67174,-2.54,13727,3.19,115.9,5.88
2026-09-03,Monthly,2017-09-01,2017-09-30,20,State,North Dakota,620,3.51,219900,-2.27,98,1,675,-6.88,3590,4.24,576,3.4,105.89,-0.56
2026-09-03,Monthly,2017-09-01,2017-09-30,22,State,Ohio,12555,1.47,143325,6.09,60,-11,14494,4.36,58283,-9.29,15391,0.15,92.75,5.82
2026-09-03,Monthly,2017-09-01,2017-09-30,23,State,Oklahoma,3692,-4.2,156000,3.52,51,-4,4798,4.03,20723,2.82,4127,0.75,93.6,2.82
2026-09-03,Monthly,2017-09-01,2017-09-30,24,State,Oregon,5617,-0.43,325000,8.33,35,-3,6435,3.37,20617,-5.66,6109,-4.05,194.24,6.63
2026-09-03,Monthly,2017-09-01,2017-09-30,26,State,Pennsylvania,12423,4.5,176900,4.06,74,-10,14713,2.74,69502,-5.87,13176,4.49,116.3,6
2026-09-03,Monthly,2017-09-01,2017-09-30,28,State,Rhode Island,1251,4.99,250000,11.16,57,-8,1478,-2.24,5775,-11.87,1457,-3.99,156.24,11.14
2026-09-03,Monthly,2017-09-01,2017-09-30,30,State,South Carolina,6539,3.79,201000,3.61,82,-8,7893,1.02,38461,-5.1,7265,19.94,113.72,4.62
2026-09-03,Monthly,2017-09-01,2017-09-30,32,State,South Dakota,844,7.91,191550,4.67,78,-6,881,7.23,4016,2.14,818,3.65,110.91,5.49
2026-09-03,Monthly,2017-09-01,2017-09-30,34,State,Tennessee,8854,4.46,202795,10.21,63,-6,9873,3.15,39903,-3.62,10041,2.64,115.03,8.31
2026-09-03,Monthly,2017-09-01,2017-09-30,36,State,Texas,26970,4.23,225000,6.13,46,3,33012,4.45,123359,6.44,32021,3.77,116.25,5.34
2026-09-03,Monthly,2017-09-01,2017-09-30,38,State,Utah,4075,1.43,270000,8.04,31,1,4693,4.4,14596,-2.38,4650,-1.02,127.6,8.15
2026-09-03,Monthly,2017-09-01,2017-09-30,40,State,Vermont,705,12.16,214400,1.61,119,-14,902,0.48,5905,-11.08,787,-3.63,134.92,0.44
2026-09-03,Monthly,2017-09-01,2017-09-30,42,State,Virginia,10199,6.12,269819,1.82,48,-9,11818,5.24,47015,-3.44,10588,4.07,144.88,2.97
2026-09-03,Monthly,2017-09-01,2017-09-30,44,State,Washington,10884,3.96,355000,10.97,20,-5,11508,3.27,30981,-9.33,11729,-19.51,197.13,9.05
2026-09-03,Monthly,2017-09-01,2017-09-30,46,State,West Virginia,955,4.16,162000,4.52,98,-12,1145,5.1,6131,0.87,973,4.43,94.2,1.81
2026-09-03,Monthly,2017-09-01,2017-09-30,48,State,Wisconsin,6836,2.49,174000,5.15,72,-12,7367,0.89,33934,-11.35,7451,-36.62,108.19,5.16
2026-09-03,Monthly,2017-09-01,2017-09-30,50,State,Wyoming,672,1.01,220000,4.76,93,-12,855,20.42,4603,-3.46,688,4.93,110.24,1.14
2026-09-03,Monthly,2017-08-01,2017-08-31,1,State,Alabama,4684,9.36,176356,8.87,102,-5,5287,7.36,28031,-0.92,5064,14.2,96.5,4.9
2026-09-03,Monthly,2017-08-01,2017-08-31,3,State,Alaska,725,1.86,272500,-0.17,93,-10,1029,15.14,5017,3.94,726,-0.39,162.14,-0.49
2026-09-03,Monthly,2017-08-01,2017-08-31,5,State,Arizona,10687,5.96,238000,6.73,53,-6,12110,2.67,44658,-6.06,12559,2.49,142.91,6.89
2026-09-03,Monthly,2017-08-01,2017-08-31,7,State,Arkansas,2817,6.06,155000,4.03,73,-14,3410,16.44,15685,4.7,2959,4.54,92.39,2.65
2026-09-03,Monthly,2017-08-01,2017-08-31,9,State,California,32638,4.6,477000,8.41,37,-3,36272,-4.42,112715,-10.57,36471,-1.31,302.52,6.86
2026-09-03,Monthly,2017-08-01,2017-08-31,11,State,Colorado,8476,6.2,355000,7.25,37,0,9647,1.7,30901,-0.51,9888,3.4,169.01,5.01
2026-09-03,Monthly,2017-08-01,2017-08-31,17,State,Columbia,799,5.13,540000,-6.49,22,-1,908,4.6,2552,6.88,900,8.46,459.06,0.65
2026-09-03,Monthly,2017-08-01,2017-08-31,13,State,Connecticut,4032,4.07,245000,2.08,102,3,5069,0.58,26424,-6.38,4185,7.31,135.48,-4.64
2026-09-03,Monthly,2017-08-01,2017-08-31,15,State,Delaware,1289,19.49,232900,3.51,70,-20,1468,-6.61,7574,-7.53,1322,13.64,131.2,1.57
2026-09-03,Monthly,2017-08-01,2017-08-31,19,State,Florida,35632,3.88,219690,9.57,61,-9,43841,2.12,191966,-5.21,42399,4.4,142.31,6.63
2026-09-03,Monthly,2017-08-01,2017-08-31,21,State,Georgia,13295,6.61,200540,4.99,58,-7,16830,3.77,69637,-4.98,15984,6.06,102.55,5.22
2026-09-03,Monthly,2017-08-01,2017-08-31,25,State,Hawaii,1369,6.73,530000,5.7,76,-11,1551,7.09,7387,-3.53,1562,15.19,495.97,4.31
2026-09-03,Monthly,2017-08-01,2017-08-31,27,State,Idaho,2802,8.27,230000,11.65,64,-12,2984,7.29,12436,-4.79,2378,72.12,134.22,11.93
2026-09-03,Monthly,2017-08-01,2017-08-31,29,State,Illinois,13530,-0.82,202500,4.92,73,14,16672,-0.12,74610,2.47,15509,-1.39,126.32,6.19
2026-09-03,Monthly,2017-08-01,2017-08-31,31,State,Indiana,7804,4.45,146000,4.36,64,-10,8188,3.4,35258,-9.81,8185,3.86,83.81,5.68
2026-09-03,Monthly,2017-08-01,2017-08-31,33,State,Iowa,3334,5.47,157100,6.15,83,-10,3596,3.92,17765,-0.16,3261,5.98,108.51,4.58
2026-09-03,Monthly,2017-08-01,2017-08-31,35,State,Kansas,2835,-1.53,178000,4.89,59,-10,3229,0.64,13203,-4.6,2962,-1.99,90.48,3.29
2026-09-03,Monthly,2017-08-01,2017-08-31,37,State,Kentucky,4076,5.57,159100,2.68,53,-8,4646,0.25,18776,-4.8,4194,-0.92,97.58,4.47
2026-09-03,Monthly,2017-08-01,2017-08-31,39,State,Louisiana,3229,4.06,185000,5.71,86,-8,3822,8.81,19499,2.29,3346,2.8,108.56,2.34
2026-09-03,Monthly,2017-08-01,2017-08-31,41,State,Maine,1762,7.91,207000,4.55,55,-18,2219,9.58,10629,-7.3,2129,6.39,134.27,4.51
2026-09-03,Monthly,2017-08-01,2017-08-31,43,State,Maryland,7379,2.86,284000,5.19,40,-7,8591,-1.09,32562,-8.24,8186,4.83,163.77,3.5
2026-09-03,Monthly,2017-08-01,2017-08-31,45,State,Massachusetts,7074,0.65,380000,3.4,28,-4,8264,-0.63,26016,-10.61,8190,-4.78,224.44,6.62
2026-09-03,Monthly,2017-08-01,2017-08-31,47,State,Michigan,12353,1.3,159900,6.6,43,-10,14366,0.68,52300,-10.01,13138,-1.1,97.02,6.69
2026-09-03,Monthly,2017-08-01,2017-08-31,49,State,Minnesota,7259,-0.25,229900,6.93,47,-6,7892,-1.52,33513,-7.15,7503,-3.23,126.17,5.94
2026-09-03,Monthly,2017-08-01,2017-08-31,51,State,Mississippi,1788,2.02,160000,3.23,88,-16,2265,2.21,11990,-4.61,1698,-0.28,91.46,4.57
2026-09-03,Monthly,2017-08-01,2017-08-31,2,State,Missouri,7333,4.07,160000,1.27,62,-7,8209,3.08,33590,-6.82,7894,1.89,97.63,4.07
2026-09-03,Monthly,2017-08-01,2017-08-31,4,State,Montana,1190,3.46,264700,10.34,91,-11,1347,6.28,7371,-2.68,1166,1.33,139.58,3.12
2026-09-03,Monthly,2017-08-01,2017-08-31,6,State,Nebraska,1814,-1.11,174375,5.05,47,-5,2032,1.53,6923,-4.42,1829,-4.98,97.97,7.85
2026-09-03,Monthly,2017-08-01,2017-08-31,8,State,Nevada,4856,9.43,258000,12.42,60,-11,5004,-2.75,18778,-17.2,5854,5.85,150.57,12.21
2026-09-03,Monthly,2017-08-01,2017-08-31,10,State,New Hampshire,1982,8.29,256000,4.49,74,-12,2305,3.29,10451,-10.04,2341,0.83,146.13,5.28
2026-09-03,Monthly,2017-08-01,2017-08-31,12,State,New Jersey,10156,9.52,301000,0.33,90,-14,12992,4.95,63223,-8,11748,8.78,173.74,6.13
2026-09-03,Monthly,2017-08-01,2017-08-31,14,State,New Mexico,1916,5.18,197000,4.23,72,-23,2269,5.5,10685,-11.37,3111,63.46,116.49,1.99
2026-09-03,Monthly,2017-08-01,2017-08-31,16,State,New York,13240,3.05,296950,6.05,85,-32,16723,3.41,82878,-11.87,14091,2.14,163.36,8.95
2026-09-03,Monthly,2017-08-01,2017-08-31,18,State,North Carolina,12530,6.83,215000,5.51,75,-8,14258,2.66,66968,-3.13,13717,2.99,114.52,5
2026-09-03,Monthly,2017-08-01,2017-08-31,20,State,North Dakota,620,8.08,225000,3.45,99,5,713,9.15,3625,8.25,583,11.23,106.32,-0.97
2026-09-03,Monthly,2017-08-01,2017-08-31,22,State,Ohio,12586,3.97,147500,8.46,61,-10,14576,3.48,58822,-10.17,15514,1.34,92.53,6.29
2026-09-03,Monthly,2017-08-01,2017-08-31,23,State,Oklahoma,3795,3.63,157000,4.03,48,-2,4682,2.76,20757,3.03,4152,2.97,93.18,2.18
2026-09-03,Monthly,2017-08-01,2017-08-31,24,State,Oregon,5472,0.46,326950,8.98,34,-3,6389,-4.45,20588,-7.06,5980,-5.7,191,7.7
2026-09-03,Monthly,2017-08-01,2017-08-31,26,State,Pennsylvania,12341,5.1,185000,3.99,75,-11,14817,4.22,69571,-7.14,13102,1.77,115,3.23
2026-09-03,Monthly,2017-08-01,2017-08-31,58,State,Puerto Rico,NA,NA,NA,NA,NA,NA,NA,NA,NA,NA,NA,NA,NA,NA
2026-09-03,Monthly,2017-08-01,2017-08-31,28,State,Rhode Island,1313,7.43,246000,6.03,59,-8,1549,-1.24,5808,-12.8,1459,0.22,156.77,11.09
2026-09-03,Monthly,2017-08-01,2017-08-31,30,State,South Carolina,6571,8.19,200000,3.09,84,-7,7914,2.45,38973,-3.59,6595,9.66,112,4.66
2026-09-03,Monthly,2017-08-01,2017-08-31,32,State,South Dakota,823,1.24,189000,1.61,80,-5,885,2.08,4084,0.43,795,0.17,111.14,4.31
2026-09-03,Monthly,2017-08-01,2017-08-31,34,State,Tennessee,9047,7.46,200000,8.11,62,-8,9747,0.8,40475,-4.88,10003,1.39,114.69,7.16
2026-09-03,Monthly,2017-08-01,2017-08-31,36,State,Texas,24630,-3.94,229500,6.25,44,1,32446,2.25,123445,6.94,31146,1.14,115.12,5.69
2026-09-03,Monthly,2017-08-01,2017-08-31,38,State,Utah,4070,2.6,274900,9.09,30,-1,4723,2.6,14566,-3.73,4717,4.42,125.95,8.47
2026-09-03,Monthly,2017-08-01,2017-08-31,40,State,Vermont,701,9.01,217750,2.71,118,-15,879,-4.97,5955,-10.46,829,-4.48,134.82,1.44
2026-09-03,Monthly,2017-08-01,2017-08-31,42,State,Virginia,10135,5.73,280000,1.45,51,-6,11721,1.95,47250,-3.95,10627,2.42,144.78,3.34
2026-09-03,Monthly,2017-08-01,2017-08-31,44,State,Washington,10774,5.51,352500,8.46,19,-7,11454,-2.32,31304,-10.09,11556,-23.6,195.12,9.8
2026-09-03,Monthly,2017-08-01,2017-08-31,46,State,West Virginia,998,7.34,157085,2.67,101,-5,1126,3.27,6139,-0.2,992,3.29,94.13,2.17
2026-09-03,Monthly,2017-08-01,2017-08-31,48,State,Wisconsin,6814,2.69,180500,6.18,73,-11,7396,-3.37,34316,-11.41,7319,-12.75,107.73,5.86
2026-09-03,Monthly,2017-08-01,2017-08-31,50,State,Wyoming,732,11.29,229900,2.2,93,-12,743,4.84,4556,-5.71,723,11.87,109.94,2
2026-09-03,Monthly,2017-07-01,2017-07-31,1,State,Alabama,4694,12.64,179900,5.3,99,-8,5259,7.19,27942,-1.46,5017,14.26,95.44,3.53
2026-09-03,Monthly,2017-07-01,2017-07-31,3,State,Alaska,702,-5.29,270000,-1.71,94,-7,983,11.45,4901,0.09,699,-5.23,160.81,-1.47
2026-09-03,Monthly,2017-07-01,2017-07-31,5,State,Arizona,10713,6.58,236500,7.5,53,-6,12097,1.5,44874,-7.02,12646,-0.06,141.5,6.42
2026-09-03,Monthly,2017-07-01,2017-07-31,7,State,Arkansas,2850,6.61,155000,4.73,75,-10,3373,17.15,15463,1.54,2983,6.44,93.02,2.66
2026-09-03,Monthly,2017-07-01,2017-07-31,9,State,California,32156,1.17,476500,8.3,37,-4,36491,-3.95,114033,-8.5,35957,-6.1,298.29,4.75
2026-09-03,Monthly,2017-07-01,2017-07-31,11,State,Colorado,8541,8.99,355000,5.97,37,2,9626,-0.33,30456,-0.75,9473,-0.03,167.95,6.78
2026-09-03,Monthly,2017-07-01,2017-07-31,17,State,Columbia,855,16.32,569000,-0.65,20,-2,920,1.91,2593,7.43,879,8.27,461.77,-0.42
2026-09-03,Monthly,2017-07-01,2017-07-31,13,State,Connecticut,3977,3.87,248000,3.77,90,-9,5122,-0.03,26613,-7.68,3931,4.24,143.71,1.74
2026-09-03,Monthly,2017-07-01,2017-07-31,15,State,Delaware,1351,24,233395,1.5,77,-7,1532,4.74,7703,-4.57,1325,22.3,132.01,4.1
2026-09-03,Monthly,2017-07-01,2017-07-31,19,State,Florida,36008,3.49,220000,9.56,62,-10,43945,2.63,192777,-5.22,41299,0.03,142,7.45
2026-09-03,Monthly,2017-07-01,2017-07-31,21,State,Georgia,13192,5.77,208000,4,59,-8,16806,3.45,70292,-4.88,15907,1.76,102.14,5.45
2026-09-03,Monthly,2017-07-01,2017-07-31,25,State,Hawaii,1402,9.76,525000,2.54,73,-15,1546,6.52,7444,-3.71,1485,11.03,488.76,6.24
2026-09-03,Monthly,2017-07-01,2017-07-31,27,State,Idaho,2793,7.1,228146,10.22,62,-12,3025,14.57,12347,-5.02,1371,3.99,131.6,11.22
2026-09-03,Monthly,2017-07-01,2017-07-31,29,State,Illinois,13846,0.79,212000,6.27,74,15,16600,-2.47,74626,1.56,15529,-4.42,125.3,4.75
2026-09-03,Monthly,2017-07-01,2017-07-31,31,State,Indiana,7754,4.02,150000,3.8,66,-11,8141,-0.58,35385,-10.7,8077,3.81,83.67,6.81
2026-09-03,Monthly,2017-07-01,2017-07-31,33,State,Iowa,3339,5.05,160000,4.58,85,-6,3630,6.56,17808,-0.96,3244,6.65,107.81,3.34
2026-09-03,Monthly,2017-07-01,2017-07-31,35,State,Kansas,2903,2.44,182950,3.95,60,-8,3260,1.24,13218,-5,2950,1.43,91.27,3.55
2026-09-03,Monthly,2017-07-01,2017-07-31,37,State,Kentucky,4061,5.1,167000,4.37,52,-12,4787,3.36,18818,-4.2,4343,4.31,98.96,6.94
2026-09-03,Monthly,2017-07-01,2017-07-31,39,State,Louisiana,3313,4.94,192250,3.98,84,-6,4062,13.78,19385,1.95,3348,4.24,107.78,1.2
2026-09-03,Monthly,2017-07-01,2017-07-31,41,State,Maine,1715,3.37,207000,5.08,51,-30,2209,8.08,10555,-10.28,2005,4.89,129.78,3.24
2026-09-03,Monthly,2017-07-01,2017-07-31,43,State,Maryland,7431,4.79,285000,1.79,42,-6,9062,3.84,32957,-8.09,8009,4.34,162.42,3.83
2026-09-03,Monthly,2017-07-01,2017-07-31,45,State,Massachusetts,7111,3.26,389900,5.24,27,-6,8540,-0.7,25968,-11.48,8286,-3.99,224.72,5.94
2026-09-03,Monthly,2017-07-01,2017-07-31,47,State,Michigan,12238,1.61,164697,8,44,-12,14303,-0.05,52550,-10.8,13083,-0.21,96.23,6.81
2026-09-03,Monthly,2017-07-01,2017-07-31,49,State,Minnesota,7318,0.4,230000,6.53,47,-6,8007,-0.75,33575,-7.48,7699,-0.47,126.15,6.57
2026-09-03,Monthly,2017-07-01,2017-07-31,51,State,Mississippi,1832,5.68,165000,6.45,94,-6,2296,11.41,11936,-5.22,1704,1.82,91.03,4.42
2026-09-03,Monthly,2017-07-01,2017-07-31,2,State,Missouri,7369,6.7,166000,3.81,61,-9,8251,3.39,33434,-7.84,7831,3.68,98.01,5.53
2026-09-03,Monthly,2017-07-01,2017-07-31,4,State,Montana,1168,5.5,269000,9.8,94,-8,1338,6.74,7402,-2.91,1160,5.07,136.88,2.59
2026-09-03,Monthly,2017-07-01,2017-07-31,6,State,Nebraska,1845,2.45,175000,2.94,44,-11,2017,1.96,6776,-5.61,1824,-3.66,96.54,5.67
2026-09-03,Monthly,2017-07-01,2017-07-31,8,State,Nevada,4899,11.42,255000,10.87,62,-11,5101,-0.81,19367,-15.41,5898,-19.63,147.21,10.86
2026-09-03,Monthly,2017-07-01,2017-07-31,10,State,New Hampshire,1982,6.94,255000,5.72,76,-12,2281,-0.17,10583,-10.42,2315,-0.73,145.35,7.28
2026-09-03,Monthly,2017-07-01,2017-07-31,12,State,New Jersey,10098,12.03,300000,0.67,90,-15,12852,3.01,63405,-8.22,11721,11.67,173.48,5.96
2026-09-03,Monthly,2017-07-01,2017-07-31,14,State,New Mexico,1971,8.82,195000,3.72,69,-31,2299,1.19,10767,-10.97,3124,67.9,116.11,2.69
2026-09-03,Monthly,2017-07-01,2017-07-31,16,State,New York,12881,1.16,290000,5.45,86,-31,16656,2.15,83608,-12.38,13842,0.54,162.82,6.2
2026-09-03,Monthly,2017-07-01,2017-07-31,18,State,North Carolina,12543,8.41,217500,8.21,76,-8,14477,5.02,67256,-2.79,13715,-0.04,114.79,5.24
2026-09-03,Monthly,2017-07-01,2017-07-31,20,State,North Dakota,618,-0.24,219900,2.28,95,-5,683,1.06,3613,7.51,578,3.68,107.27,-0.14
2026-09-03,Monthly,2017-07-01,2017-07-31,22,State,Ohio,12400,1.56,150000,6.38,62,-13,14353,-1.19,58791,-11.47,15297,0.52,92.37,6.94
2026-09-03,Monthly,2017-07-01,2017-07-31,23,State,Oklahoma,3776,3.26,160000,1.59,45,-2,4776,5.35,20599,3.1,4096,5.23,93.21,1.21
2026-09-03,Monthly,2017-07-01,2017-07-31,24,State,Oregon,5604,5.98,333179,11.06,31,-3,6428,-2.4,20372,-6.22,6171,-4.92,192.83,9.47
2026-09-03,Monthly,2017-07-01,2017-07-31,26,State,Pennsylvania,12493,4.62,190000,4.4,75,-10,14676,3.17,69591,-8.1,13034,5.96,113.73,2.9
2026-09-03,Monthly,2017-07-01,2017-07-31,28,State,Rhode Island,1291,0.21,255000,5.15,62,-6,1560,-0.39,5895,-10.67,1531,4.46,152.52,8.72
2026-09-03,Monthly,2017-07-01,2017-07-31,30,State,South Carolina,6650,9.47,203500,6.54,82,-10,8118,6.89,39557,-2.1,6595,10.03,112.4,5.64
2026-09-03,Monthly,2017-07-01,2017-07-31,32,State,South Dakota,789,2.18,190000,1.6,75,-11,878,7.08,4061,0.56,793,4.14,109.26,5.24
2026-09-03,Monthly,2017-07-01,2017-07-31,34,State,Tennessee,9127,7.35,205000,7.89,64,-7,9733,0.55,40376,-3.87,9937,3.36,113.14,7.44
2026-09-03,Monthly,2017-07-01,2017-07-31,36,State,Texas,26704,6.14,229900,4.98,44,0,33241,6.35,124179,7.89,31877,3.13,114.85,5.39
2026-09-03,Monthly,2017-07-01,2017-07-31,38,State,Utah,3978,3.48,271000,8.4,28,-5,4625,-1.71,14353,-4.88,4698,5.92,126.43,10.31
2026-09-03,Monthly,2017-07-01,2017-07-31,40,State,Vermont,700,5.41,231750,7.79,115,-24,905,-5.57,6015,-10.58,852,1.81,135.83,4.66
2026-09-03,Monthly,2017-07-01,2017-07-31,42,State,Virginia,10141,7.11,297000,5.69,50,-9,11850,2.43,47444,-4.54,10606,6.14,143.25,2.74
2026-09-03,Monthly,2017-07-01,2017-07-31,44,State,Washington,10624,4.16,355000,9.23,18,-6,11889,2.58,31434,-8.93,11842,-21.42,193.88,9.63
2026-09-03,Monthly,2017-07-01,2017-07-31,46,State,West Virginia,956,10.56,160000,0.79,96,-5,1141,5.02,6168,-0.4,1001,11.79,93.73,2.43
2026-09-03,Monthly,2017-07-01,2017-07-31,48,State,Wisconsin,6805,1.7,180000,5.94,73,-14,7424,-0.63,34730,-11.38,7400,-10.08,108.27,6.82
2026-09-03,Monthly,2017-07-01,2017-07-31,50,State,Wyoming,665,3.71,223000,-0.89,93,-13,776,7.22,4594,-6.4,664,2.95,108.11,2.41
2026-09-03,Monthly,2017-06-01,2017-06-30,1,State,Alabama,4648,13.34,179025,3.78,99,-7,5107,3.48,27943,-1.61,4982,15.56,95.19,2.95
2026-09-03,Monthly,2017-06-01,2017-06-30,3,State,Alaska,744,-1.57,270000,-4.25,94,-6,1017,15.13,4885,-2.49,730,-1.36,161.51,-0.07
2026-09-03,Monthly,2017-06-01,2017-06-30,5,State,Arizona,10696,7.71,239900,6.62,53,-8,12054,1.8,45384,-6.91,12573,-1.06,140.57,6.28
2026-09-03,Monthly,2017-06-01,2017-06-30,7,State,Arkansas,2798,2.2,155000,1.31,74,-12,3263,8.26,15258,-1.49,2896,-0.15,92.76,3.52
2026-09-03,Monthly,2017-06-01,2017-06-30,9,State,California,33138,4.05,483089,8.56,37,-4,36517,-3.24,116040,-6.69,37332,-4.2,296.54,4.96
2026-09-03,Monthly,2017-06-01,2017-06-30,11,State,Colorado,8308,8.31,363000,5.22,35,1,9607,4.92,30388,2.09,9382,0.09,167.34,6.01
2026-09-03,Monthly,2017-06-01,2017-06-30,17,State,Columbia,729,-3.96,579300,4.38,20,-3,1007,19.34,2654,9.1,799,-11.09,470,2.03
2026-09-03,Monthly,2017-06-01,2017-06-30,13,State,Connecticut,4000,1.77,254900,3.66,89,-12,5188,1.29,26466,-9.58,3888,2.4,145.33,2.21
2026-09-03,Monthly,2017-06-01,2017-06-30,15,State,Delaware,1294,8.63,230750,0.37,75,-18,1635,13.26,7798,-3.73,1298,4.26,133.52,1.37
2026-09-03,Monthly,2017-06-01,2017-06-30,19,State,Florida,35320,1.26,224000,9.27,62,-9,43716,2.75,193194,-5.8,40866,-7.11,140.41,5.97
2026-09-03,Monthly,2017-06-01,2017-06-30,21,State,Georgia,13187,6.51,210000,6.57,60,-7,16467,0.58,70610,-6,15678,-4.31,101.11,5.67
2026-09-03,Monthly,2017-06-01,2017-06-30,25,State,Hawaii,1325,4.72,543500,4.52,73,-10,1574,12.82,7428,-4.37,1436,3.02,485.06,3.7
2026-09-03,Monthly,2017-06-01,2017-06-30,27,State,Idaho,2797,3.06,225000,9.81,66,-11,2903,9.3,12291,-7.06,1370,0.6,130.74,9.74
2026-09-03,Monthly,2017-06-01,2017-06-30,29,State,Illinois,13897,-1.13,218000,6.34,74,16,16853,-0.59,75455,1.51,15872,-9.06,124.93,6.77
2026-09-03,Monthly,2017-06-01,2017-06-30,31,State,Indiana,7712,2.94,155000,6.53,67,-13,8342,4.12,35781,-11.03,8131,4.06,82.72,5.46
2026-09-03,Monthly,2017-06-01,2017-06-30,33,State,Iowa,3382,5.34,164875,6.37,85,-10,3588,4.7,17973,-1.91,3311,6.39,109.6,4.39
2026-09-03,Monthly,2017-06-01,2017-06-30,35,State,Kansas,2874,-1.43,186000,6.29,62,-7,3339,3.63,13333,-5.28,3093,6.31,92.9,5.54
2026-09-03,Monthly,2017-06-01,2017-06-30,37,State,Kentucky,4027,3.29,165900,3.75,57,-3,4914,8.9,18923,-3.64,4295,1.23,97.86,6.06
2026-09-03,Monthly,2017-06-01,2017-06-30,39,State,Louisiana,3288,1.14,190000,2.7,82,-10,3701,3.14,18806,-1.51,3304,0,106.69,1.08
2026-09-03,Monthly,2017-06-01,2017-06-30,41,State,Maine,1684,-4.66,205000,3.54,58,-23,2164,6.87,10565,-13.18,2022,4.74,131.97,7.06
2026-09-03,Monthly,2017-06-01,2017-06-30,43,State,Maryland,7524,2.01,290000,2.47,41,-7,9112,0.36,33099,-9.21,8138,-11.08,163.04,4.37
2026-09-03,Monthly,2017-06-01,2017-06-30,45,State,Massachusetts,7028,-0.77,395000,6.76,26,-8,8264,0.69,26421,-11.19,8310,-7.41,221.87,4.96
2026-09-03,Monthly,2017-06-01,2017-06-30,47,State,Michigan,12549,2.81,164915,7.53,44,-13,14325,-0.75,53086,-11.4,13067,-3.9,95.35,7.42
2026-09-03,Monthly,2017-06-01,2017-06-30,49,State,Minnesota,7351,1.39,233500,6.62,46,-8,7939,-1.48,34709,-6.98,7865,1.85,125,6.32
2026-09-03,Monthly,2017-06-01,2017-06-30,51,State,Mississippi,1803,3.96,161250,1.74,92,-10,2208,1.09,11874,-7.2,1746,3.96,89.51,3.29
2026-09-03,Monthly,2017-06-01,2017-06-30,2,State,Missouri,7351,4.04,167355,2.05,62,-10,8250,3.06,33409,-10.45,7921,-29.32,98.13,7.07
2026-09-03,Monthly,2017-06-01,2017-06-30,4,State,Montana,1306,14.48,259900,4,88,-15,1401,13.37,7527,-2.13,1307,15.27,142.59,8.37
2026-09-03,Monthly,2017-06-01,2017-06-30,6,State,Nebraska,1840,-4.09,178250,3.63,49,-4,2098,9.3,6833,-5.05,1908,2.96,97.63,7.03
2026-09-03,Monthly,2017-06-01,2017-06-30,8,State,Nevada,5064,12.51,255000,10.92,63,-11,5207,1.72,20274,-13.49,5988,-21.59,146.92,11.28
2026-09-03,Monthly,2017-06-01,2017-06-30,10,State,New Hampshire,1987,1.69,265000,9.84,76,-12,2285,2.12,10581,-11.66,2275,-5.57,142.67,4.06
2026-09-03,Monthly,2017-06-01,2017-06-30,12,State,New Jersey,10041,6.77,300000,1.69,92,-13,12834,5.68,64020,-7.77,11470,-18.25,173.54,4.8
2026-09-03,Monthly,2017-06-01,2017-06-30,14,State,New Mexico,1977,10.13,198000,4.21,67,-29,2320,3.27,10810,-10.48,3200,72.34,116.55,4.12
2026-09-03,Monthly,2017-06-01,2017-06-30,16,State,New York,13677,5.36,300000,11.11,85,-31,19098,16.75,85462,-11.76,14876,11.31,181.06,20.91
2026-09-03,Monthly,2017-06-01,2017-06-30,18,State,North Carolina,12522,7.67,225000,7.38,76,-8,14166,1.8,67412,-3,14379,10.33,113.35,4.15
2026-09-03,Monthly,2017-06-01,2017-06-30,20,State,North Dakota,618,7.9,217100,-3.51,97,1,739,12.37,3597,8.39,580,9.6,108.33,4.96
2026-09-03,Monthly,2017-06-01,2017-06-30,22,State,Ohio,12548,1.34,152250,5,63,-10,14664,1.93,59425,-11.79,15262,-1.68,91.29,6.2
2026-09-03,Monthly,2017-06-01,2017-06-30,23,State,Oklahoma,3851,1.66,159000,2.65,47,2,4871,8.27,20316,1.7,4077,2.55,93.32,2.83
2026-09-03,Monthly,2017-06-01,2017-06-30,24,State,Oregon,5507,-0.25,332000,10.67,33,-4,6500,4.89,20320,-5.69,6282,-2.66,191.24,9.02
2026-09-03,Monthly,2017-06-01,2017-06-30,26,State,Pennsylvania,12557,0.77,191450,3.49,75,-13,14711,2.62,70254,-8.72,13197,-0.91,112.72,2.44
2026-09-03,Monthly,2017-06-01,2017-06-30,58,State,Puerto Rico,NA,NA,NA,NA,NA,NA,NA,NA,NA,NA,NA,NA,NA,NA
2026-09-03,Monthly,2017-06-01,2017-06-30,28,State,Rhode Island,1301,6.52,255000,9.44,61,-7,1570,3.28,6023,-10.05,1529,2.93,152.94,9.27
2026-09-03,Monthly,2017-06-01,2017-06-30,30,State,South Carolina,6494,6.72,208800,4.45,85,-9,7996,4.81,39556,-2.78,6463,5.29,112.29,6.24
2026-09-03,Monthly,2017-06-01,2017-06-30,32,State,South Dakota,846,1.83,194900,5.41,78,-7,933,8.75,4133,-0.68,816,4.36,110.92,6.28
2026-09-03,Monthly,2017-06-01,2017-06-30,34,State,Tennessee,8844,2.69,206200,9.1,65,-7,9853,2.85,41056,-4.62,9991,0.05,111.53,5.84
2026-09-03,Monthly,2017-06-01,2017-06-30,36,State,Texas,26701,5.05,235000,5.86,43,-3,32896,5.55,124087,7.7,31271,-1.14,113.94,5.32
2026-09-03,Monthly,2017-06-01,2017-06-30,38,State,Utah,3961,-3.11,272900,7.67,29,-5,4775,5.83,14266,-4.64,4534,0.22,124.61,8.23
2026-09-03,Monthly,2017-06-01,2017-06-30,40,State,Vermont,713,6.93,224900,0.45,119,-14,939,3.05,6123,-10.32,859,-0.34,129.99,0.35
2026-09-03,Monthly,2017-06-01,2017-06-30,42,State,Virginia,10132,7.57,300000,1.69,49,-8,12133,5.99,47787,-4.45,10638,0.91,144.02,3.93
2026-09-03,Monthly,2017-06-01,2017-06-30,44,State,Washington,10461,3.78,356000,8.54,18,-7,11606,3.62,31435,-8.9,11950,-19.95,192.18,9.5
2026-09-03,Monthly,2017-06-01,2017-06-30,46,State,West Virginia,975,6.36,168300,5.19,98,-8,1162,8.01,6203,-0.42,1017,2.85,93.51,2.54
2026-09-03,Monthly,2017-06-01,2017-06-30,48,State,Wisconsin,6840,1.6,185000,5.71,74,-14,7674,0.09,35299,-11.08,7352,-11.42,106.07,5.45
2026-09-03,Monthly,2017-06-01,2017-06-30,50,State,Wyoming,752,26.15,224000,0.9,92,-15,802,5.6,4669,-4.6,731,24.28,109.21,2.3
2026-09-03,Monthly,2017-05-01,2017-05-31,1,State,Alabama,4815,15.82,172500,4.53,103,-2,5297,4.12,28163,-0.51,5180,20.86,95.39,3.88
2026-09-03,Monthly,2017-05-01,2017-05-31,3,State,Alaska,691,-7.46,280000,4.67,95,-5,990,5.83,4781,-6.4,700,-5.43,163.08,1.44
2026-09-03,Monthly,2017-05-01,2017-05-31,5,State,Arizona,10600,8.3,235100,6.86,53,-6,12173,2.8,45649,-6.79,12422,-5.61,140.67,7.02
2026-09-03,Monthly,2017-05-01,2017-05-31,7,State,Arkansas,2746,-3.65,154900,4.66,75,-11,3272,8.17,15207,-2.42,2986,6.28,91.86,2.56
2026-09-03,Monthly,2017-05-01,2017-05-31,9,State,California,31815,0.89,470000,6.82,37,-4,37080,-1.14,117210,-5.4,36653,-3.35,297.99,6.9
2026-09-03,Monthly,2017-05-01,2017-05-31,11,State,Colorado,8363,10.49,355000,5.65,36,0,9457,4.3,30022,1.61,9175,-2.71,167.65,7.08
2026-09-03,Monthly,2017-05-01,2017-05-31,17,State,Columbia,816,10.49,595000,2.76,18,-4,963,10.52,2581,3.87,829,-8.92,474.49,3.7
2026-09-03,Monthly,2017-05-01,2017-05-31,13,State,Connecticut,4128,9.51,234900,4.4,90,-9,5330,4.94,26804,-10.42,3901,6.11,145.13,2.84
2026-09-03,Monthly,2017-05-01,2017-05-31,15,State,Delaware,1316,15.75,229900,5.7,79,-12,1569,8.51,7857,-3.08,1326,11.08,129.83,-0.23
2026-09-03,Monthly,2017-05-01,2017-05-31,19,State,Florida,35357,4.06,218000,9,62,-9,43832,1.93,193196,-6.55,40282,-10.09,139.54,5.72
2026-09-03,Monthly,2017-05-01,2017-05-31,21,State,Georgia,13054,5.39,205000,4.65,62,-7,16875,5.27,71186,-5.59,15737,-1.02,101.03,5.76
2026-09-03,Monthly,2017-05-01,2017-05-31,25,State,Hawaii,1369,7.94,510000,8.05,72,-13,1576,7.52,7476,-4.89,1526,15.84,494.63,6.53
2026-09-03,Monthly,2017-05-01,2017-05-31,27,State,Idaho,2743,2.63,220000,10.55,68,-9,2944,2.22,12267,-8.67,1363,5.44,129.39,8.32
2026-09-03,Monthly,2017-05-01,2017-05-31,29,State,Illinois,13972,0.86,210000,8.25,71,12,16780,-1.35,75756,1.6,16216,-4.26,124.05,5.23
2026-09-03,Monthly,2017-05-01,2017-05-31,31,State,Indiana,7662,0.68,148000,5.71,66,-16,8019,-0.26,36091,-12.39,8146,0.92,82.5,5.55
2026-09-03,Monthly,2017-05-01,2017-05-31,33,State,Iowa,3328,3.32,155000,5.95,84,-9,3512,2.84,18084,-2.96,3267,4.32,108.28,4.24
2026-09-03,Monthly,2017-05-01,2017-05-31,35,State,Kansas,2916,1.69,177000,4.03,61,-9,3263,4.74,13248,-6.99,2985,-0.53,89.86,2.3
2026-09-03,Monthly,2017-05-01,2017-05-31,37,State,Kentucky,4091,4.87,159900,5.2,55,-8,4708,4.33,18840,-4.6,4305,-0.31,97.78,4.71
2026-09-03,Monthly,2017-05-01,2017-05-31,39,State,Louisiana,3280,2.1,185000,-0.94,84,-4,3835,8.04,18859,-0.62,3437,7.98,108.89,2.47
2026-09-03,Monthly,2017-05-01,2017-05-31,41,State,Maine,1697,-8.4,200000,5.26,56,-23,2256,7.46,10699,-16.27,2112,0.18,129,3.23
2026-09-03,Monthly,2017-05-01,2017-05-31,43,State,Maryland,7426,1.35,284900,5.52,40,-9,9017,1.84,33355,-8.94,8115,-10.11,162.36,4.7
2026-09-03,Monthly,2017-05-01,2017-05-31,45,State,Massachusetts,7040,-0.28,375000,7.14,28,-9,8509,4.56,27218,-10.97,8186,-8.22,219.81,4.88
2026-09-03,Monthly,2017-05-01,2017-05-31,47,State,Michigan,12310,0.41,159900,8.41,45,-13,14269,-1.45,53512,-13.18,13195,-2.93,95.23,6.22
2026-09-03,Monthly,2017-05-01,2017-05-31,49,State,Minnesota,7440,1.22,225100,4.7,47,-7,7977,-1.85,33625,-7.53,7973,-0.03,125.13,6.93
2026-09-03,Monthly,2017-05-01,2017-05-31,51,State,Mississippi,1826,7.42,158450,4.24,92,-17,2221,-0.74,12002,-5.95,1763,8.79,90.47,3.6
2026-09-03,Monthly,2017-05-01,2017-05-31,2,State,Missouri,7266,3.74,163900,2.5,62,-11,8072,1.14,33245,-11.44,8014,-14.24,97.21,6.23
2026-09-03,Monthly,2017-05-01,2017-05-31,4,State,Montana,1208,6.48,249900,4.17,93,-6,1465,9.35,7518,-4.07,1228,7.67,139.9,5.51
2026-09-03,Monthly,2017-05-01,2017-05-31,6,State,Nebraska,1938,-0.63,175000,6.06,49,-5,2017,0.12,6862,-6.95,1936,1.75,97.13,5.15
2026-09-03,Monthly,2017-05-01,2017-05-31,8,State,Nevada,4878,11.11,245000,8.89,62,-10,5335,0.99,20843,-12.09,6076,9.25,145.2,9.7
2026-09-03,Monthly,2017-05-01,2017-05-31,10,State,New Hampshire,2008,1.63,254717,10.75,78,-10,2287,0.56,10645,-14.15,2362,-4.4,143.83,6.19
2026-09-03,Monthly,2017-05-01,2017-05-31,12,State,New Jersey,10240,10.44,280000,0.54,93,-11,13209,7.28,64819,-8.03,12129,-7.65,171.55,2.75
2026-09-03,Monthly,2017-05-01,2017-05-31,14,State,New Mexico,2010,16.16,194900,2.58,69,-31,2407,9.42,10797,-9.79,3192,72.1,115.85,3.21
2026-09-03,Monthly,2017-05-01,2017-05-31,16,State,New York,13467,5.56,265000,6,87,-27,16737,3.24,84093,-14.95,14488,7.2,158.02,3.65
2026-09-03,Monthly,2017-05-01,2017-05-31,18,State,North Carolina,12274,6.7,214000,8.08,76,-9,14294,3.65,67161,-3.63,13662,4.15,113.2,3.68
2026-09-03,Monthly,2017-05-01,2017-05-31,20,State,North Dakota,650,10.27,217673,-1.06,95,1,724,11.33,3586,10.47,591,10.24,107.59,0.19
2026-09-03,Monthly,2017-05-01,2017-05-31,22,State,Ohio,12736,2.78,144000,3.97,63,-11,14477,0.51,60152,-11.85,15619,1.94,90.96,6.37
2026-09-03,Monthly,2017-05-01,2017-05-31,23,State,Oklahoma,4019,5.56,159000,5.65,49,1,4648,-0.64,20079,0.22,4220,4.08,93,3.24
2026-09-03,Monthly,2017-05-01,2017-05-31,24,State,Oregon,5317,-3.09,326000,9.4,35,-1,6466,1.71,19724,-8.79,5972,-6.23,187.81,8.48
2026-09-03,Monthly,2017-05-01,2017-05-31,26,State,Pennsylvania,12772,5.1,180000,3.79,76,-11,14820,5.75,70867,-9.41,12988,0.64,112.18,1.81
2026-09-03,Monthly,2017-05-01,2017-05-31,28,State,Rhode Island,1276,5.01,235000,4.44,61,-10,1572,2.1,6000,-12.11,1511,-2.31,150.94,5.72
2026-09-03,Monthly,2017-05-01,2017-05-31,30,State,South Carolina,6426,5.71,202000,6.32,84,-10,7953,4.37,39569,-3.27,6289,2.75,110.26,3.68
2026-09-03,Monthly,2017-05-01,2017-05-31,32,State,South Dakota,804,0.55,192250,6.81,75,-5,882,4.33,4068,-1.94,790,2.78,109.54,3.83
2026-09-03,Monthly,2017-05-01,2017-05-31,34,State,Tennessee,9002,4.94,195000,5.46,64,-10,9869,2.85,41002,-4.12,9785,-5.97,112.53,7.41
2026-09-03,Monthly,2017-05-01,2017-05-31,36,State,Texas,26691,5.58,230000,5.49,43,-1,33093,6.05,123194,6.63,31574,1.26,113.85,6.06
2026-09-03,Monthly,2017-05-01,2017-05-31,38,State,Utah,3930,-2.65,270000,8,30,-6,4627,0.15,13961,-7.23,4515,-3.16,123.86,8.26
2026-09-03,Monthly,2017-05-01,2017-05-31,40,State,Vermont,675,-0.72,224000,11.22,126,-3,1020,10.25,6185,-12.54,876,0.19,136.06,3.12
2026-09-03,Monthly,2017-05-01,2017-05-31,42,State,Virginia,10056,7.39,289900,3.54,47,-11,12334,7.97,48044,-4.51,10611,0.63,143.24,3.33
2026-09-03,Monthly,2017-05-01,2017-05-31,44,State,Washington,10355,2.35,350000,9.34,18,-6,11597,5.65,30952,-10.67,11697,-13.31,190.35,9.76
2026-09-03,Monthly,2017-05-01,2017-05-31,46,State,West Virginia,971,7.76,155000,3.33,100,-18,1176,6.45,6210,-1.78,995,-2.25,93.36,2.6
2026-09-03,Monthly,2017-05-01,2017-05-31,48,State,Wisconsin,6807,3.22,174000,5.45,76,-12,7768,0.2,35753,-10.92,7923,-7.13,106.25,6.15
2026-09-03,Monthly,2017-05-01,2017-05-31,50,State,Wyoming,733,25.75,220000,1.38,99,10,846,9.98,4726,-3.12,715,24.42,107.97,1.48
2026-09-03,Monthly,2017-04-01,2017-04-30,1,State,Alabama,4624,14.22,169276,4.91,102,-10,5166,2.79,28181,-0.27,4970,12.64,94.27,2.77
2026-09-03,Monthly,2017-04-01,2017-04-30,3,State,Alaska,751,3.84,271400,0.56,94,-3,982,-7.27,4760,-8.58,728,2.64,161.41,-0.52
2026-09-03,Monthly,2017-04-01,2017-04-30,5,State,Arizona,10635,8.87,230000,6.26,54,-5,12022,0.76,45529,-6.98,12429,-14.03,139.68,6.68
2026-09-03,Monthly,2017-04-01,2017-04-30,7,State,Arkansas,2888,8.87,149000,3.47,75,-12,3134,0.61,15277,-3.13,3052,4.89,90.77,1.13
2026-09-03,Monthly,2017-04-01,2017-04-30,9,State,California,31675,1.29,460000,5.75,38,-1,36412,-3.3,116589,-5.59,36458,-7.6,296.56,6.47
2026-09-03,Monthly,2017-04-01,2017-04-30,11,State,Colorado,8373,10.38,355000,9.06,35,-7,9379,6.71,30096,0.58,9024,-0.75,167.27,7.9
2026-09-03,Monthly,2017-04-01,2017-04-30,17,State,Columbia,743,-4.3,527500,0.48,20,-1,895,0.11,2550,-1.13,771,-14.56,476.18,2.9
2026-09-03,Monthly,2017-04-01,2017-04-30,13,State,Connecticut,4015,4.11,219344,0.62,88,-16,5130,-2.94,26880,-13.66,3612,-4.11,144.23,2.19
2026-09-03,Monthly,2017-04-01,2017-04-30,15,State,Delaware,1316,21.37,225000,2.27,81,-11,1517,2.02,7871,-3.91,1240,12.11,132.31,2.84
2026-09-03,Monthly,2017-04-01,2017-04-30,19,State,Florida,34939,5.1,211000,10.47,63,-8,43289,0.36,192787,-6.43,39853,-8.4,138.74,5.86
2026-09-03,Monthly,2017-04-01,2017-04-30,21,State,Georgia,12969,6.1,200000,5.82,62,-7,16198,-2.1,71222,-5.65,15569,-2.39,100.19,4.9
2026-09-03,Monthly,2017-04-01,2017-04-30,25,State,Hawaii,1315,8.63,510000,2.2,74,-10,1616,11.18,7473,-5.59,1540,14.64,489.58,3.91
2026-09-03,Monthly,2017-04-01,2017-04-30,27,State,Idaho,2667,-0.46,213100,9.34,59,-15,2828,-0.9,12210,-9.09,1241,-4.15,128.8,9.25
2026-09-03,Monthly,2017-04-01,2017-04-30,29,State,Illinois,14357,4.22,204000,9.38,67,6,16499,-3.96,75530,0.19,16017,-4.97,123.14,4.55
2026-09-03,Monthly,2017-04-01,2017-04-30,31,State,Indiana,7686,2.77,141500,4.89,63,-18,8077,-1.03,36737,-13.33,8052,-2.2,81.33,3.88
2026-09-03,Monthly,2017-04-01,2017-04-30,33,State,Iowa,3406,8.05,148000,3.5,81,-15,3563,0.75,18152,-3.57,3258,6.7,107.04,3.69
2026-09-03,Monthly,2017-04-01,2017-04-30,35,State,Kansas,2917,1.76,164900,1.17,61,-9,3124,-7.49,13397,-7.76,3046,-1.16,92.35,5.95
2026-09-03,Monthly,2017-04-01,2017-04-30,37,State,Kentucky,4016,3.17,154000,4.41,53,-10,4566,-4.66,18859,-7.09,4343,-3.6,97.43,6.43
2026-09-03,Monthly,2017-04-01,2017-04-30,39,State,Louisiana,3269,7.22,181000,1.12,81,-9,3680,3.73,18632,-2.16,3329,2.84,108.04,3.06
2026-09-03,Monthly,2017-04-01,2017-04-30,41,State,Maine,1710,0.29,186000,1.09,82,-9,2104,-9.38,10656,-20.93,2050,-12.29,128.25,1.37
2026-09-03,Monthly,2017-04-01,2017-04-30,43,State,Maryland,7693,7.36,275067,7.87,39,-17,9000,-2.44,33651,-10.52,8015,-9.48,161.9,3.25
2026-09-03,Monthly,2017-04-01,2017-04-30,45,State,Massachusetts,7025,-0.96,355000,3.8,29,-10,8232,-2.46,27559,-15.42,8053,-11.91,219.34,5.8
2026-09-03,Monthly,2017-04-01,2017-04-30,47,State,Michigan,12446,3.22,153000,9.36,45,-17,14276,-2.49,54017,-14.87,13002,-5.37,94.69,6.54
2026-09-03,Monthly,2017-04-01,2017-04-30,49,State,Minnesota,7373,0.87,222000,5.97,45,-10,8272,-0.77,30460,-10.86,8061,-4.46,123.87,6.1
2026-09-03,Monthly,2017-04-01,2017-04-30,51,State,Mississippi,1787,4.91,154000,5.48,92,-13,2152,-0.19,12033,-5.82,1692,0.12,89.36,3.72
2026-09-03,Monthly,2017-04-01,2017-04-30,2,State,Missouri,7283,3.77,158175,5.52,62,-13,8065,0.5,33545,-12.06,8259,-10.33,96.93,5.14
2026-09-03,Monthly,2017-04-01,2017-04-30,4,State,Montana,1144,-0.6,249900,6.68,91,-5,1455,-0.48,7392,-6.86,1134,-2.72,141.51,5.75
2026-09-03,Monthly,2017-04-01,2017-04-30,6,State,Nebraska,1909,-2.04,167000,8.44,47,-8,2035,-1.51,6820,-10.33,1822,-11.71,97.06,6.65
2026-09-03,Monthly,2017-04-01,2017-04-30,8,State,Nevada,4651,8.03,240000,9.59,61,-9,5276,-0.17,21002,-11.76,5924,4.33,142.99,8.16
2026-09-03,Monthly,2017-04-01,2017-04-30,10,State,New Hampshire,1924,-1.57,239933,4.32,77,-13,2241,-5.56,10646,-17.16,2331,-10.56,140.98,3.94
2026-09-03,Monthly,2017-04-01,2017-04-30,12,State,New Jersey,10386,18.19,267231,0.84,89,-21,12562,-0.39,65342,-9.31,11740,-9.49,171.06,1.82
2026-09-03,Monthly,2017-04-01,2017-04-30,14,State,New Mexico,1950,12.45,191500,5.22,66,-36,2443,5.61,10711,-9.66,3171,70.47,115.54,2.76
2026-09-03,Monthly,2017-04-01,2017-04-30,16,State,New York,13331,5.54,267000,8.98,88,-26,16245,-3.53,84547,-16.56,14427,5.97,153.28,3.83
2026-09-03,Monthly,2017-04-01,2017-04-30,18,State,North Carolina,12504,10.8,210000,8.81,74,-16,13897,-0.86,67459,-3.18,13613,4.29,112.4,4
2026-09-03,Monthly,2017-04-01,2017-04-30,20,State,North Dakota,609,7.69,209000,-2.34,107,13,690,7.49,3506,8.88,561,6.37,106.92,0.65
2026-09-03,Monthly,2017-04-01,2017-04-30,22,State,Ohio,12498,-0.34,137900,4.47,63,-13,14459,-1.05,60746,-12.88,15177,-3.49,90.58,6.87
2026-09-03,Monthly,2017-04-01,2017-04-30,23,State,Oklahoma,3844,3.88,152500,3.74,53,-2,4568,-0.96,20137,-0.16,4180,0.27,92.86,2.44
2026-09-03,Monthly,2017-04-01,2017-04-30,24,State,Oregon,5298,-2.54,315000,8.62,37,2,6148,-4.59,19805,-8.63,6253,-2.66,188.89,9.96
2026-09-03,Monthly,2017-04-01,2017-04-30,26,State,Pennsylvania,13114,9.31,172500,4.59,73,-19,14638,2.1,71088,-11.26,12829,0.85,112.45,3.3
2026-09-03,Monthly,2017-04-01,2017-04-30,28,State,Rhode Island,1367,9.91,229900,1.05,63,-6,1491,-3.28,6022,-14.17,1574,2.55,148.53,5.87
2026-09-03,Monthly,2017-04-01,2017-04-30,30,State,South Carolina,6521,10.86,197500,7.34,82,-15,7857,2.76,39574,-3.29,6252,3.52,109.78,4.16
2026-09-03,Monthly,2017-04-01,2017-04-30,32,State,South Dakota,865,7.03,190000,7.71,73,-17,959,6.71,4105,-2.43,813,7.12,109.98,5.69
2026-09-03,Monthly,2017-04-01,2017-04-30,34,State,Tennessee,8972,7.42,190000,7.34,65,-8,9615,0.9,41862,-4.23,9781,-4.13,110.35,6.73
2026-09-03,Monthly,2017-04-01,2017-04-30,36,State,Texas,26654,5.56,225000,7.14,42,0,32602,5.27,121471,4.9,31057,0.75,113.25,5.65
2026-09-03,Monthly,2017-04-01,2017-04-30,38,State,Utah,3966,0.79,265600,9.35,28,-13,4537,-2.16,13851,-10.3,4690,0.76,122.92,7.96
2026-09-03,Monthly,2017-04-01,2017-04-30,40,State,Vermont,668,7.46,203000,-4.25,135,16,943,-12.14,6118,-17.1,826,-9.09,133.53,2.48
2026-09-03,Monthly,2017-04-01,2017-04-30,42,State,Virginia,10140,9.46,280000,3.71,48,-13,12151,-0.62,48325,-5.89,10532,1.12,143.67,3.27
2026-09-03,Monthly,2017-04-01,2017-04-30,44,State,Washington,9984,-0.29,339000,10.12,19,-6,10957,-4.59,30189,-14.42,11129,-20.58,188.2,8.57
2026-09-03,Monthly,2017-04-01,2017-04-30,46,State,West Virginia,995,9.46,158500,5.67,102,-24,1138,0.92,6138,-5.08,994,-0.23,93.46,2.84
2026-09-03,Monthly,2017-04-01,2017-04-30,48,State,Wisconsin,6864,1.68,170000,6.25,75,-14,7858,-3.61,36190,-11.31,7723,-13.25,105.28,4.41
2026-09-03,Monthly,2017-04-01,2017-04-30,50,State,Wyoming,664,10.18,214450,2.12,97,-1,756,-11.01,4693,-3.28,662,9.82,108.31,-0.13
2026-09-03,Monthly,2017-03-01,2017-03-31,1,State,Alabama,4674,19.31,164500,6,102,-8,5203,2.54,28352,1.05,5025,16.05,95.85,4.52
2026-09-03,Monthly,2017-03-01,2017-03-31,3,State,Alaska,707,-3.85,270000,3.45,92,0,964,-9.2,4694,-8.67,710,-3.46,161.28,-0.26
2026-09-03,Monthly,2017-03-01,2017-03-31,5,State,Arizona,10573,10.19,227000,7.58,52,-4,12188,4.23,45565,-6.21,12445,-11.49,138.83,6.34
2026-09-03,Monthly,2017-03-01,2017-03-31,7,State,Arkansas,2849,11.61,143950,3.56,74,-14,3230,5.58,15398,-2.01,3024,6.07,90.5,1.66
2026-09-03,Monthly,2017-03-01,2017-03-31,9,State,California,31608,5,450000,6.64,39,0,37353,-0.55,116267,-4.58,35771,-7.68,298.32,6.52
2026-09-03,Monthly,2017-03-01,2017-03-31,11,State,Colorado,8336,14.1,349900,7.66,35,-9,9628,12.74,30252,-0.67,9099,3.8,166.7,9.11
2026-09-03,Monthly,2017-03-01,2017-03-31,17,State,Columbia,808,16.3,543000,10.82,19,-3,933,-5.83,2639,1.98,842,-4.02,456.64,1.18
2026-09-03,Monthly,2017-03-01,2017-03-31,13,State,Connecticut,3940,2.46,205000,2.5,90,-14,5251,-16.69,27180,-14.26,3523,-4.4,144.01,1.07
2026-09-03,Monthly,2017-03-01,2017-03-31,15,State,Delaware,1257,25.61,221000,1.38,85,-8,1597,2.45,8004,-1.56,1309,29.29,130.72,1.85
2026-09-03,Monthly,2017-03-01,2017-03-31,19,State,Florida,34344,6.18,209575,11.77,63,-7,43383,1.12,193590,-5.36,41130,-4.32,138.68,6.64
2026-09-03,Monthly,2017-03-01,2017-03-31,21,State,Georgia,13128,9.92,198385,9,64,-8,16826,4.72,71766,-3.77,15686,0.23,100.41,5.96
2026-09-03,Monthly,2017-03-01,2017-03-31,25,State,Hawaii,1277,-0.1,492000,2.5,77,-9,1635,11.65,7384,-7.38,1471,8.75,474.53,3.12
2026-09-03,Monthly,2017-03-01,2017-03-31,27,State,Idaho,2489,-1.02,212250,12.56,79,-2,2806,0.16,12220,-6.96,1257,6.93,126.6,8.56
2026-09-03,Monthly,2017-03-01,2017-03-31,29,State,Illinois,14062,6,190000,10.47,63,-2,17075,-1.36,75892,0.36,16730,2.93,123.09,4.84
2026-09-03,Monthly,2017-03-01,2017-03-31,31,State,Indiana,7714,4.41,137000,5.38,67,-18,8292,0.2,37265,-13.96,8102,1.6,81.66,3.97
2026-09-03,Monthly,2017-03-01,2017-03-31,33,State,Iowa,3321,7.54,145000,7.41,87,-9,3609,7.16,18069,-4.54,3250,6.84,105.65,4.72
2026-09-03,Monthly,2017-03-01,2017-03-31,35,State,Kansas,2875,-0.13,165000,5.1,60,-15,3326,-0.01,13750,-6.08,3061,-3.66,91.01,3.25
2026-09-03,Monthly,2017-03-01,2017-03-31,37,State,Kentucky,4051,6.07,149500,6.79,53,-14,4768,-0.16,19350,-4.64,4415,0.9,97.1,5.84
2026-09-03,Monthly,2017-03-01,2017-03-31,39,State,Louisiana,3479,12.75,179700,1.01,83,-5,3941,11.28,18884,-1.71,3463,7.07,106.69,1.88
2026-09-03,Monthly,2017-03-01,2017-03-31,41,State,Maine,1703,5.2,190000,4.11,60,-28,2160,-13.42,10854,-21.09,2087,-8.98,130.25,2.45
2026-09-03,Monthly,2017-03-01,2017-03-31,43,State,Maryland,7692,15.23,260752,4.34,43,-16,9437,-2.96,34410,-9.37,8220,-5.88,162.41,3.48
2026-09-03,Monthly,2017-03-01,2017-03-31,45,State,Massachusetts,7109,2.26,345000,7.14,30,-11,8445,-12.18,28479,-15.49,8401,-5.45,216.89,4.07
2026-09-03,Monthly,2017-03-01,2017-03-31,47,State,Michigan,12347,1.39,145000,8.61,44,-22,14350,-2.24,55125,-14.66,13411,1.59,95.05,6.99
2026-09-03,Monthly,2017-03-01,2017-03-31,49,State,Minnesota,7320,3.15,213500,7.83,47,-12,8503,1.27,27994,-9.42,8261,-1.18,123.63,6.18
2026-09-03,Monthly,2017-03-01,2017-03-31,51,State,Mississippi,1794,4.29,155550,5.28,93,-17,2295,6.6,12173,-5.14,1739,3.77,90.83,5.64
2026-09-03,Monthly,2017-03-01,2017-03-31,2,State,Missouri,7352,7.97,152000,6.29,60,-19,8064,0.14,34487,-9.46,8481,-4.05,96.11,4.61
2026-09-03,Monthly,2017-03-01,2017-03-31,4,State,Montana,1136,7.65,250250,6.53,100,-2,1451,-8.3,7348,-6.47,1139,8.07,135.99,2.79
2026-09-03,Monthly,2017-03-01,2017-03-31,6,State,Nebraska,1930,3.54,165000,5.77,41,-17,2084,1.01,6862,-10.48,1939,-2.65,96.02,6.69
2026-09-03,Monthly,2017-03-01,2017-03-31,8,State,Nevada,4549,11.89,237000,10.75,57,-13,5387,-1.45,21013,-10.61,5690,5.21,141.92,8.01
2026-09-03,Monthly,2017-03-01,2017-03-31,10,State,New Hampshire,1844,0.32,234950,6.8,80,-23,2259,-8.08,10665,-17.7,2402,-9.08,142.17,5.75
2026-09-03,Monthly,2017-03-01,2017-03-31,12,State,New Jersey,10031,13,258500,3.4,94,-18,12613,-7.19,66142,-9.75,11807,-6.83,171.39,2.33
2026-09-03,Monthly,2017-03-01,2017-03-31,14,State,New Mexico,1873,8.11,185000,3.06,66,-43,2412,3.89,10643,-8.91,3016,50.94,115.76,3.93
2026-09-03,Monthly,2017-03-01,2017-03-31,16,State,New York,12895,4.01,280000,6.87,96,-16,16252,-6.06,87138,-14.62,15288,14.1,157.35,4.83
2026-09-03,Monthly,2017-03-01,2017-03-31,18,State,North Carolina,12403,12.25,205000,10.22,74,-19,14552,6.39,68261,-1.68,13765,7,112.62,4.29
2026-09-03,Monthly,2017-03-01,2017-03-31,20,State,North Dakota,603,8.11,205000,-5.83,97,6,714,10.03,3452,8.56,559,5.46,108.23,3.21
2026-09-03,Monthly,2017-03-01,2017-03-31,22,State,Ohio,12585,4.32,131969,5.58,63,-14,14618,-1.7,61580,-12.54,15465,-0.5,89.47,5
2026-09-03,Monthly,2017-03-01,2017-03-31,23,State,Oklahoma,3862,6.82,150000,3.41,65,-2,4877,6.22,20664,2.29,4395,10.81,92.62,2.71
2026-09-03,Monthly,2017-03-01,2017-03-31,24,State,Oregon,5223,-3.79,309000,9.2,43,5,6131,-1.72,20096,-6.27,6110,-2.51,186.73,9.7
2026-09-03,Monthly,2017-03-01,2017-03-31,26,State,Pennsylvania,12674,11.48,165000,6.45,77,-15,14831,-12.78,71848,-11.04,13272,8.91,113.4,2.87
2026-09-03,Monthly,2017-03-01,2017-03-31,28,State,Rhode Island,1198,3.38,220000,0.69,59,-16,1478,-8.52,6214,-13.26,1695,6.44,150.64,7.83
2026-09-03,Monthly,2017-03-01,2017-03-31,30,State,South Carolina,6448,11.19,192500,4.05,86,-16,7810,2.98,39693,-1.94,6298,4.06,110,4.52
2026-09-03,Monthly,2017-03-01,2017-03-31,32,State,South Dakota,819,7.2,187750,11.76,75,-10,917,-0.79,3978,-3.87,806,8.64,109.2,6.24
2026-09-03,Monthly,2017-03-01,2017-03-31,34,State,Tennessee,8702,9.84,188000,9.94,65,-10,9791,2.62,41391,-5.74,10043,1.45,110.7,8
2026-09-03,Monthly,2017-03-01,2017-03-31,36,State,Texas,26262,4.53,220000,7.05,42,-1,32646,4.11,120553,3.58,31034,-0.6,113.13,5.9
2026-09-03,Monthly,2017-03-01,2017-03-31,38,State,Utah,3841,1.21,258945,9.37,27,-23,4584,0.43,14175,-27.96,4772,-48.16,121.6,7.86
2026-09-03,Monthly,2017-03-01,2017-03-31,40,State,Vermont,746,14.74,193790,-0.11,129,4,895,-15.05,6157,-16.94,852,-8.24,126.3,-2.06
2026-09-03,Monthly,2017-03-01,2017-03-31,42,State,Virginia,9993,10.44,265000,1.96,51,-18,12826,1.22,49142,-4.5,10841,6.17,142.53,1.77
2026-09-03,Monthly,2017-03-01,2017-03-31,44,State,Washington,10195,4.61,335000,11.67,22,-5,10744,-4.4,30537,-12.26,10946,-22.62,187.54,9.48
2026-09-03,Monthly,2017-03-01,2017-03-31,46,State,West Virginia,952,12.03,148250,5.89,103,-15,1154,7.72,6206,-4.54,991,10.97,93.44,3.35
2026-09-03,Monthly,2017-03-01,2017-03-31,48,State,Wisconsin,6722,3.1,163000,5.16,78,-15,7971,2.35,36563,-10.65,8164,-0.42,106.22,7.36
2026-09-03,Monthly,2017-03-01,2017-03-31,50,State,Wyoming,658,16.85,214900,4.65,112,19,808,-1.22,4777,1.08,658,15.3,110.66,2.44
2026-09-03,Monthly,2017-02-01,2017-02-28,1,State,Alabama,4473,15.35,158220,5.28,105,-5,5532,15.85,28304,1.64,4775,15.4,94.88,4.14
2026-09-03,Monthly,2017-02-01,2017-02-28,3,State,Alaska,717,-1.29,270000,-1.82,96,5,901,-15.05,4669,-6.62,695,-6.97,162.26,0.13
2026-09-03,Monthly,2017-02-01,2017-02-28,5,State,Arizona,10464,13.46,225000,8.64,54,-5,12021,0.83,45320,-5.9,12301,-0.23,138.28,6.19
2026-09-03,Monthly,2017-02-01,2017-02-28,7,State,Arkansas,2701,10.28,147000,8.74,77,-12,3405,7.67,15382,-1.11,2945,8.17,90.71,1.96
2026-09-03,Monthly,2017-02-01,2017-02-28,9,State,California,31158,5.9,430000,7.5,41,1,35493,-6.54,114339,-4.75,35589,-6.46,291.37,6.26
2026-09-03,Monthly,2017-02-01,2017-02-28,11,State,Colorado,7969,10.41,332000,7.1,35,-8,9494,11.18,29705,-2.94,9093,7.36,166.13,9.5
2026-09-03,Monthly,2017-02-01,2017-02-28,17,State,Columbia,777,22.24,512450,-5.54,21,-3,1052,21.84,2663,7.25,845,2.24,471.42,4.18
2026-09-03,Monthly,2017-02-01,2017-02-28,13,State,Connecticut,3937,3.24,205000,2.5,91,-11,5606,6.36,27633,-11.44,3380,-8.36,145.49,2.67
2026-09-03,Monthly,2017-02-01,2017-02-28,15,State,Delaware,1261,19.81,210000,2.05,86,-2,1634,15.2,7994,-1.11,1330,27.01,130.08,1.44
2026-09-03,Monthly,2017-02-01,2017-02-28,19,State,Florida,33895,6.78,200000,11.11,65,-7,42923,-1.1,194654,-3.92,40986,0.74,138.27,6.49
2026-09-03,Monthly,2017-02-01,2017-02-28,21,State,Georgia,12737,8.05,188500,7.71,66,-7,16509,3.06,71551,-3.05,15818,2.69,100.07,6.39
2026-09-03,Monthly,2017-02-01,2017-02-28,25,State,Hawaii,1303,9.45,494813,4.17,77,-11,1510,-0.14,7293,-8.29,1523,11.36,486.28,5.1
2026-09-03,Monthly,2017-02-01,2017-02-28,27,State,Idaho,2320,-3.1,208127,12.35,74,-11,2386,-9.15,11962,-7.77,1192,7.97,127.53,10.58
2026-09-03,Monthly,2017-02-01,2017-02-28,29,State,Illinois,13575,3.57,171000,6.88,63,-2,18122,6.01,74743,-1.52,17374,13.44,123.5,6.61
2026-09-03,Monthly,2017-02-01,2017-02-28,31,State,Indiana,7530,3.01,129950,6.52,71,-15,8818,8.43,37564,-13.18,8183,5.76,81.6,6.79
2026-09-03,Monthly,2017-02-01,2017-02-28,33,State,Iowa,3288,9.68,135000,0,88,-6,4021,22.32,18050,-4.2,3242,13.11,104.87,3.2
2026-09-03,Monthly,2017-02-01,2017-02-28,35,State,Kansas,2680,-0.5,155000,6.9,62,-15,3617,11.35,13710,-6.64,3085,1.95,90.57,5.75
2026-09-03,Monthly,2017-02-01,2017-02-28,37,State,Kentucky,4012,5.49,142000,6.21,58,-12,5074,14.2,19439,-3.49,4530,9.36,95.5,5.16
2026-09-03,Monthly,2017-02-01,2017-02-28,39,State,Louisiana,3311,4.31,174900,2.28,84,-8,3709,-0.71,18628,-2.61,3441,5.33,104.4,-0.44
2026-09-03,Monthly,2017-02-01,2017-02-28,41,State,Maine,1662,4.96,182250,10.45,64,-28,2123,-10.56,10927,-18.67,2085,2.77,128.84,5.45
2026-09-03,Monthly,2017-02-01,2017-02-28,43,State,Maryland,7516,8.61,250000,6.38,45,-10,9667,14.98,34373,-7.23,8232,-4.21,160.13,3.39
2026-09-03,Monthly,2017-02-01,2017-02-28,45,State,Massachusetts,6928,0.12,329000,7.87,31,-10,8352,3.65,28488,-13.39,8170,-3.83,218.45,6.33
2026-09-03,Monthly,2017-02-01,2017-02-28,47,State,Michigan,12285,1.86,132894,7.52,48,-20,14458,-1.62,55585,-14.81,13270,1.51,95.89,7.81
2026-09-03,Monthly,2017-02-01,2017-02-28,49,State,Minnesota,7240,4.61,199000,7.64,47,-11,8448,2.59,23047,-12.12,8307,5.69,122.83,6.26
2026-09-03,Monthly,2017-02-01,2017-02-28,51,State,Mississippi,1797,9.8,150000,7.53,103,-12,2337,8.92,12173,-4.57,1758,12.21,88.65,1.75
2026-09-03,Monthly,2017-02-01,2017-02-28,2,State,Missouri,7163,5.61,145000,7.41,64,-17,9211,14.85,34586,-8.41,8494,3.3,95.37,6.27
2026-09-03,Monthly,2017-02-01,2017-02-28,4,State,Montana,1069,3.78,243000,3.4,100,4,1452,0.14,7323,-5.18,1073,2.65,136.5,6.02
2026-09-03,Monthly,2017-02-01,2017-02-28,6,State,Nebraska,1721,-3.97,155000,1.31,44,-12,2105,3.98,6705,-12.07,1912,-1.73,95.17,7.04
2026-09-03,Monthly,2017-02-01,2017-02-28,8,State,Nevada,4380,14.46,230000,6.98,63,-10,5167,-5.21,20567,-10.94,5454,4.62,140.25,7.72
2026-09-03,Monthly,2017-02-01,2017-02-28,10,State,New Hampshire,1939,4.58,225500,7.38,80,-12,2276,-5.35,10705,-16.41,2265,-11.72,142.71,6.41
2026-09-03,Monthly,2017-02-01,2017-02-28,12,State,New Jersey,10128,14.94,250000,1.01,95,-16,13726,8.25,66896,-9.02,12005,-5.68,170.01,3.54
2026-09-03,Monthly,2017-02-01,2017-02-28,14,State,New Mexico,1818,13.09,180000,4.65,76,-28,2405,11.13,10623,-5.68,3101,61.53,115.86,3.86
2026-09-03,Monthly,2017-02-01,2017-02-28,16,State,New York,13274,6.37,280000,7.69,100,-10,16692,0.38,88877,-12.31,15545,18.38,148.96,1.81
2026-09-03,Monthly,2017-02-01,2017-02-28,18,State,North Carolina,12141,11.93,194635,9.35,79,-11,14875,13.98,67908,-2.24,13908,13.99,112.21,5.26
2026-09-03,Monthly,2017-02-01,2017-02-28,20,State,North Dakota,597,2.21,210000,3.99,99,10,711,14.42,3390,6.79,553,1.04,105.61,-2.29
2026-09-03,Monthly,2017-02-01,2017-02-28,22,State,Ohio,12462,5.82,125000,8.7,65,-12,15217,2.85,61953,-12.27,15501,1.84,90,6.89
2026-09-03,Monthly,2017-02-01,2017-02-28,23,State,Oklahoma,3630,8.64,147000,4.26,70,-2,4916,5.79,20532,2.73,4261,9.16,93.15,3.24
2026-09-03,Monthly,2017-02-01,2017-02-28,24,State,Oregon,5016,-7.76,299900,11.9,43,3,6011,-4.51,20073,-6.77,6093,-0.44,185.53,10.62
2026-09-03,Monthly,2017-02-01,2017-02-28,26,State,Pennsylvania,12304,6.37,155000,4.06,76,-14,14902,4.3,72434,-8.34,13265,7.38,113.09,4.86
2026-09-03,Monthly,2017-02-01,2017-02-28,28,State,Rhode Island,1254,9.37,218000,6.6,62,-5,1531,5.75,6267,-11.13,1548,-0.21,149.68,7.59
2026-09-03,Monthly,2017-02-01,2017-02-28,30,State,South Carolina,6475,12.86,192000,7.26,88,-10,8003,7.17,39785,-1.33,6357,6.66,111.7,7.13
2026-09-03,Monthly,2017-02-01,2017-02-28,32,State,South Dakota,724,-7.3,179700,5.82,85,2,881,0.15,3825,-5.22,758,-2.4,106.6,3.48
2026-09-03,Monthly,2017-02-01,2017-02-28,34,State,Tennessee,8578,11.17,183500,8.9,66,-10,9971,5.63,42021,-3.72,10005,4.33,109.66,7.35
2026-09-03,Monthly,2017-02-01,2017-02-28,36,State,Texas,26280,6.85,215470,9.1,43,0,32650,5.35,119071,2.82,31204,1.76,112.27,5.91
2026-09-03,Monthly,2017-02-01,2017-02-28,38,State,Utah,3683,10.29,251000,6.81,28,-43,4285,-4.61,14330,-25.24,4977,76.13,121.54,10.01
2026-09-03,Monthly,2017-02-01,2017-02-28,40,State,Vermont,657,-0.47,210550,16.25,128,-11,974,-4.96,6257,-16.05,888,-2.74,133.76,3.24
2026-09-03,Monthly,2017-02-01,2017-02-28,42,State,Virginia,9886,9.65,262500,5.42,53,-14,13204,16.63,48886,-3.45,10806,11.42,143.1,2.99
2026-09-03,Monthly,2017-02-01,2017-02-28,44,State,Washington,10155,8.41,323500,11.59,25,-7,10487,-2.48,30868,-10.47,11340,-15.48,185.95,9.6
2026-09-03,Monthly,2017-02-01,2017-02-28,46,State,West Virginia,862,0.46,139000,1.79,100,-13,1216,27.1,6205,-6.28,899,0.43,93.37,3.5
2026-09-03,Monthly,2017-02-01,2017-02-28,48,State,Wisconsin,6620,2.27,153000,5.48,79,-11,8291,8.26,36619,-11.59,8532,42.67,105.41,5.61
2026-09-03,Monthly,2017-02-01,2017-02-28,50,State,Wyoming,623,14.68,214450,7.76,106,6,786,-4.01,4816,5.15,642,15.27,107.59,0.89
2026-09-03,Monthly,2017-01-01,2017-01-31,1,State,Alabama,4593,14.4,162000,8,103,-6,5140,3.64,28029,0.4,4797,12.47,93.49,2.87
2026-09-03,Monthly,2017-01-01,2017-01-31,3,State,Alaska,761,-1.89,259900,1.13,89,-11,969,-7.74,4731,-5.18,733,-2.61,162.48,-0.84
2026-09-03,Monthly,2017-01-01,2017-01-31,5,State,Arizona,10673,10.56,220000,6.28,56,-2,11922,0.18,45684,-3.41,12468,9.15,137.52,6.08
2026-09-03,Monthly,2017-01-01,2017-01-31,7,State,Arkansas,2742,5.69,142000,2.9,77,-11,3227,8.92,15126,-2.09,2929,5.61,91.16,0.97
2026-09-03,Monthly,2017-01-01,2017-01-31,9,State,California,32719,2.66,425000,4.94,41,3,36378,-3.48,115916,-2.42,35895,-3.01,294.68,7.51
2026-09-03,Monthly,2017-01-01,2017-01-31,11,State,Colorado,8832,10.47,325870,8.62,34,-12,8953,1.67,29673,-4.29,8952,2.77,167.45,10.44
2026-09-03,Monthly,2017-01-01,2017-01-31,17,State,Columbia,816,17.11,539958,8.21,20,-1,962,8.02,2543,5.05,851,10.29,492.56,8.28
2026-09-03,Monthly,2017-01-01,2017-01-31,13,State,Connecticut,4172,10.76,210000,2.44,97,-3,5480,-0.36,27562,-12.25,4324,15.22,142.22,-0.53
2026-09-03,Monthly,2017-01-01,2017-01-31,15,State,Delaware,1224,14.26,214900,2.33,87,0,1601,7.6,8014,-1.57,1305,19.36,127.16,-2.26
2026-09-03,Monthly,2017-01-01,2017-01-31,19,State,Florida,35386,3.14,195000,8.39,63,-9,43428,0.18,196069,-2.25,41137,0.1,138.09,7.26
2026-09-03,Monthly,2017-01-01,2017-01-31,21,State,Georgia,12873,7.09,184900,8.76,66,-7,16584,2.26,71273,-3.67,15313,-0.93,99.27,5.61
2026-09-03,Monthly,2017-01-01,2017-01-31,25,State,Hawaii,1354,9.23,525000,14.13,79,-7,1493,-4.25,7368,-7.16,1598,16.23,479.89,7.86
2026-09-03,Monthly,2017-01-01,2017-01-31,27,State,Idaho,2559,5.46,201529,9.53,69,-20,2180,-13.51,12035,-6.84,1253,10.53,125.88,9.32
2026-09-03,Monthly,2017-01-01,2017-01-31,29,State,Illinois,14042,2.72,172500,5.83,60,-5,17352,0.97,73130,-4.56,16183,6.67,123.15,6.04
2026-09-03,Monthly,2017-01-01,2017-01-31,31,State,Indiana,7681,4.23,128900,7.42,72,-11,8144,0.46,37238,-15.4,8275,6.52,80.01,4
2026-09-03,Monthly,2017-01-01,2017-01-31,33,State,Iowa,3313,5.53,142503,5.56,85,-12,3624,10.38,17638,-7.39,3230,3.48,104.63,4.91
2026-09-03,Monthly,2017-01-01,2017-01-31,35,State,Kansas,2815,4.45,158750,7.99,63,-14,3304,6.92,13429,-9.21,2968,-5.28,90.19,4.98
2026-09-03,Monthly,2017-01-01,2017-01-31,37,State,Kentucky,4056,10.31,143600,2.64,58,-13,4881,11.99,19395,-4.6,4626,12.57,94.77,4.21
2026-09-03,Monthly,2017-01-01,2017-01-31,39,State,Louisiana,3628,10.17,169000,0.63,84,-7,3844,5.66,18834,-1.17,3614,9.04,106.57,1.13
2026-09-03,Monthly,2017-01-01,2017-01-31,41,State,Maine,1715,5.01,194250,9.75,63,-48,2264,-2.58,11000,-23.98,2062,-39.07,125.52,2.15
2026-09-03,Monthly,2017-01-01,2017-01-31,43,State,Maryland,7469,4.01,255000,6.69,46,-7,9196,12.83,34269,-9.03,8078,-4.73,161.72,5.83
2026-09-03,Monthly,2017-01-01,2017-01-31,45,State,Massachusetts,7265,3.15,351000,8,31,-9,9104,1.45,29040,-13.01,8254,-3.56,218.1,4.71
2026-09-03,Monthly,2017-01-01,2017-01-31,47,State,Michigan,12275,-1.44,136000,11.48,47,-24,14315,-3.93,55267,-21.7,13302,-11.98,93.85,6.13
2026-09-03,Monthly,2017-01-01,2017-01-31,49,State,Minnesota,7338,0.12,199900,5.49,50,-6,8170,-0.09,21370,-10.92,8122,2.62,122.62,6.58
2026-09-03,Monthly,2017-01-01,2017-01-31,51,State,Mississippi,1784,4.23,140200,3.85,95,-16,2278,8.25,12129,-5.15,1735,3.76,89.93,5.02
2026-09-03,Monthly,2017-01-01,2017-01-31,2,State,Missouri,7193,4.63,145000,7.41,64,-20,7903,-0.03,34103,-10.66,7909,-5.81,93.52,2.9
2026-09-03,Monthly,2017-01-01,2017-01-31,4,State,Montana,1154,3.15,250000,8.74,94,-3,1308,-6.95,7296,-5.48,1157,3.84,138.44,5.14
2026-09-03,Monthly,2017-01-01,2017-01-31,6,State,Nebraska,1884,4.68,155500,0.32,47,-2,1984,-5.19,6753,-11.32,1895,0.2,96.16,9
2026-09-03,Monthly,2017-01-01,2017-01-31,8,State,Nevada,4472,6.85,230000,9.52,63,-10,5210,-4.7,20452,-9.17,5365,4.36,138.76,7.63
2026-09-03,Monthly,2017-01-01,2017-01-31,10,State,New Hampshire,1966,2.15,234550,9.07,80,-14,2311,-2.71,11090,-16.98,2650,3.2,142,5.58
2026-09-03,Monthly,2017-01-01,2017-01-31,12,State,New Jersey,10105,11.06,262000,-1.13,98,-11,13342,8.68,66942,-8.86,11752,-5.69,166.62,2.09
2026-09-03,Monthly,2017-01-01,2017-01-31,14,State,New Mexico,1927,10.93,182500,4.29,75,-29,2401,19.83,10670,-4.58,3107,62.13,113.87,1.99
2026-09-03,Monthly,2017-01-01,2017-01-31,16,State,New York,13260,8.34,290000,9.43,104,-11,16377,-3.19,89096,-12.66,14989,16.09,149.49,3.14
2026-09-03,Monthly,2017-01-01,2017-01-31,18,State,North Carolina,12461,13.99,190000,5.56,79,-13,14125,8.09,67541,-3.81,13497,11.5,111.35,4.77
2026-09-03,Monthly,2017-01-01,2017-01-31,20,State,North Dakota,625,6.85,215000,4.22,95,5,673,-1.18,3352,5.4,576,5.31,110.29,0.76
2026-09-03,Monthly,2017-01-01,2017-01-31,22,State,Ohio,12723,1.93,124000,7.83,66,-9,14789,-1.37,62021,-13.01,15389,2.14,89.03,5.34
2026-09-03,Monthly,2017-01-01,2017-01-31,23,State,Oklahoma,3660,2.21,145000,1.4,68,-2,4804,7.91,20256,1.45,4143,3.43,91.88,2.94
2026-09-03,Monthly,2017-01-01,2017-01-31,24,State,Oregon,6117,1.7,294000,10.11,39,-2,5352,-15.68,20028,-7.53,5656,-8.99,183.12,9.6
2026-09-03,Monthly,2017-01-01,2017-01-31,26,State,Pennsylvania,12245,2.1,160000,3.23,79,-11,14776,2.89,71932,-10.08,13013,4.7,111.54,2.99
2026-09-03,Monthly,2017-01-01,2017-01-31,28,State,Rhode Island,1303,15.22,215000,4.37,63,-10,1549,-1.19,6308,-11.59,1447,0.63,147.64,8.06
2026-09-03,Monthly,2017-01-01,2017-01-31,30,State,South Carolina,6364,0.72,187500,4.17,91,-10,7879,4.4,39478,-3.01,6377,5.44,109.63,4.52
2026-09-03,Monthly,2017-01-01,2017-01-31,32,State,South Dakota,835,14.09,180000,2.92,78,-5,862,-3.85,3802,-3.66,831,13.84,104.89,0.24
2026-09-03,Monthly,2017-01-01,2017-01-31,34,State,Tennessee,8840,9.44,178950,8.13,66,-10,9622,7.93,40791,-5.18,9940,2.37,110.4,8.8
2026-09-03,Monthly,2017-01-01,2017-01-31,36,State,Texas,26499,2.7,205000,7.89,43,0,32510,3.78,117928,2.91,31313,2.19,111.6,5.42
2026-09-03,Monthly,2017-01-01,2017-01-31,38,State,Utah,3897,2.64,250600,10.38,29,-40,4296,-3.45,14797,-21.69,4966,35.9,121.01,8.67
2026-09-03,Monthly,2017-01-01,2017-01-31,40,State,Vermont,710,-13.56,213450,7.26,131,-4,945,-12.36,6375,-16.03,862,-2.89,136.7,5.53
2026-09-03,Monthly,2017-01-01,2017-01-31,42,State,Virginia,9920,10.49,257102,2.84,53,-12,12203,12.87,48108,-6.04,10414,7.05,142.47,3.28
2026-09-03,Monthly,2017-01-01,2017-01-31,44,State,Washington,11567,17.54,313870,11.6,25,-6,10632,-2.95,31517,-8.02,11315,-16.01,186.52,10.27
2026-09-03,Monthly,2017-01-01,2017-01-31,46,State,West Virginia,919,0.79,139900,2.3,104,-8,1142,10.94,6062,-11.23,930,0.44,93.18,4.19
2026-09-03,Monthly,2017-01-01,2017-01-31,48,State,Wisconsin,6757,1.91,157000,6.37,79,-13,7410,-7.37,36435,-14.01,7700,18.79,104.07,3.91
2026-09-03,Monthly,2017-01-01,2017-01-31,50,State,Wyoming,660,20.5,220000,0,104,7,746,-3.41,4866,10.52,670,19.79,108.37,0.77
2026-09-03,Monthly,2016-12-01,2016-12-31,1,State,Alabama,4447,16.94,165000,5.77,103,-7,5091,9.55,28014,1.04,4672,17.32,93.54,2.03
2026-09-03,Monthly,2016-12-01,2016-12-31,3,State,Alaska,740,-1.46,278000,5.02,99,11,910,-20.29,4818,-1.99,741,-2.08,162.78,1.91
2026-09-03,Monthly,2016-12-01,2016-12-31,5,State,Arizona,10340,9.04,222000,5.71,55,-3,12037,3.99,46343,-0.63,12486,7.36,137.19,6.99
2026-09-03,Monthly,2016-12-01,2016-12-31,7,State,Arkansas,2781,10.5,147000,8.09,80,-11,3291,11.77,15093,-2.4,2921,11.39,91.89,5.93
2026-09-03,Monthly,2016-12-01,2016-12-31,9,State,California,31945,0.67,434000,4.58,41,3,36139,-2.27,117833,-0.29,36194,-2.24,291.79,6.3
2026-09-03,Monthly,2016-12-01,2016-12-31,11,State,Colorado,8470,3.66,330000,10,36,-9,9226,11.59,29976,-5.04,9143,4.88,166.88,10.79
2026-09-03,Monthly,2016-12-01,2016-12-31,17,State,Columbia,707,-3.96,550000,7.96,18,-3,1006,8.79,2463,2.8,794,-11.01,481.11,6.36
2026-09-03,Monthly,2016-12-01,2016-12-31,13,State,Connecticut,3905,4.72,222725,3.59,94,-5,5541,1.2,27654,-11.35,4243,13.92,139,-1.93
2026-09-03,Monthly,2016-12-01,2016-12-31,15,State,Delaware,1269,22.68,225000,0,82,-7,1468,4.56,8017,-1.74,1324,18.03,125.33,0.78
2026-09-03,Monthly,2016-12-01,2016-12-31,19,State,Florida,33766,-2.06,205000,12.02,66,-5,42704,-0.38,196571,-1.42,39784,-3.5,137.83,7.88
2026-09-03,Monthly,2016-12-01,2016-12-31,21,State,Georgia,12696,7.09,191900,7.33,65,-8,15903,1.71,71643,-3.29,15033,0.61,99.24,5.12
2026-09-03,Monthly,2016-12-01,2016-12-31,25,State,Hawaii,1423,17.47,500000,6.84,79,-19,1483,-5.19,7499,-3.86,1443,11.58,494.57,9.54
2026-09-03,Monthly,2016-12-01,2016-12-31,27,State,Idaho,2776,9.24,205000,8.18,77,-4,2532,4.84,12411,-3.89,1456,17.3,126.22,8.97
2026-09-03,Monthly,2016-12-01,2016-12-31,29,State,Illinois,13481,0.36,174100,5.52,59,-7,16382,-3.05,72682,-5,15591,-2.7,122.11,7.23
2026-09-03,Monthly,2016-12-01,2016-12-31,31,State,Indiana,7618,4.34,135000,6.3,71,-14,7654,-4.04,37559,-14.73,8088,4.81,81.03,7.11
2026-09-03,Monthly,2016-12-01,2016-12-31,33,State,Iowa,3279,8.33,144875,2.75,86,-12,3479,5.23,17621,-7.64,3258,11.12,106.14,4.36
2026-09-03,Monthly,2016-12-01,2016-12-31,35,State,Kansas,2778,1.75,168630,7.41,62,-18,3054,-4.55,13269,-11.6,2795,-6.02,89.81,2.66
2026-09-03,Monthly,2016-12-01,2016-12-31,37,State,Kentucky,4057,7.94,147400,3.8,59,-13,4630,5.57,19118,-6.38,4248,9.59,94.78,4.6
2026-09-03,Monthly,2016-12-01,2016-12-31,39,State,Louisiana,3363,5.71,174500,-2.67,86,-12,3716,0.52,18751,-0.46,3416,9.89,106.45,0.38
2026-09-03,Monthly,2016-12-01,2016-12-31,41,State,Maine,1712,5.94,190000,3.12,67,-42,2152,-4.41,10888,-25.97,1864,-5.59,123.34,0.91
2026-09-03,Monthly,2016-12-01,2016-12-31,43,State,Maryland,7383,3.81,260000,2.77,46,-6,8930,-0.98,34063,-12.2,8099,-6.07,156.94,1.95
2026-09-03,Monthly,2016-12-01,2016-12-31,45,State,Massachusetts,6977,1.12,350000,3.55,31,-9,8491,-2.94,28224,-14.73,8225,-6.07,217.13,5.03
2026-09-03,Monthly,2016-12-01,2016-12-31,47,State,Michigan,12350,1.08,144700,14.39,47,-27,14279,-4.53,55451,-22.4,12971,-2.43,95.08,11.3
2026-09-03,Monthly,2016-12-01,2016-12-31,49,State,Minnesota,7279,1.49,204900,7.9,50,-9,7932,-3.9,23026,-12.41,7560,-1.33,121.3,5.98
2026-09-03,Monthly,2016-12-01,2016-12-31,51,State,Mississippi,1775,8.81,149900,4.1,101,-6,2035,-7.97,12092,-5.63,1719,9.15,91.3,6.98
2026-09-03,Monthly,2016-12-01,2016-12-31,2,State,Missouri,7192,6.26,149900,3.45,65,-18,8000,1.47,34385,-11.89,7668,-9.02,95.3,5.47
2026-09-03,Monthly,2016-12-01,2016-12-31,4,State,Montana,1139,7.39,247700,6.33,96,-4,1199,-6.71,7356,-4.99,1141,8.48,132.03,-0.85
2026-09-03,Monthly,2016-12-01,2016-12-31,6,State,Nebraska,1963,6.21,160000,1.27,50,-6,1874,-5.24,6856,-9.02,1914,9.92,94.51,8.06
2026-09-03,Monthly,2016-12-01,2016-12-31,8,State,Nevada,4607,8.92,226000,6.6,67,-6,4913,-3.04,20809,-6.75,5416,7.22,136.91,6.2
2026-09-03,Monthly,2016-12-01,2016-12-31,10,State,New Hampshire,1808,-4.08,235000,4.91,81,-13,2259,-6.8,11149,-18.58,2257,-5.75,141.75,5.12
2026-09-03,Monthly,2016-12-01,2016-12-31,12,State,New Jersey,9676,13.27,272000,1.87,99,-11,13603,10.32,66679,-8.98,11187,13.33,165.28,1.69
2026-09-03,Monthly,2016-12-01,2016-12-31,14,State,New Mexico,1888,10.44,188225,4.57,79,-27,2204,7.11,10535,-8.22,3056,60.68,114.69,2.66
2026-09-03,Monthly,2016-12-01,2016-12-31,16,State,New York,12845,7.91,266000,0.38,106,-10,16517,-1.65,89989,-12.3,14349,13.29,149.61,4.02
2026-09-03,Monthly,2016-12-01,2016-12-31,18,State,North Carolina,12071,10.75,200230,6.22,81,-10,13737,7.16,67649,-4.26,13583,12.33,111.64,5.56
2026-09-03,Monthly,2016-12-01,2016-12-31,20,State,North Dakota,623,6.53,222150,3.37,100,15,651,-2.46,3369,7.21,572,7.75,111.22,4.49
2026-09-03,Monthly,2016-12-01,2016-12-31,22,State,Ohio,12487,3.56,129000,5.74,67,-11,13994,-3.46,62246,-12.87,15234,4.51,88.41,5.94
2026-09-03,Monthly,2016-12-01,2016-12-31,23,State,Oklahoma,3747,6.68,153585,6.66,66,2,4551,-0.28,19931,0.95,3951,5.88,93.44,6.32
2026-09-03,Monthly,2016-12-01,2016-12-31,24,State,Oregon,5856,1.63,302500,11.21,38,-1,5767,-5.69,20530,-5.37,5884,-5.29,182.65,8.47
2026-09-03,Monthly,2016-12-01,2016-12-31,26,State,Pennsylvania,12154,4.68,167000,4.37,80,-10,14438,-0.61,71669,-13.05,12994,7.1,111.24,4.65
2026-09-03,Monthly,2016-12-01,2016-12-31,28,State,Rhode Island,1216,7.44,227500,5.86,66,-7,1492,-6.94,6295,-12.17,1425,2.86,143.28,1.2
2026-09-03,Monthly,2016-12-01,2016-12-31,30,State,South Carolina,6279,9.23,196990,5.91,90,-13,7769,4.86,39481,-2.62,6241,11.14,109.33,4.25
2026-09-03,Monthly,2016-12-01,2016-12-31,32,State,South Dakota,777,0.14,177000,4.73,81,-6,782,-8.81,3835,-2.08,774,1.21,106.54,2.59
2026-09-03,Monthly,2016-12-01,2016-12-31,34,State,Tennessee,8513,7.57,185000,6.32,66,-9,9490,3.5,41630,-4.55,9814,1.86,110.09,8.93
2026-09-03,Monthly,2016-12-01,2016-12-31,36,State,Texas,25998,3.57,219709,7.7,42,0,31924,3.7,116694,3.38,30761,0.66,110.89,5.23
2026-09-03,Monthly,2016-12-01,2016-12-31,38,State,Utah,3989,5.68,250000,7.76,29,-43,4577,7.11,14802,-23.95,4641,-0.16,119.41,8.15
2026-09-03,Monthly,2016-12-01,2016-12-31,40,State,Vermont,659,3.99,220000,5.01,127,-6,936,-13.35,6451,-15.25,762,-2.53,139.9,11.21
2026-09-03,Monthly,2016-12-01,2016-12-31,42,State,Virginia,9772,8.31,269900,1.09,56,-6,11609,3.16,48020,-7.6,10564,5.64,142.47,3
2026-09-03,Monthly,2016-12-01,2016-12-31,44,State,Washington,10495,8.3,317000,8.38,26,-7,11059,8.12,32138,-5.93,11221,-21.4,182.58,7.62
2026-09-03,Monthly,2016-12-01,2016-12-31,46,State,West Virginia,888,-3.56,150000,7.53,108,2,1106,-6.15,6040,-12.47,933,-5.5,93.43,4.61
2026-09-03,Monthly,2016-12-01,2016-12-31,48,State,Wisconsin,6710,3.05,160000,6.74,80,-13,7075,-6.78,36830,-13.27,7123,1.09,102.66,4.83
2026-09-03,Monthly,2016-12-01,2016-12-31,50,State,Wyoming,712,28.2,205250,-2.22,106,13,780,16.68,4984,16.95,704,25.93,106.72,0.91
2026-09-03,Monthly,2016-11-01,2016-11-30,1,State,Alabama,4351,19.36,163750,5.99,106,-2,5000,7.35,28037,1.7,4531,16.84,93.82,3.1
2026-09-03,Monthly,2016-11-01,2016-11-30,3,State,Alaska,781,17.44,281950,12.78,98,6,1007,2.85,4937,4.02,804,17.87,160.04,-0.5
2026-09-03,Monthly,2016-11-01,2016-11-30,5,State,Arizona,10532,16.17,221840,8.21,56,-2,12012,3.14,46799,0.63,12398,7.62,135.68,5.99
2026-09-03,Monthly,2016-11-01,2016-11-30,7,State,Arkansas,2750,18.99,149000,6.5,80,-12,3228,6.63,15006,-2.5,2831,11.33,92.04,6.1
2026-09-03,Monthly,2016-11-01,2016-11-30,9,State,California,32556,17.54,440000,4.76,40,0,36735,-2.42,120287,0.17,36496,-4.11,290.1,5.55
2026-09-03,Monthly,2016-11-01,2016-11-30,11,State,Colorado,8623,22.05,327000,9,39,-4,9437,5.99,30516,-5.48,9364,-4.39,163.88,9.02
2026-09-03,Monthly,2016-11-01,2016-11-30,17,State,Columbia,769,-0.65,550000,2.8,20,0,1009,14.24,2371,-1.84,789,-11.34,474.58,1.2
2026-09-03,Monthly,2016-11-01,2016-11-30,13,State,Connecticut,3926,9.61,220000,4.81,96,-1,5173,-6.35,27494,-12.28,4186,15.82,143.93,2.62
2026-09-03,Monthly,2016-11-01,2016-11-30,15,State,Delaware,1166,16.79,220000,2.33,88,2,1479,-1.45,8082,-1.56,1265,17.04,127.24,-0.33
2026-09-03,Monthly,2016-11-01,2016-11-30,19,State,Florida,34211,6.78,200000,11.11,69,-2,43306,0.47,198044,-0.34,40194,-2.16,137.06,8.46
2026-09-03,Monthly,2016-11-01,2016-11-30,21,State,Georgia,12805,13.58,189000,6.78,65,-7,16620,4.83,72205,-2.98,15128,5.21,98.56,6.39
2026-09-03,Monthly,2016-11-01,2016-11-30,25,State,Hawaii,1408,29.68,537212,11.22,78,-6,1561,5.08,7643,0.24,1429,14.13,490.47,7.58
2026-09-03,Monthly,2016-11-01,2016-11-30,27,State,Idaho,2755,22.28,209900,10.47,78,-6,2542,-0.48,12604,-2.88,1392,23.31,124.8,9.78
2026-09-03,Monthly,2016-11-01,2016-11-30,29,State,Illinois,13472,12.67,176000,6.67,59,-6,16987,-1.66,72402,-5.75,15523,-0.77,121.27,5.66
2026-09-03,Monthly,2016-11-01,2016-11-30,31,State,Indiana,7544,19.09,134500,5.08,71,-13,8225,-0.57,37982,-13.57,8162,10.34,82.38,9.94
2026-09-03,Monthly,2016-11-01,2016-11-30,33,State,Iowa,3211,11.61,145000,2.93,88,-9,3668,6.93,17640,-7.01,3168,13.75,105.56,4.54
2026-09-03,Monthly,2016-11-01,2016-11-30,35,State,Kansas,2777,20.76,165000,6.45,64,-13,3279,4.04,13505,-9.44,3018,13.82,89.77,2.94
2026-09-03,Monthly,2016-11-01,2016-11-30,37,State,Kentucky,4021,23.53,148750,6.48,60,-13,4595,2.81,19250,-6.58,4228,9.72,95.04,6.58
2026-09-03,Monthly,2016-11-01,2016-11-30,39,State,Louisiana,3453,13.11,178000,1.84,85,-8,3701,6.52,18792,0.3,3505,10.94,106.19,0.28
2026-09-03,Monthly,2016-11-01,2016-11-30,41,State,Maine,1696,12.53,195000,8.33,73,-36,2070,-11.29,10908,-25.82,1910,-1.71,129.49,8.86
2026-09-03,Monthly,2016-11-01,2016-11-30,43,State,Maryland,7120,13.43,260000,4,47,-8,8771,-3.71,34226,-11.93,7938,-4.83,161.97,5.15
2026-09-03,Monthly,2016-11-01,2016-11-30,45,State,Massachusetts,7177,10.84,360000,6.51,31,-10,8389,-6.88,28086,-16.62,8260,-2.72,216.03,3.83
2026-09-03,Monthly,2016-11-01,2016-11-30,47,State,Michigan,12293,3.41,145000,16,48,-28,14288,-5.75,56421,-22.25,13214,5.18,94.68,11.25
2026-09-03,Monthly,2016-11-01,2016-11-30,49,State,Minnesota,7206,20.39,206000,8.42,49,-9,8160,-2.43,27701,-8.86,7757,5.09,120.58,6.03
2026-09-03,Monthly,2016-11-01,2016-11-30,51,State,Mississippi,1781,12.72,149900,5.56,97,-15,2077,0.86,12262,-3.4,1737,14.8,90.32,5.98
2026-09-03,Monthly,2016-11-01,2016-11-30,2,State,Missouri,7207,11.11,151500,8.29,65,-18,8102,2.25,34880,-11.76,7899,1.9,94.15,4.51
2026-09-03,Monthly,2016-11-01,2016-11-30,4,State,Montana,1193,20.92,248000,4.84,94,-8,1314,-5.32,7486,-3.24,1195,21.48,137.77,3.16
2026-09-03,Monthly,2016-11-01,2016-11-30,6,State,Nebraska,1998,22.52,165000,7.84,48,-7,1981,-0.59,6982,-7.36,1957,11.26,93.14,4.86
2026-09-03,Monthly,2016-11-01,2016-11-30,8,State,Nevada,4645,25.78,235000,9.3,67,-5,5082,2.66,21352,-3.81,5622,7.4,135.98,7.05
2026-09-03,Monthly,2016-11-01,2016-11-30,10,State,New Hampshire,1918,18.9,235000,6.82,85,-10,2234,-8.51,11260,-19.25,2296,-1.62,141.37,7.11
2026-09-03,Monthly,2016-11-01,2016-11-30,12,State,New Jersey,9751,20.45,270000,-1.1,101,-8,12671,0.36,66730,-8.85,11241,19.79,165.66,1.77
2026-09-03,Monthly,2016-11-01,2016-11-30,14,State,New Mexico,1869,17.1,189000,5,93,-8,2073,-4.51,11791,2.39,3508,109.03,114.75,3.29
2026-09-03,Monthly,2016-11-01,2016-11-30,16,State,New York,12796,7.79,265000,6,109,-9,16408,-4.19,90034,-13.5,13711,6.25,150.36,1.81
2026-09-03,Monthly,2016-11-01,2016-11-30,18,State,North Carolina,11932,22.9,197500,5.61,80,-11,13665,-0.75,67944,-4.01,13187,7.88,110.51,2.17
2026-09-03,Monthly,2016-11-01,2016-11-30,20,State,North Dakota,621,14.18,219129,3.02,93,6,670,-0.46,3391,9.98,566,10.19,107.86,0.19
2026-09-03,Monthly,2016-11-01,2016-11-30,22,State,Ohio,12228,13.12,132000,11.39,68,-10,14579,-2.33,62928,-12.53,15353,5.48,89.02,7.41
2026-09-03,Monthly,2016-11-01,2016-11-30,23,State,Oklahoma,3712,13.77,150000,2.87,57,-1,4637,2.51,20066,1.97,4100,9.52,92.08,1.65
2026-09-03,Monthly,2016-11-01,2016-11-30,24,State,Oregon,5809,10.67,300000,11.15,38,-3,5965,-7.27,21032,-4.74,6120,-3.89,183.71,11.8
2026-09-03,Monthly,2016-11-01,2016-11-30,26,State,Pennsylvania,12051,16.93,166000,5.06,84,-7,14459,-1.38,72183,-12.58,12961,11.13,111.57,5.04
2026-09-03,Monthly,2016-11-01,2016-11-30,28,State,Rhode Island,1270,18.86,230000,9.52,59,-10,1540,-2.39,6378,-10.86,1487,11.07,145.84,6.34
2026-09-03,Monthly,2016-11-01,2016-11-30,30,State,South Carolina,6295,14.03,193550,4.62,90,-12,7699,2.55,39490,-2.63,6212,9.06,108.46,4.76
2026-09-03,Monthly,2016-11-01,2016-11-30,32,State,South Dakota,770,7.47,180500,5.8,79,-9,882,1.31,3876,-0.8,768,2.36,105.85,4.62
2026-09-03,Monthly,2016-11-01,2016-11-30,34,State,Tennessee,8555,18.21,182500,8.63,69,-8,9754,8.94,41121,-5.74,9876,3.3,108.97,7.76
2026-09-03,Monthly,2016-11-01,2016-11-30,36,State,Texas,26191,17.89,216000,10.77,43,2,31988,3.3,116574,3.89,30946,2.9,110.68,5.76
2026-09-03,Monthly,2016-11-01,2016-11-30,38,State,Utah,3961,21.81,250000,6.27,26,-46,4617,4.85,14663,-25.55,4672,31.3,118.11,8.39
2026-09-03,Monthly,2016-11-01,2016-11-30,40,State,Vermont,713,18.95,210000,10.53,128,-3,874,-17.98,6519,-15.51,764,-6.42,130.93,6.1
2026-09-03,Monthly,2016-11-01,2016-11-30,42,State,Virginia,9777,12.08,267590,3.72,56,-9,11530,3.09,48030,-7.85,10426,7.87,142.43,3.57
2026-09-03,Monthly,2016-11-01,2016-11-30,44,State,Washington,10550,28.38,319700,10.24,26,-6,11101,7.69,32518,-5.8,11169,-15.22,182.44,9.61
2026-09-03,Monthly,2016-11-01,2016-11-30,46,State,West Virginia,968,20.18,146750,1.21,102,-9,1124,-1.88,6114,-9.85,986,8.04,93.57,4.96
2026-09-03,Monthly,2016-11-01,2016-11-30,48,State,Wisconsin,6667,19.39,160000,6.67,83,-10,7621,0.8,37411,-11.92,7568,19.71,104.14,5.64
2026-09-03,Monthly,2016-11-01,2016-11-30,50,State,Wyoming,618,13.44,211000,-4.09,103,12,756,5.57,4868,16.35,636,15.18,111.05,1.04
2026-09-03,Monthly,2016-10-01,2016-10-31,1,State,Alabama,4442,19.49,162000,6.24,105,-5,5111,8.43,28180,3.72,4530,8.69,93.96,4.26
2026-09-03,Monthly,2016-10-01,2016-10-31,3,State,Alaska,693,-5.96,275000,5.77,100,11,948,-7.93,4862,2.01,702,-6.17,161.64,0.15
2026-09-03,Monthly,2016-10-01,2016-10-31,5,State,Arizona,10406,11.71,224600,8.87,59,1,12057,4.14,47205,1.56,12556,8.38,134.18,5.4
2026-09-03,Monthly,2016-10-01,2016-10-31,7,State,Arkansas,2714,8.94,148313,5.94,85,-5,3153,3.88,14970,-2.7,2851,9.31,89.46,2.97
2026-09-03,Monthly,2016-10-01,2016-10-31,9,State,California,32498,6.36,440000,6.37,40,1,36465,-2.43,122857,2.04,37042,-1.92,287.75,6.15
2026-09-03,Monthly,2016-10-01,2016-10-31,11,State,Colorado,8579,7.4,327500,9.53,37,-6,9275,-1.13,30629,-6.03,9542,0.37,161.82,8.51
2026-09-03,Monthly,2016-10-01,2016-10-31,17,State,Columbia,732,4.24,540000,6.06,21,0,892,-3.24,2330,-4.92,810,-4.3,463.11,3.27
2026-09-03,Monthly,2016-10-01,2016-10-31,13,State,Connecticut,3945,7.2,220000,2.59,99,0,5112,-5.87,27765,-12.18,4037,10,142.43,0.56
2026-09-03,Monthly,2016-10-01,2016-10-31,15,State,Delaware,1209,8.12,235000,7.31,90,-1,1527,4.33,8147,-0.62,1238,9.81,130.57,0.74
2026-09-03,Monthly,2016-10-01,2016-10-31,19,State,Florida,34047,-0.85,198000,10,69,-3,41875,-2.75,199489,0.7,38690,-11.67,135.71,8.32
2026-09-03,Monthly,2016-10-01,2016-10-31,21,State,Georgia,12741,10.71,187900,7.37,66,-4,16129,3,72647,-3.03,15157,4.26,98.16,5.85
2026-09-03,Monthly,2016-10-01,2016-10-31,25,State,Hawaii,1226,1.17,525000,11.7,86,-2,1511,11.01,7570,-1.37,1381,8.48,476.19,4.87
2026-09-03,Monthly,2016-10-01,2016-10-31,27,State,Idaho,2750,14.43,210000,10.53,73,-13,2617,7.84,12869,-0.56,1441,23.19,123.53,8.42
2026-09-03,Monthly,2016-10-01,2016-10-31,29,State,Illinois,13680,2.34,179000,6.55,60,-5,16621,-3.73,72655,-5.38,15627,-0.3,120.75,4.78
2026-09-03,Monthly,2016-10-01,2016-10-31,31,State,Indiana,7601,6.53,135900,5.35,74,-11,8018,-3.03,38205,-12.97,7949,5.97,81.01,6.21
2026-09-03,Monthly,2016-10-01,2016-10-31,33,State,Iowa,3282,10.14,145000,6.23,90,-6,3560,2.49,17716,-5.63,3205,11.26,106.77,7.53
2026-09-03,Monthly,2016-10-01,2016-10-31,35,State,Kansas,2946,7.59,163750,4.3,68,-9,3288,5.65,13545,-9.59,3009,6.78,92.05,8.18
2026-09-03,Monthly,2016-10-01,2016-10-31,37,State,Kentucky,4009,8.2,152000,7.04,60,-11,4590,6.79,19523,-6.26,4374,12.56,94.05,4.19
2026-09-03,Monthly,2016-10-01,2016-10-31,39,State,Louisiana,3495,10.09,179000,4.07,89,-2,3783,9.58,19029,1.62,3478,8.74,105.89,3.35
2026-09-03,Monthly,2016-10-01,2016-10-31,41,State,Maine,1711,11.61,194500,3.46,73,-46,2101,-2.83,11057,-26.63,1877,-13.28,126.38,6.14
2026-09-03,Monthly,2016-10-01,2016-10-31,43,State,Maryland,7321,7.4,270000,8.87,47,-8,8429,-7.5,34401,-11.62,7821,-7.26,161.6,5.48
2026-09-03,Monthly,2016-10-01,2016-10-31,45,State,Massachusetts,6981,3.2,346800,5.09,33,-8,8335,-7.56,28531,-16.83,8205,-6.35,213.06,2.9
2026-09-03,Monthly,2016-10-01,2016-10-31,47,State,Michigan,12294,1.29,145500,11.92,50,-27,14295,-6.24,56957,-23.2,13198,3.47,92.82,11.16
2026-09-03,Monthly,2016-10-01,2016-10-31,49,State,Minnesota,7304,5.08,207000,8.95,52,-8,7970,-2.62,31662,-8.45,7643,4.78,119.49,5.5
2026-09-03,Monthly,2016-10-01,2016-10-31,51,State,Mississippi,1779,8.63,148900,4.16,101,-6,2200,5.33,12441,-1.84,1718,9.31,89.24,3.47
2026-09-03,Monthly,2016-10-01,2016-10-31,2,State,Missouri,7174,8.41,150750,3.97,67,-17,8000,-0.38,35175,-12.03,7828,-2.71,94.13,5.17
2026-09-03,Monthly,2016-10-01,2016-10-31,4,State,Montana,1131,2.97,249000,5.31,99,-2,1312,-0.34,7513,-3.05,1122,3.08,134.54,3.07
2026-09-03,Monthly,2016-10-01,2016-10-31,6,State,Nebraska,1941,9.97,165000,6.45,53,-1,1970,1.3,7086,-4.92,1956,11.13,92.3,3.09
2026-09-03,Monthly,2016-10-01,2016-10-31,8,State,Nevada,4448,11.97,230000,6.98,70,0,4989,1.22,21741,-1.7,5552,7.26,137.04,7.92
2026-09-03,Monthly,2016-10-01,2016-10-31,10,State,New Hampshire,1998,11.67,234917,5.48,85,-11,2228,-8.38,11503,-18.71,2298,1.35,140.09,5.95
2026-09-03,Monthly,2016-10-01,2016-10-31,12,State,New Jersey,9644,12.87,275000,2.23,104,-6,12013,-1.82,67263,-8.4,11161,17.77,164.97,0.33
2026-09-03,Monthly,2016-10-01,2016-10-31,14,State,New Mexico,1789,4.87,189900,2.65,99,-1,2102,-0.33,11855,3.48,1811,3.77,114.21,2.84
2026-09-03,Monthly,2016-10-01,2016-10-31,16,State,New York,12583,4.54,255000,2.41,112,-8,15911,-8.35,90464,-14.5,13535,2.31,149.39,0.42
2026-09-03,Monthly,2016-10-01,2016-10-31,18,State,North Carolina,11943,12.19,200000,9.29,81,-12,13745,7.8,68508,-2.54,13096,10.45,110.54,5.19
2026-09-03,Monthly,2016-10-01,2016-10-31,20,State,North Dakota,673,23.59,220000,5.26,97,9,653,-6.66,3462,15.35,600,18.62,105.51,-1.29
2026-09-03,Monthly,2016-10-01,2016-10-31,22,State,Ohio,12587,7.43,133500,9.23,70,-8,14216,-3.39,63487,-12.05,15239,4.91,88.34,7.56
2026-09-03,Monthly,2016-10-01,2016-10-31,23,State,Oklahoma,3885,12.39,150000,3.45,57,1,4563,1.28,20072,3.11,3978,7.42,91.5,1.57
2026-09-03,Monthly,2016-10-01,2016-10-31,24,State,Oregon,5679,2.18,299900,13.17,37,-4,6151,-1.39,21473,-3.64,6253,-3.51,181.51,10.85
2026-09-03,Monthly,2016-10-01,2016-10-31,26,State,Pennsylvania,12333,6.56,168200,5.13,83,-6,14485,0.15,73004,-11.74,12653,5.19,111.22,4.77
2026-09-03,Monthly,2016-10-01,2016-10-31,58,State,Puerto Rico,NA,NA,NA,NA,NA,NA,NA,NA,NA,NA,NA,NA,NA,NA
2026-09-03,Monthly,2016-10-01,2016-10-31,28,State,Rhode Island,1251,13.04,225550,5,61,-11,1437,-1.99,6408,-10.75,1452,4.16,147.76,10.76
2026-09-03,Monthly,2016-10-01,2016-10-31,30,State,South Carolina,6206,10.72,192000,6.67,91,-9,7469,3.18,39794,-1.53,5856,5.64,106.08,1.98
2026-09-03,Monthly,2016-10-01,2016-10-31,32,State,South Dakota,852,10.83,180000,3.45,84,-3,890,10.66,3947,1.52,824,8.35,108.26,6.77
2026-09-03,Monthly,2016-10-01,2016-10-31,34,State,Tennessee,8847,17.1,185000,8.82,70,-4,9694,5.3,42334,-3.88,9968,4.86,107.91,7.69
2026-09-03,Monthly,2016-10-01,2016-10-31,36,State,Texas,26411,7.89,210000,7.69,42,1,31887,4.1,116448,4.35,30794,1.26,110.46,6.19
2026-09-03,Monthly,2016-10-01,2016-10-31,38,State,Utah,3998,12.17,249900,8.65,29,-42,4468,1.65,14783,-25.39,4596,23.57,116.63,6.7
2026-09-03,Monthly,2016-10-01,2016-10-31,40,State,Vermont,655,3.79,214900,9.36,129,-11,889,-3.26,6607,-15.04,802,6.46,131.29,2.55
2026-09-03,Monthly,2016-10-01,2016-10-31,42,State,Virginia,9679,8.56,266850,4.65,56,-8,11251,1.83,48335,-7.17,10138,3.64,139.92,1.07
2026-09-03,Monthly,2016-10-01,2016-10-31,44,State,Washington,10530,13.11,320000,10.34,26,-8,10826,3.37,33191,-4.15,11585,-10.77,180.33,8.78
2026-09-03,Monthly,2016-10-01,2016-10-31,46,State,West Virginia,931,-0.5,152000,10.14,106,-2,1110,-3.39,6103,-9.3,942,-5.29,92.98,4.28
2026-09-03,Monthly,2016-10-01,2016-10-31,48,State,Wisconsin,6735,5.39,165000,6.45,82,-14,7413,-2.66,37791,-11.62,7902,18.56,102.48,4.12
2026-09-03,Monthly,2016-10-01,2016-10-31,50,State,Wyoming,654,6.39,219950,1.01,108,20,791,4.91,4818,16.69,651,6.37,108.63,-0.71
2026-09-03,Monthly,2016-09-01,2016-09-30,1,State,Alabama,4245,6.94,167000,7.74,109,4,5020,5.48,28187,5.3,4416,9.49,92.56,2.75
2026-09-03,Monthly,2016-09-01,2016-09-30,3,State,Alaska,693,-11.28,279450,5.47,105,12,974,2.27,4813,0.46,706,-10.7,162.07,0.97
2026-09-03,Monthly,2016-09-01,2016-09-30,5,State,Arizona,10154,7.93,225000,8.38,60,3,11913,2.7,47309,1.68,12520,8.15,134.47,5.89
2026-09-03,Monthly,2016-09-01,2016-09-30,7,State,Arkansas,2657,6.32,145000,5.61,81,-13,2994,-0.35,14904,-3.22,2821,8.65,90.43,5.56
2026-09-03,Monthly,2016-09-01,2016-09-30,9,State,California,32070,1.52,440000,6.54,40,2,37882,2.71,126316,3.91,38198,1.4,284.73,4.39
2026-09-03,Monthly,2016-09-01,2016-09-30,11,State,Colorado,8374,1.26,325000,10.17,39,-5,9207,-2.63,30855,-6.04,9558,-1.67,160.61,9.19
2026-09-03,Monthly,2016-09-01,2016-09-30,17,State,Columbia,820,9.03,529500,3.12,22,2,839,-3.18,2350,-2.36,778,-16.03,453.8,0.79
2026-09-03,Monthly,2016-09-01,2016-09-30,13,State,Connecticut,3868,2.59,229000,1.78,98,0,5101,-7.82,28046,-11.39,3974,7.5,142.32,0.5
2026-09-03,Monthly,2016-09-01,2016-09-30,15,State,Delaware,1154,0.21,225000,4.65,92,7,1570,5.84,8146,-1.1,1200,4.02,129.64,-0.13
2026-09-03,Monthly,2016-09-01,2016-09-30,19,State,Florida,34677,-1.79,200000,9.89,70,-4,42945,0.99,201634,1.61,39988,-5.14,134.62,8.56
2026-09-03,Monthly,2016-09-01,2016-09-30,21,State,Georgia,12578,9.42,189900,7.05,65,-5,16479,3.38,73159,-2.96,15367,3.94,97.59,5.67
2026-09-03,Monthly,2016-09-01,2016-09-30,25,State,Hawaii,1254,2.81,495000,3.13,87,0,1407,-2.78,7594,-2.52,1419,10.94,482.4,9.2
2026-09-03,Monthly,2016-09-01,2016-09-30,27,State,Idaho,2676,7.82,208900,11.71,74,-11,2707,11.43,12991,-1.55,1406,18.49,122.5,9.23
2026-09-03,Monthly,2016-09-01,2016-09-30,29,State,Illinois,13474,-0.41,180000,4.41,59,-7,16785,-0.05,72839,-5.4,15663,-1.82,120.56,5.36
2026-09-03,Monthly,2016-09-01,2016-09-30,31,State,Indiana,7468,3.3,140000,7.69,75,-9,8016,-1.56,38495,-13.43,7897,3.5,79.38,4.24
2026-09-03,Monthly,2016-09-01,2016-09-30,33,State,Iowa,3219,7.59,149000,6.5,90,-5,3399,0.84,17709,-5.8,3152,8.98,106.98,6.64
2026-09-03,Monthly,2016-09-01,2016-09-30,35,State,Kansas,2854,1.02,165000,6.45,65,-15,3196,-0.11,13620,-10.53,2976,3.12,89.03,5.47
2026-09-03,Monthly,2016-09-01,2016-09-30,37,State,Kentucky,3977,8.69,150000,4.71,61,-18,4627,0.8,19745,-10.26,4193,5.18,93.58,3.73
2026-09-03,Monthly,2016-09-01,2016-09-30,39,State,Louisiana,3203,-2.67,184201,6.12,93,-2,3787,1.55,19011,0.03,3337,2.63,106.3,1.38
2026-09-03,Monthly,2016-09-01,2016-09-30,41,State,Maine,1632,0.52,190000,0.93,74,-49,2038,-9.07,11166,-28.36,1963,-12.98,126.83,4.72
2026-09-03,Monthly,2016-09-01,2016-09-30,43,State,Maryland,7099,5.1,264000,5.6,48,-8,8529,-7.17,34996,-10.53,7882,-5.24,157.44,2.22
2026-09-03,Monthly,2016-09-01,2016-09-30,45,State,Massachusetts,7000,3.02,349000,5.28,33,-8,8381,-3.44,29014,-15.46,8370,-2.57,214.75,5.97
2026-09-03,Monthly,2016-09-01,2016-09-30,47,State,Michigan,12054,-2.95,149900,12.71,52,-26,14260,-7.6,57241,-25.3,13052,0.4,91.17,8.09
2026-09-03,Monthly,2016-09-01,2016-09-30,49,State,Minnesota,7232,1.72,210000,6.6,51,-8,8014,1.38,34047,-6.13,7531,2.56,119.63,5.72
2026-09-03,Monthly,2016-09-01,2016-09-30,51,State,Mississippi,1735,8.29,150900,7.31,97,-7,2187,-0.23,12501,-1.4,1688,8.04,89,5.84
2026-09-03,Monthly,2016-09-01,2016-09-30,2,State,Missouri,7137,7.33,155000,8.39,69,-12,8056,0.41,35859,-11.71,7710,-5.76,93.82,4.6
2026-09-03,Monthly,2016-09-01,2016-09-30,4,State,Montana,1126,1.9,250000,6.38,105,9,1294,-0.49,7507,-3.8,1111,1.94,136.99,7.66
2026-09-03,Monthly,2016-09-01,2016-09-30,6,State,Nebraska,1961,11.76,165000,7.84,52,-2,1990,-1.25,7151,-4.41,1917,4.51,92.82,5.04
2026-09-03,Monthly,2016-09-01,2016-09-30,8,State,Nevada,4508,9.2,232000,6.67,70,0,4977,-1.71,22233,-0.15,5506,5.41,135.08,6.82
2026-09-03,Monthly,2016-09-01,2016-09-30,10,State,New Hampshire,1790,-4.74,243267,5.77,86,-12,2279,-9.53,11529,-22.04,2392,-26.82,140.43,7.3
2026-09-03,Monthly,2016-09-01,2016-09-30,12,State,New Jersey,9222,6.38,282000,0.71,104,-5,12178,-2.98,67947,-8.43,10734,11.31,164.97,-0.62
2026-09-03,Monthly,2016-09-01,2016-09-30,14,State,New Mexico,1792,5.6,195000,5.83,96,-9,2161,6.59,11980,4.45,1877,4.11,113.66,2.93
2026-09-03,Monthly,2016-09-01,2016-09-30,16,State,New York,12668,5.63,269900,1.85,112,-8,16416,-5.09,92238,-13.83,13866,11.92,155.48,7.94
2026-09-03,Monthly,2016-09-01,2016-09-30,18,State,North Carolina,11818,9.74,197000,5.71,82,-9,13693,2.38,68922,-2.82,13303,11.29,109.47,4.49
2026-09-03,Monthly,2016-09-01,2016-09-30,20,State,North Dakota,599,-2.66,225000,1.03,97,13,724,14.85,3444,15.94,558,2.51,106.49,-4.16
2026-09-03,Monthly,2016-09-01,2016-09-30,22,State,Ohio,12373,3.11,135100,5.55,71,-7,13889,-8.15,64256,-11.72,15368,4.08,87.65,6.49
2026-09-03,Monthly,2016-09-01,2016-09-30,23,State,Oklahoma,3854,6.84,150700,0.47,55,2,4613,1.04,20155,5.27,4096,9.99,91.04,1.86
2026-09-03,Monthly,2016-09-01,2016-09-30,24,State,Oregon,5641,-1.07,300000,12.99,37,-6,6225,-0.5,21854,-3.37,6366,-1.14,182.16,10.99
2026-09-03,Monthly,2016-09-01,2016-09-30,26,State,Pennsylvania,11889,3.47,170000,3.03,84,-6,14321,-1.71,73839,-11.21,12610,4.61,109.71,2.29
2026-09-03,Monthly,2016-09-01,2016-09-30,28,State,Rhode Island,1191,3.81,224900,2.27,65,-6,1512,2.8,6553,-9.84,1518,14.38,140.58,1.51
2026-09-03,Monthly,2016-09-01,2016-09-30,30,State,South Carolina,6300,11.27,194000,6.07,90,-11,7813,5.13,40526,-0.95,6057,9.83,108.7,4.73
2026-09-03,Monthly,2016-09-01,2016-09-30,32,State,South Dakota,782,5.28,183000,7.33,84,0,822,-0.81,3932,0.36,789,6.02,105.14,3.83
2026-09-03,Monthly,2016-09-01,2016-09-30,34,State,Tennessee,8476,6.02,184000,7.6,69,-6,9571,0.88,41400,-7.27,9783,-0.73,106.2,6.11
2026-09-03,Monthly,2016-09-01,2016-09-30,36,State,Texas,25876,2.22,212000,7.07,43,3,31606,1.82,115901,4.45,30858,1.68,110.36,6.62
2026-09-03,Monthly,2016-09-01,2016-09-30,38,State,Utah,4018,5.56,249900,8.65,30,-44,4495,1.06,14952,-25.74,4699,22.08,117.98,8.29
2026-09-03,Monthly,2016-09-01,2016-09-30,40,State,Vermont,628,-3.49,211000,7.11,133,-13,898,-13.01,6640,-19.09,817,-38.44,134.33,4.05
2026-09-03,Monthly,2016-09-01,2016-09-30,42,State,Virginia,9611,8,265000,2.71,57,-6,11230,-0.97,48688,-7.56,10174,-0.34,140.7,2.74
2026-09-03,Monthly,2016-09-01,2016-09-30,44,State,Washington,10470,10.4,319900,10.33,25,-11,11144,8.92,34169,-2.09,14571,14.81,180.77,10.48
2026-09-03,Monthly,2016-09-01,2016-09-30,46,State,West Virginia,917,-3.55,155000,4.73,110,6,1090,-8.05,6078,-10,932,-6.71,92.53,4.02
2026-09-03,Monthly,2016-09-01,2016-09-30,48,State,Wisconsin,6669,2.63,165478,6.76,84,-10,7301,2.36,38279,-11.18,11756,76.2,102.89,5.64
2026-09-03,Monthly,2016-09-01,2016-09-30,50,State,Wyoming,666,5.62,210000,-2.28,105,11,710,3.17,4768,17.57,655,4.89,109,0.49
2026-09-03,Monthly,2016-08-01,2016-08-31,1,State,Alabama,4283,12.5,161984,1.24,106,-1,4924,2.72,28292,8.54,4435,17.04,91.99,2.41
2026-09-03,Monthly,2016-08-01,2016-08-31,3,State,Alaska,711,-3.36,272955,1.09,103,11,894,-10.98,4827,1.75,729,-1.49,162.94,2.72
2026-09-03,Monthly,2016-08-01,2016-08-31,5,State,Arizona,10086,7.31,223000,8.78,60,0,11796,2.26,47541,1.61,12254,4.44,133.7,6.4
2026-09-03,Monthly,2016-08-01,2016-08-31,7,State,Arkansas,2656,9.78,149000,4.93,87,-6,2928,-0.37,14981,-2.48,2830,9.54,90,4.21
2026-09-03,Monthly,2016-08-01,2016-08-31,9,State,California,31203,-2.09,440000,5.39,39,1,37951,1.19,126043,2.17,36956,-3.77,283.09,3.85
2026-09-03,Monthly,2016-08-01,2016-08-31,11,State,Colorado,7981,-2.63,331000,10.22,37,-9,9485,-0.85,31059,-5.15,9563,0.68,160.95,10.84
2026-09-03,Monthly,2016-08-01,2016-08-31,17,State,Columbia,760,4.18,577500,12.03,23,3,868,-6.91,2387,-0.48,830,-4.49,456.12,-3.74
2026-09-03,Monthly,2016-08-01,2016-08-31,13,State,Connecticut,3875,6.69,240000,3.11,99,2,5039,-11.23,28223,-10.24,3900,8.76,142.08,-0.3
2026-09-03,Monthly,2016-08-01,2016-08-31,15,State,Delaware,1078,-3.42,225000,-0.44,90,3,1572,7.42,8191,-0.24,1163,3.48,129.17,2.01
2026-09-03,Monthly,2016-08-01,2016-08-31,19,State,Florida,34302,-0.53,200500,11.39,70,-5,42930,0.74,202511,1.24,40613,-3.92,133.46,8.52
2026-09-03,Monthly,2016-08-01,2016-08-31,21,State,Georgia,12471,8.58,191000,6.17,65,-7,16219,3.92,73285,-3.4,15071,1.55,97.46,6.64
2026-09-03,Monthly,2016-08-01,2016-08-31,25,State,Hawaii,1283,4.02,501400,5.62,88,3,1448,-0.37,7657,-2.92,1356,6.43,475.46,6.82
2026-09-03,Monthly,2016-08-01,2016-08-31,27,State,Idaho,2588,6.37,206000,8.48,76,-12,2781,10.68,13062,-2.45,1382,17.25,119.91,7.67
2026-09-03,Monthly,2016-08-01,2016-08-31,29,State,Illinois,13642,1.06,193000,6.04,59,-6,16692,-3.56,72812,-6.24,15727,-1.58,118.96,4.61
2026-09-03,Monthly,2016-08-01,2016-08-31,31,State,Indiana,7471,4.73,139900,3.63,74,-12,7920,-6.64,39092,-12.8,7881,6.12,79.3,5.12
2026-09-03,Monthly,2016-08-01,2016-08-31,33,State,Iowa,3161,7.77,148000,1.02,93,-1,3461,-2.13,17794,-6.32,3077,8.82,103.76,6.98
2026-09-03,Monthly,2016-08-01,2016-08-31,35,State,Kansas,2879,4.25,169700,5.02,69,-12,3209,-1.81,13840,-9.77,3022,8.34,87.6,3.96
2026-09-03,Monthly,2016-08-01,2016-08-31,37,State,Kentucky,3861,6,154950,3.99,61,-20,4634,1.55,19723,-10.76,4233,12.98,93.41,4.61
2026-09-03,Monthly,2016-08-01,2016-08-31,39,State,Louisiana,3103,-7.21,175000,0.63,94,-3,3513,-4.11,19062,-0.22,3255,-1.45,106.08,2.74
2026-09-03,Monthly,2016-08-01,2016-08-31,41,State,Maine,1633,5.06,198000,6.45,73,-56,2025,-11.09,11465,-28.1,2001,-4.28,128.47,8.17
2026-09-03,Monthly,2016-08-01,2016-08-31,43,State,Maryland,7174,4.36,270000,3.85,48,-9,8685,-3.77,35485,-8.97,7809,-4.62,158.24,3.39
2026-09-03,Monthly,2016-08-01,2016-08-31,45,State,Massachusetts,7028,5,367500,2.65,32,-1,8317,-10.76,29105,-14.83,8602,-2.3,210.51,3.16
2026-09-03,Monthly,2016-08-01,2016-08-31,47,State,Michigan,12194,0.32,150000,11.11,53,-27,14270,-8.59,58116,-25.48,13285,6.28,90.94,8.79
2026-09-03,Monthly,2016-08-01,2016-08-31,49,State,Minnesota,7277,3.19,215000,7.55,53,-7,8014,-1.59,36092,-4.65,7754,5.63,119.1,6.04
2026-09-03,Monthly,2016-08-01,2016-08-31,51,State,Mississippi,1752,8.1,155000,4.03,104,-4,2216,1.98,12569,-0.39,1702,8.96,87.46,2.66
2026-09-03,Monthly,2016-08-01,2016-08-31,2,State,Missouri,7046,7.61,158000,5.4,69,-16,7964,-0.83,36047,-11.61,7748,-3.12,93.81,4.58
2026-09-03,Monthly,2016-08-01,2016-08-31,4,State,Montana,1151,4.07,239900,2.09,102,0,1267,0.16,7574,-3.71,1151,6.37,135.36,8.91
2026-09-03,Monthly,2016-08-01,2016-08-31,6,State,Nebraska,1835,8.35,166000,3.75,52,-1,2001,0.84,7243,-1.37,1925,13.77,90.84,2.22
2026-09-03,Monthly,2016-08-01,2016-08-31,8,State,Nevada,4437,5.47,229500,6.74,71,-1,5145,6.16,22680,1.11,5531,8.02,134.18,7
2026-09-03,Monthly,2016-08-01,2016-08-31,10,State,New Hampshire,1830,0.29,245000,7.22,87,-12,2231,-11.7,11618,-21.72,2322,-31.44,138.79,6.73
2026-09-03,Monthly,2016-08-01,2016-08-31,12,State,New Jersey,9273,6.13,300000,0.33,103,-8,12380,-0.11,68723,-8.19,10800,11.9,163.7,-2.44
2026-09-03,Monthly,2016-08-01,2016-08-31,14,State,New Mexico,1822,8.68,189000,1.34,95,-12,2151,4.6,12056,4.48,1903,17.41,114.22,4.47
2026-09-03,Monthly,2016-08-01,2016-08-31,16,State,New York,12848,5.17,280000,1.82,117,-2,16173,-9.89,94041,-12.82,13796,11.81,149.94,3.07
2026-09-03,Monthly,2016-08-01,2016-08-31,18,State,North Carolina,11730,10.32,203773,8.41,83,-10,13889,3.91,69130,-2.44,13319,13.8,109.07,4.91
2026-09-03,Monthly,2016-08-01,2016-08-31,20,State,North Dakota,573,-6.26,217495,-3.34,94,9,653,4.21,3349,12.05,524,-4.24,107.36,-7.53
2026-09-03,Monthly,2016-08-01,2016-08-31,22,State,Ohio,12105,1.18,136000,3.03,71,-8,14085,-7.17,65478,-10.39,15309,3.21,87.05,6.57
2026-09-03,Monthly,2016-08-01,2016-08-31,23,State,Oklahoma,3662,1.85,150925,0.62,50,1,4556,2,20146,6.45,4033,6.56,91.19,2.71
2026-09-03,Monthly,2016-08-01,2016-08-31,24,State,Oregon,5447,-3.38,300000,10.42,37,-6,6687,5.11,22153,-3.69,6341,0.3,177.33,9.86
2026-09-03,Monthly,2016-08-01,2016-08-31,26,State,Pennsylvania,11742,1.23,177900,1.66,86,-6,14217,-4.09,74923,-10.35,12875,8.44,111.41,4.65
2026-09-03,Monthly,2016-08-01,2016-08-31,28,State,Rhode Island,1223,6.8,232000,3.11,67,-1,1569,5.59,6661,-9.37,1456,13.2,141.12,2.41
2026-09-03,Monthly,2016-08-01,2016-08-31,30,State,South Carolina,6074,8.84,194000,5.72,91,-11,7724,4.18,40425,-1.34,6014,6.84,107.01,3.62
2026-09-03,Monthly,2016-08-01,2016-08-31,32,State,South Dakota,812,8.84,186000,8.45,84,4,867,0.5,4067,2.54,794,6.38,106.55,6.4
2026-09-03,Monthly,2016-08-01,2016-08-31,34,State,Tennessee,8419,0.13,185000,5.71,70,-6,9670,2.56,42551,-4.98,9866,0.93,107.03,8.46
2026-09-03,Monthly,2016-08-01,2016-08-31,36,State,Texas,25640,2.25,216000,5.42,43,3,31733,4.25,115433,4.64,30795,2.23,108.92,5.62
2026-09-03,Monthly,2016-08-01,2016-08-31,38,State,Utah,3967,4.57,252000,9.57,31,-44,4603,3.79,15130,-26.09,4517,19.94,116.12,7.03
2026-09-03,Monthly,2016-08-01,2016-08-31,40,State,Vermont,643,-2.5,212000,8.72,133,-9,925,-10.17,6651,-18.96,868,-23.92,132.91,3.64
2026-09-03,Monthly,2016-08-01,2016-08-31,42,State,Virginia,9586,8.94,276000,0.73,57,-8,11497,-0.03,49195,-7.25,10376,6.65,140.1,1.58
2026-09-03,Monthly,2016-08-01,2016-08-31,44,State,Washington,10211,8.31,325000,10.17,26,-14,11726,12.07,34815,-2.68,15126,19.25,177.71,8.51
2026-09-03,Monthly,2016-08-01,2016-08-31,46,State,West Virginia,930,-3.12,153000,7.75,106,4,1091,-7.26,6151,-8.91,960,-4.62,92.12,3.84
2026-09-03,Monthly,2016-08-01,2016-08-31,48,State,Wisconsin,6636,4.63,170000,5.26,84,-12,7654,1.22,38736,-11.61,8388,25.9,101.77,4.97
2026-09-03,Monthly,2016-08-01,2016-08-31,50,State,Wyoming,658,97.89,224950,-1.42,105,24,709,2.09,4831,26.77,647,101.48,107.79,0.01
2026-09-03,Monthly,2016-07-01,2016-07-31,1,State,Alabama,4168,5.81,170850,4.88,107,-1,4907,5.03,28357,10.98,4391,10.21,92.19,3.82
2026-09-03,Monthly,2016-07-01,2016-07-31,3,State,Alaska,741,-1.26,274700,1.78,102,6,882,-9.5,4897,3.74,737,-3.47,163.2,2.84
2026-09-03,Monthly,2016-07-01,2016-07-31,5,State,Arizona,10051,7.08,220000,6.54,60,0,11918,3.78,48260,1.91,12654,5.86,132.96,6.25
2026-09-03,Monthly,2016-07-01,2016-07-31,7,State,Arkansas,2674,10.11,148000,1.37,85,-10,2879,-2.61,15229,-1.5,2802,10.79,90.61,6.08
2026-09-03,Monthly,2016-07-01,2016-07-31,9,State,California,31784,-2.49,440000,4.76,40,-1,37991,1.58,124624,-0.41,38292,-4.5,284.75,6.95
2026-09-03,Monthly,2016-07-01,2016-07-31,11,State,Colorado,7836,-3.53,335000,11.67,35,-13,9658,2.66,30685,-5.8,9476,-0.36,157.28,8.59
2026-09-03,Monthly,2016-07-01,2016-07-31,17,State,Columbia,735,-0.97,572750,5.67,22,2,903,3.18,2414,3.37,812,-4.98,463.74,1
2026-09-03,Monthly,2016-07-01,2016-07-31,13,State,Connecticut,3829,4.1,239000,-0.4,98,2,5123,-9.58,28828,-8.07,3771,3.31,141.25,-0.28
2026-09-03,Monthly,2016-07-01,2016-07-31,15,State,Delaware,1090,-2.01,229950,1.75,84,-6,1463,-0.59,8072,-2.56,1084,-8.03,126.8,0.39
2026-09-03,Monthly,2016-07-01,2016-07-31,19,State,Florida,34794,-1.21,200800,9.73,71,-5,42819,0.53,203391,0.66,41288,-6.48,132.16,8.98
2026-09-03,Monthly,2016-07-01,2016-07-31,21,State,Georgia,12473,10.45,200000,8.11,67,-5,16245,1.26,73897,-3.12,15632,5.69,96.87,6.52
2026-09-03,Monthly,2016-07-01,2016-07-31,25,State,Hawaii,1277,1.32,512000,12.53,89,0,1451,-3.61,7730,-2.2,1338,1.77,460.07,0.68
2026-09-03,Monthly,2016-07-01,2016-07-31,27,State,Idaho,2608,6.56,207000,8.95,73,-24,2640,5.2,12999,-4.71,1319,9.16,118.33,5.12
2026-09-03,Monthly,2016-07-01,2016-07-31,29,State,Illinois,13737,1.38,199500,5,58,-7,17020,-0.51,73477,-5.84,16248,-1.32,119.61,5.48
2026-09-03,Monthly,2016-07-01,2016-07-31,31,State,Indiana,7455,4.01,144509,3.29,77,-9,8188,1.15,39624,-12.29,7780,3.1,78.34,3.65
2026-09-03,Monthly,2016-07-01,2016-07-31,33,State,Iowa,3178,4.96,153000,1.16,91,-8,3407,-0.27,17980,-5.7,3042,3.19,104.32,6.24
2026-09-03,Monthly,2016-07-01,2016-07-31,35,State,Kansas,2834,4.17,176000,4.14,68,-14,3220,1.98,13913,-10.01,2908,1.68,88.14,5.14
2026-09-03,Monthly,2016-07-01,2016-07-31,37,State,Kentucky,3864,7.48,160000,8.11,63,-16,4632,5.77,19642,-11.89,4164,9.78,92.53,4.42
2026-09-03,Monthly,2016-07-01,2016-07-31,39,State,Louisiana,3157,-4.77,184900,2.78,91,-17,3570,-0.13,19014,-2.88,3212,-5.95,106.5,3.36
2026-09-03,Monthly,2016-07-01,2016-07-31,41,State,Maine,1659,3.72,197000,4.79,81,-49,2044,-10.2,11765,-27.8,1911,-14.12,125.71,2.16
2026-09-03,Monthly,2016-07-01,2016-07-31,43,State,Maryland,7091,6.44,280000,5.66,48,-8,8727,-1.44,35859,-8.29,7676,-7.21,156.43,1.57
2026-09-03,Monthly,2016-07-01,2016-07-31,45,State,Massachusetts,6887,2.34,370500,4.37,33,1,8600,-2.89,29337,-13.21,8630,-4.63,212.11,4.24
2026-09-03,Monthly,2016-07-01,2016-07-31,47,State,Michigan,12044,-2.06,152500,9.01,55,-26,14311,-9.13,58910,-24.86,13111,3.93,90.09,9.57
2026-09-03,Monthly,2016-07-01,2016-07-31,49,State,Minnesota,7289,3.61,215900,7.41,53,-10,8067,-0.27,36291,-6.34,7736,1.94,118.37,5.18
2026-09-03,Monthly,2016-07-01,2016-07-31,51,State,Mississippi,1734,4.98,155000,2.85,100,-6,2061,-3.43,12593,-0.82,1673,1.18,87.17,2.89
2026-09-03,Monthly,2016-07-01,2016-07-31,2,State,Missouri,6906,2.99,159900,5.2,70,-15,7980,0.23,36279,-12.38,7553,-10.31,92.87,4.81
2026-09-03,Monthly,2016-07-01,2016-07-31,4,State,Montana,1107,-4.8,245000,4.3,101,2,1253,-2.03,7623,-4.02,1104,-5.62,133.42,8.84
2026-09-03,Monthly,2016-07-01,2016-07-31,6,State,Nebraska,1801,1.49,170000,6.52,55,1,1978,0.76,7179,-1.23,1893,9.55,91.36,3.57
2026-09-03,Monthly,2016-07-01,2016-07-31,8,State,Nevada,4397,0.53,230000,6.24,73,-1,5142,3.47,22895,0.08,7339,34.64,132.79,6.68
2026-09-03,Monthly,2016-07-01,2016-07-31,10,State,New Hampshire,1853,-3.18,241200,0.5,87,-12,2285,-8.89,11813,-20.21,2332,-32.44,135.49,3.33
2026-09-03,Monthly,2016-07-01,2016-07-31,12,State,New Jersey,9014,3.8,298000,-2.3,105,-6,12476,1.7,69088,-8,10496,11.22,163.71,-2.73
2026-09-03,Monthly,2016-07-01,2016-07-31,14,State,New Mexico,1811,5.36,188000,3.01,100,-15,2271,11.18,12093,3.99,1860,9.35,113.07,3.69
2026-09-03,Monthly,2016-07-01,2016-07-31,16,State,New York,12734,3.75,275000,4.07,117,-8,16306,-10.03,95418,-12.27,13767,9.24,153.31,5.04
2026-09-03,Monthly,2016-07-01,2016-07-31,18,State,North Carolina,11570,9.08,201000,5.24,84,-9,13784,4.18,69185,-2.56,13720,17.19,109.07,5.64
2026-09-03,Monthly,2016-07-01,2016-07-31,20,State,North Dakota,619,1.55,215000,-4.44,100,17,676,-3.21,3360,11.81,557,1.6,107.42,-5.61
2026-09-03,Monthly,2016-07-01,2016-07-31,22,State,Ohio,12209,0.63,141000,4.44,74,-5,14527,-1.98,66412,-10.01,15218,0.95,86.37,5.94
2026-09-03,Monthly,2016-07-01,2016-07-31,23,State,Oklahoma,3657,0.34,157500,2.94,47,-9,4533,2.03,19980,3.48,3892,-0.83,92.1,4.66
2026-09-03,Monthly,2016-07-01,2016-07-31,24,State,Oregon,5288,-7.39,300000,9.36,34,-15,6586,9.37,21723,-7.59,6490,-0.72,176.15,10.55
2026-09-03,Monthly,2016-07-01,2016-07-31,26,State,Pennsylvania,11941,2.17,182000,2.25,85,-6,14225,-3.46,75725,-9.76,12301,-0.68,110.52,3.63
2026-09-03,Monthly,2016-07-01,2016-07-31,28,State,Rhode Island,1288,12.44,242500,7.44,68,-1,1566,-1.08,6599,-12.22,1466,7.11,140.29,2.09
2026-09-03,Monthly,2016-07-01,2016-07-31,30,State,South Carolina,6074,8.63,191000,0.53,92,-9,7594,3.31,40407,-1.48,5994,6.37,106.4,4.96
2026-09-03,Monthly,2016-07-01,2016-07-31,32,State,South Dakota,772,1.8,187000,5.8,86,0,820,-1.72,4038,2.52,761,-0.03,103.83,4.26
2026-09-03,Monthly,2016-07-01,2016-07-31,34,State,Tennessee,8501,6.03,190000,6.2,71,-5,9680,2.74,42000,-7.39,9614,-3.09,105.31,6.56
2026-09-03,Monthly,2016-07-01,2016-07-31,36,State,Texas,25160,0.63,219000,6.83,43,1,31254,0.8,115101,5.35,30908,1.81,108.98,6.75
2026-09-03,Monthly,2016-07-01,2016-07-31,38,State,Utah,3844,-2.92,250000,7.3,33,-44,4705,8.09,15089,-28.1,4435,12.96,114.62,6.21
2026-09-03,Monthly,2016-07-01,2016-07-31,40,State,Vermont,664,5.23,215000,7.45,138,-2,958,-13.53,6726,-18.62,837,-23.54,129.78,-0.11
2026-09-03,Monthly,2016-07-01,2016-07-31,60,State,Virgin Islands of the U.S.,NA,NA,NA,NA,NA,NA,NA,NA,NA,NA,NA,NA,NA,NA
2026-09-03,Monthly,2016-07-01,2016-07-31,42,State,Virginia,9468,7.33,281000,0.72,59,-4,11569,0.59,49698,-6.65,9992,-2.18,139.42,1.64
2026-09-03,Monthly,2016-07-01,2016-07-31,44,State,Washington,10199,6.71,325000,9.43,24,-16,11590,15.67,34517,-6.01,15070,11.19,176.84,9.61
2026-09-03,Monthly,2016-07-01,2016-07-31,46,State,West Virginia,865,-12.07,158750,5.9,101,-3,1086,-8.17,6193,-9.28,896,-15.74,91.51,3.24
2026-09-03,Monthly,2016-07-01,2016-07-31,48,State,Wisconsin,6691,4.32,169900,4.23,87,-9,7471,-4.65,39189,-11.75,8230,17.96,101.35,5.15
2026-09-03,Monthly,2016-07-01,2016-07-31,50,State,Wyoming,642,117.45,225000,-1.75,106,13,724,6.29,4908,39.11,645,112.96,105.56,-0.64
2026-09-03,Monthly,2016-06-01,2016-06-30,1,State,Alabama,4101,7.9,172500,1.56,107,-3,4935,9.57,28401,13.31,4311,12.7,92.46,4.59
2026-09-03,Monthly,2016-06-01,2016-06-30,3,State,Alaska,756,-5.31,281999,2.58,99,7,884,-4.35,5010,5.81,740,-4.59,161.62,1.28
2026-09-03,Monthly,2016-06-01,2016-06-30,5,State,Arizona,9931,6.91,225000,7.14,60,1,11841,3.66,48753,1.83,12708,7.7,132.26,7.19
2026-09-03,Monthly,2016-06-01,2016-06-30,7,State,Arkansas,2738,16.88,153000,4.86,85,-11,3014,2.52,15489,-1.03,2901,-3.03,89.61,3.91
2026-09-03,Monthly,2016-06-01,2016-06-30,9,State,California,31849,0.69,445000,5.45,40,1,37738,0.32,124356,-0.61,38969,0.03,282.52,6.59
2026-09-03,Monthly,2016-06-01,2016-06-30,11,State,Colorado,7670,-3.84,345000,12.01,35,-14,9156,1.25,29766,-7.43,9373,0.44,157.85,10.01
2026-09-03,Monthly,2016-06-01,2016-06-30,17,State,Columbia,759,6.45,555000,1.28,23,2,844,-0.64,2432,3.97,899,4.31,460.65,4.42
2026-09-03,Monthly,2016-06-01,2016-06-30,13,State,Connecticut,3930,11.79,245900,1.4,101,3,5122,-12.64,29270,-6.41,3796,8.8,142.19,1.31
2026-09-03,Monthly,2016-06-01,2016-06-30,15,State,Delaware,1191,11.75,229900,-0.04,94,3,1443,-3.05,8100,-2.69,1245,11.33,131.72,5.33
2026-09-03,Monthly,2016-06-01,2016-06-30,19,State,Florida,34881,1.82,205000,10.81,71,-4,42547,-0.63,205095,1.1,43995,3.77,132.5,10.92
2026-09-03,Monthly,2016-06-01,2016-06-30,21,State,Georgia,12380,10.48,197050,6.18,67,-5,16372,6.29,75121,-0.77,16385,12.47,95.69,5.29
2026-09-03,Monthly,2016-06-01,2016-06-30,25,State,Hawaii,1265,8.07,520000,16.78,84,-6,1395,-1.54,7767,-1.35,1394,14.31,467.75,4.41
2026-09-03,Monthly,2016-06-01,2016-06-30,27,State,Idaho,2714,12.11,204900,10.16,77,-10,2656,4.51,13225,-4.52,1361,20.66,119.13,7.29
2026-09-03,Monthly,2016-06-01,2016-06-30,29,State,Illinois,14056,4.02,205000,6.22,59,-5,16953,-0.81,74329,-4.77,17454,7.78,117,1.82
2026-09-03,Monthly,2016-06-01,2016-06-30,31,State,Indiana,7492,5.17,145500,2.46,80,-6,8012,-5.01,40217,-12.73,7814,3.4,78.43,4.44
2026-09-03,Monthly,2016-06-01,2016-06-30,33,State,Iowa,3210,9.03,155000,1.31,94,1,3427,1.03,18323,-4.59,3112,9.53,104.99,6.86
2026-09-03,Monthly,2016-06-01,2016-06-30,35,State,Kansas,2916,5.25,175000,4.35,69,-13,3222,1.54,14077,-10.71,2910,2.56,88.03,4.84
2026-09-03,Monthly,2016-06-01,2016-06-30,37,State,Kentucky,3899,7.29,159900,5.2,59,-23,4512,-1.46,19638,-14.31,4243,10.02,92.27,2.69
2026-09-03,Monthly,2016-06-01,2016-06-30,39,State,Louisiana,3251,2.94,185000,2.83,92,-28,3589,1.8,19094,-5.77,3304,2.35,105.55,5.12
2026-09-03,Monthly,2016-06-01,2016-06-30,41,State,Maine,1766,10.13,198000,4.76,81,-55,2025,-18.07,12169,-26.47,1931,-11.98,123.27,2.07
2026-09-03,Monthly,2016-06-01,2016-06-30,43,State,Maryland,7376,11.96,283000,4.81,49,-4,9079,1.93,36456,-6.84,9152,11.94,156.21,2.5
2026-09-03,Monthly,2016-06-01,2016-06-30,45,State,Massachusetts,7082,9.27,370000,2.78,35,5,8207,-13.3,29751,-13.58,8976,-0.98,211.39,3.57
2026-09-03,Monthly,2016-06-01,2016-06-30,47,State,Michigan,12206,1.11,153360,9.54,57,-25,14433,-8.65,59919,-23.47,13596,10.55,88.76,8.12
2026-09-03,Monthly,2016-06-01,2016-06-30,49,State,Minnesota,7250,2.12,219000,6.83,55,-3,8059,0.51,37312,-3.14,7722,2.56,117.57,4.88
2026-09-03,Monthly,2016-06-01,2016-06-30,51,State,Mississippi,1735,11.22,158500,4.97,102,-9,2184,0.64,12795,0.88,1680,9.75,86.67,2.89
2026-09-03,Monthly,2016-06-01,2016-06-30,2,State,Missouri,7065,8.22,164000,5.81,72,-11,8006,0.67,37309,-10.43,11207,32.56,91.65,3.18
2026-09-03,Monthly,2016-06-01,2016-06-30,4,State,Montana,1140,9.56,249900,6.34,103,3,1236,-6.49,7691,-3.38,1134,5.72,131.58,4.23
2026-09-03,Monthly,2016-06-01,2016-06-30,6,State,Nebraska,1918,10.35,172000,2.99,54,-2,1920,-4.53,7196,-1.66,1853,5.09,91.22,5.18
2026-09-03,Monthly,2016-06-01,2016-06-30,8,State,Nevada,4500,11.21,229900,6.44,74,0,5119,1.21,23436,1.7,7636,43.33,132.02,7.05
2026-09-03,Monthly,2016-06-01,2016-06-30,10,State,New Hampshire,1954,10.89,241267,0.53,88,-11,2238,-13.83,11977,-18.56,2410,-26.68,137.1,5.36
2026-09-03,Monthly,2016-06-01,2016-06-30,12,State,New Jersey,9405,13.56,295000,-1.67,105,-5,12144,-6.17,69414,-7.18,14030,49.5,165.59,-2.42
2026-09-03,Monthly,2016-06-01,2016-06-30,14,State,New Mexico,1795,7.45,190000,-0.52,96,-10,2246,9.37,12076,4.24,1857,12.52,111.94,2.2
2026-09-03,Monthly,2016-06-01,2016-06-30,16,State,New York,12981,14.5,270000,3.17,116,-16,16358,-11.38,96855,-11.9,13365,7.41,149.75,1.09
2026-09-03,Monthly,2016-06-01,2016-06-30,18,State,North Carolina,11630,10.91,209537,5.83,84,-11,13916,4.68,69499,-2.2,13033,12.84,108.83,5.59
2026-09-03,Monthly,2016-06-01,2016-06-30,20,State,North Dakota,573,-11.51,225000,-2.15,97,11,658,5.84,3319,10.8,530,-6.18,103.21,-13.34
2026-09-03,Monthly,2016-06-01,2016-06-30,22,State,Ohio,12382,6.19,145000,5.45,74,-8,14386,-3.85,67370,-10.02,15522,3.84,85.96,5.89
2026-09-03,Monthly,2016-06-01,2016-06-30,23,State,Oklahoma,3788,4.81,154900,-1.34,45,-21,4499,3.64,19976,-0.7,3976,3.27,90.75,2.7
2026-09-03,Monthly,2016-06-01,2016-06-30,24,State,Oregon,5521,0.32,300000,9.89,37,-12,6196,-3.03,21547,-10.37,6454,1.53,175.42,12.08
2026-09-03,Monthly,2016-06-01,2016-06-30,26,State,Pennsylvania,12461,11.39,185000,1.65,88,-3,14336,-1.92,76968,-8.97,13319,12.83,110.04,2.9
2026-09-03,Monthly,2016-06-01,2016-06-30,28,State,Rhode Island,1222,12.43,233000,3.56,68,-3,1520,-7.14,6695,-10.59,1485,12.22,139.97,3.2
2026-09-03,Monthly,2016-06-01,2016-06-30,30,State,South Carolina,6085,12.27,199900,3.52,94,-8,7629,5.6,40686,-0.92,6138,13.24,105.69,4.58
2026-09-03,Monthly,2016-06-01,2016-06-30,32,State,South Dakota,831,1.18,184900,5.12,85,2,858,6.5,4161,3.67,782,-0.16,104.36,5.32
2026-09-03,Monthly,2016-06-01,2016-06-30,34,State,Tennessee,8612,8.66,189000,6.18,72,-6,9580,0.2,43045,-4.37,9986,6.19,105.38,7.33
2026-09-03,Monthly,2016-06-01,2016-06-30,36,State,Texas,25418,5.32,222000,5.72,45,5,31166,3.83,115212,8.46,31633,7.51,108.18,5.92
2026-09-03,Monthly,2016-06-01,2016-06-30,38,State,Utah,4088,7.01,253450,7.39,34,-46,4512,2.82,14959,-30.38,4523,20.58,115.14,7.06
2026-09-03,Monthly,2016-06-01,2016-06-30,40,State,Vermont,667,9.77,223900,1.77,133,-40,911,-22.54,6828,-16.82,862,-18.93,129.54,1.75
2026-09-03,Monthly,2016-06-01,2016-06-30,60,State,Virgin Islands of the U.S.,NA,NA,NA,NA,NA,NA,NA,NA,1,0,NA,NA,NA,NA
2026-09-03,Monthly,2016-06-01,2016-06-30,42,State,Virginia,9419,7.67,295000,1.9,57,-4,11447,-1.66,50014,-6.18,10542,8.02,138.57,0.44
2026-09-03,Monthly,2016-06-01,2016-06-30,44,State,Washington,10081,7.53,327998,10.07,25,-17,11201,7.77,34506,-8.55,14928,14.92,175.51,9.15
2026-09-03,Monthly,2016-06-01,2016-06-30,46,State,West Virginia,917,-4.45,160000,1.27,106,6,1075,-10.82,6229,-9.05,988,-0.2,91.2,2.98
2026-09-03,Monthly,2016-06-01,2016-06-30,48,State,Wisconsin,6733,6.14,175000,3.55,88,-9,7667,0.31,39699,-11.6,8300,15.28,100.58,3.65
2026-09-03,Monthly,2016-06-01,2016-06-30,50,State,Wyoming,596,91.68,222000,-6.53,107,21,759,29.29,4894,48.38,588,84.21,106.75,0.2
2026-09-03,Monthly,2016-05-01,2016-05-31,1,State,Alabama,4157,13.51,165024,0.01,105,-7,5087,14.48,28308,14.78,4286,18.51,91.84,4.34
2026-09-03,Monthly,2016-05-01,2016-05-31,3,State,Alaska,747,1.35,267500,1.15,100,9,936,-1.19,5108,6.84,741,0.42,160.77,1.13
2026-09-03,Monthly,2016-05-01,2016-05-31,5,State,Arizona,9788,5.45,220000,5.77,60,-1,11841,4.19,48973,1.69,13160,7.22,131.44,6.08
2026-09-03,Monthly,2016-05-01,2016-05-31,7,State,Arkansas,2850,19.04,148000,2.07,86,-14,3025,3.92,15583,-0.54,2810,21.76,89.57,2.14
2026-09-03,Monthly,2016-05-01,2016-05-31,9,State,California,31534,-0.83,440000,6.02,41,2,37509,0.33,123906,-0.57,37922,-1.19,278.77,6.15
2026-09-03,Monthly,2016-05-01,2016-05-31,11,State,Colorado,7569,-3.34,336000,10.16,36,-11,9067,-1.5,29546,-8.89,9430,3.61,156.56,10.57
2026-09-03,Monthly,2016-05-01,2016-05-31,17,State,Columbia,738,5.19,579000,5.27,22,4,871,-1.62,2485,5.06,910,6.78,457.56,5.62
2026-09-03,Monthly,2016-05-01,2016-05-31,13,State,Connecticut,3769,6.73,225000,-1.75,99,-4,5079,-15.48,29920,-3.37,3676,6.83,141.13,0.52
2026-09-03,Monthly,2016-05-01,2016-05-31,15,State,Delaware,1137,5.49,217500,-1.69,90,-3,1446,-6.13,8107,-2.62,1193,6.82,130.13,2.43
2026-09-03,Monthly,2016-05-01,2016-05-31,19,State,Florida,33979,1.6,200000,8.11,71,-5,43002,1.23,206732,2.5,44802,9.72,131.99,11.08
2026-09-03,Monthly,2016-05-01,2016-05-31,21,State,Georgia,12386,12.81,195895,5.89,68,0,16031,-0.05,75402,1.33,15899,3.38,95.52,5.4
2026-09-03,Monthly,2016-05-01,2016-05-31,25,State,Hawaii,1268,3.33,472000,3.74,85,-4,1466,5.76,7860,-2.08,1317,-26.03,464.32,4.7
2026-09-03,Monthly,2016-05-01,2016-05-31,27,State,Idaho,2673,8.3,199000,7.22,77,-18,2880,16.79,13432,-4.57,1293,12.82,119.45,7.71
2026-09-03,Monthly,2016-05-01,2016-05-31,29,State,Illinois,13853,4.96,194000,7.78,59,-7,17009,-2.18,74562,-4.94,16938,5.17,117.89,4.3
2026-09-03,Monthly,2016-05-01,2016-05-31,31,State,Indiana,7611,7.73,140000,3.7,81,-6,8041,-7.48,41195,-12.16,8072,6.7,78.16,4.61
2026-09-03,Monthly,2016-05-01,2016-05-31,33,State,Iowa,3221,9.36,146300,1.95,94,-5,3415,-2.36,18636,-3.79,3132,11.42,103.88,10.09
2026-09-03,Monthly,2016-05-01,2016-05-31,35,State,Kansas,2868,0.52,170149,2.5,70,-12,3115,-3.92,14244,-11.33,3001,7.53,87.84,4.2
2026-09-03,Monthly,2016-05-01,2016-05-31,37,State,Kentucky,3901,12.26,152000,1.33,63,-29,4513,-5.16,19749,-15.37,4318,14.58,93.38,4.1
2026-09-03,Monthly,2016-05-01,2016-05-31,39,State,Louisiana,3213,4.14,186750,4.33,88,-28,3550,1.73,18977,-7.5,3183,-7.14,106.26,5.29
2026-09-03,Monthly,2016-05-01,2016-05-31,41,State,Maine,1853,28,190000,3.26,79,-67,2099,-17.93,12778,-21.84,2108,10.13,124.96,3.1
2026-09-03,Monthly,2016-05-01,2016-05-31,43,State,Maryland,7326,14.19,270000,1.89,49,-6,8854,-7.14,36630,-6.42,9027,12.7,155.07,0.94
2026-09-03,Monthly,2016-05-01,2016-05-31,45,State,Massachusetts,7060,12.18,350000,3.43,36,-11,8138,-17.78,30571,-12.24,8920,3.61,209.57,4.05
2026-09-03,Monthly,2016-05-01,2016-05-31,47,State,Michigan,12260,2.5,147500,9.34,59,-23,14478,-9.35,61636,-20.48,13594,13.83,89.65,11.22
2026-09-03,Monthly,2016-05-01,2016-05-31,49,State,Minnesota,7350,4.61,215000,8.04,54,-2,8127,-1.16,36363,-4.38,7975,1,117.02,4.84
2026-09-03,Monthly,2016-05-01,2016-05-31,51,State,Mississippi,1700,6.24,152000,0,109,0,2238,6,12762,0.85,1621,3.6,87.32,3.55
2026-09-03,Monthly,2016-05-01,2016-05-31,2,State,Missouri,7004,8.49,159900,3.23,74,-9,7980,-1.14,37540,-10.07,9345,14.79,91.51,4.01
2026-09-03,Monthly,2016-05-01,2016-05-31,4,State,Montana,1135,-0.9,239900,2.13,100,5,1340,0.11,7837,-2.08,1140,-0.69,132.6,5.14
2026-09-03,Monthly,2016-05-01,2016-05-31,6,State,Nebraska,1950,5.4,165000,3.13,54,-2,2014,5.02,7374,0.12,1903,6.05,92.37,5.91
2026-09-03,Monthly,2016-05-01,2016-05-31,8,State,Nevada,4390,7.08,225000,8.17,72,-1,5283,6.75,23709,2.28,5562,7.21,132.37,7.42
2026-09-03,Monthly,2016-05-01,2016-05-31,10,State,New Hampshire,1976,13.46,230000,1.08,88,-13,2274,-12.24,12399,-13.53,2470,-23.91,135.44,4.26
2026-09-03,Monthly,2016-05-01,2016-05-31,12,State,New Jersey,9272,16.62,278500,-2.28,103,-11,12312,-9.23,70482,-3.52,13134,45.35,166.96,-2.42
2026-09-03,Monthly,2016-05-01,2016-05-31,14,State,New Mexico,1731,5.79,190000,1.6,99,-13,2200,10.18,11969,3.52,1855,15.59,112.24,1.41
2026-09-03,Monthly,2016-05-01,2016-05-31,16,State,New York,12758,12.74,250000,-1.96,113,-22,16212,-14.97,98871,-9.79,13514,15.22,152.46,5.02
2026-09-03,Monthly,2016-05-01,2016-05-31,18,State,North Carolina,11503,10.37,198000,2.33,85,-12,13791,5.05,69692,-2.12,13117,15.78,109.19,5.39
2026-09-03,Monthly,2016-05-01,2016-05-31,20,State,North Dakota,590,-3.25,220000,-0.23,94,13,651,3.39,3246,7.23,536,-3.71,107.38,-8.79
2026-09-03,Monthly,2016-05-01,2016-05-31,22,State,Ohio,12391,8.4,138500,3.52,74,-9,14404,-6.97,68234,-9.7,15323,-6.55,85.52,6.21
2026-09-03,Monthly,2016-05-01,2016-05-31,23,State,Oklahoma,3807,8.28,150500,-0.66,48,-25,4678,8.86,20035,-2.91,4054,7.43,90.08,2.53
2026-09-03,Monthly,2016-05-01,2016-05-31,24,State,Oregon,5486,2.79,298000,9.56,35,-18,6358,4.59,21624,-11.12,6369,0.81,173.12,10.93
2026-09-03,Monthly,2016-05-01,2016-05-31,26,State,Pennsylvania,12152,11.58,173430,3.23,87,-7,14014,-6.33,78226,-7.8,12906,8.87,110.19,2.63
2026-09-03,Monthly,2016-05-01,2016-05-31,58,State,Puerto Rico,NA,NA,NA,NA,NA,NA,NA,NA,NA,NA,NA,NA,NA,NA
2026-09-03,Monthly,2016-05-01,2016-05-31,28,State,Rhode Island,1215,14.1,225000,2.27,71,-9,1540,-12.17,6827,-8.16,1547,9.71,142.77,8.08
2026-09-03,Monthly,2016-05-01,2016-05-31,30,State,South Carolina,6079,13.02,190000,2.7,93,-13,7620,4.53,40904,-1.08,6120,8.39,106.35,5.02
2026-09-03,Monthly,2016-05-01,2016-05-31,32,State,South Dakota,799,-5.18,180000,1.86,80,-1,845,4.31,4148,0.32,768,-0.66,105.5,6.52
2026-09-03,Monthly,2016-05-01,2016-05-31,34,State,Tennessee,8578,9.82,184900,5.66,74,-4,9595,-2.12,42762,-6.4,10407,13.05,104.76,6.17
2026-09-03,Monthly,2016-05-01,2016-05-31,36,State,Texas,25280,5.61,218040,6.23,44,2,31206,5.04,115539,10.29,31183,7.16,107.35,5.81
2026-09-03,Monthly,2016-05-01,2016-05-31,38,State,Utah,4037,6.86,250000,8.7,35,-45,4620,4.04,15049,-31.18,4662,30.82,114.41,7.52
2026-09-03,Monthly,2016-05-01,2016-05-31,40,State,Vermont,680,6.11,201400,-6.33,129,-25,925,-23.02,7072,-13.06,875,-15.78,131.93,3.84
2026-09-03,Monthly,2016-05-01,2016-05-31,60,State,Virgin Islands of the U.S.,NA,NA,NA,NA,NA,NA,NA,NA,1,0,NA,NA,NA,NA
2026-09-03,Monthly,2016-05-01,2016-05-31,42,State,Virginia,9364,8.62,280000,0.04,59,-6,11423,-6.11,50315,-5.72,10545,11.03,138.61,1.07
2026-09-03,Monthly,2016-05-01,2016-05-31,44,State,Washington,10117,7.29,320100,10.06,25,-19,10977,4.86,34650,-9.31,13493,-0.48,173.42,8.42
2026-09-03,Monthly,2016-05-01,2016-05-31,46,State,West Virginia,901,-1.83,150000,3.45,117,-3,1105,-12.63,6323,-8.72,1018,2.69,90.99,2.84
2026-09-03,Monthly,2016-05-01,2016-05-31,48,State,Wisconsin,6594,3.64,165000,3.13,88,-10,7753,-4.51,40138,-12.46,8532,-26.89,100.1,4.81
2026-09-03,Monthly,2016-05-01,2016-05-31,50,State,Wyoming,583,49.42,217000,-5.65,89,7,769,50.63,4878,51.34,575,52.83,106.39,-1.4
2026-09-03,Monthly,2016-04-01,2016-04-30,1,State,Alabama,4048,10.2,161350,3.5,111,4,5026,15.77,28257,16.33,4412,23.35,91.73,3.41
2026-09-03,Monthly,2016-04-01,2016-04-30,3,State,Alaska,723,-10.78,269900,4.86,96,8,1058,11.58,5207,7.59,709,-11.36,162.24,2.34
2026-09-03,Monthly,2016-04-01,2016-04-30,5,State,Arizona,9768,7.32,216444,8.22,59,-3,11931,5.97,48944,1.44,14458,22.6,130.93,5.64
2026-09-03,Monthly,2016-04-01,2016-04-30,7,State,Arkansas,2653,17.74,144000,2.86,87,-14,3115,8.04,15771,1.82,2910,32,89.75,4.01
2026-09-03,Monthly,2016-04-01,2016-04-30,9,State,California,31270,-1.26,435000,5.58,39,-1,37655,0.38,123496,-1.35,39456,3.15,278.54,6.64
2026-09-03,Monthly,2016-04-01,2016-04-30,11,State,Colorado,7586,-9.68,325500,13.73,42,-3,8789,-3.95,29922,-7.9,9092,0.39,155.02,10.06
2026-09-03,Monthly,2016-04-01,2016-04-30,17,State,Columbia,777,9.26,525000,0.67,21,2,894,0.06,2579,9.3,903,6.92,462.74,1.05
2026-09-03,Monthly,2016-04-01,2016-04-30,13,State,Connecticut,3856,13.43,218000,2.59,104,-2,5286,-7.96,31134,4.36,3767,13.19,141.15,0.19
2026-09-03,Monthly,2016-04-01,2016-04-30,15,State,Delaware,1085,5.69,220000,0.92,92,-11,1487,-2.84,8192,-0.99,1106,0.58,128.65,2.47
2026-09-03,Monthly,2016-04-01,2016-04-30,19,State,Florida,33242,-1.3,191000,7.3,71,-7,43136,2.47,206032,2.76,43507,2.21,131.06,10.8
2026-09-03,Monthly,2016-04-01,2016-04-30,21,State,Georgia,12223,10.98,189000,7.75,70,-11,16545,6.14,75485,1.61,15951,-3.94,95.51,5.72
2026-09-03,Monthly,2016-04-01,2016-04-30,25,State,Hawaii,1211,4.62,499000,8.48,84,-3,1453,0.47,7915,-2.05,1343,-10.76,471.16,8.94
2026-09-03,Monthly,2016-04-01,2016-04-30,27,State,Idaho,2680,10.84,194900,11.37,73,-18,2853,4.84,13431,-7.54,1295,12.96,117.9,7.08
2026-09-03,Monthly,2016-04-01,2016-04-30,29,State,Illinois,13775,6.95,186500,10.36,61,-8,17180,-1.35,75383,-3.51,16855,6.41,117.79,4.79
2026-09-03,Monthly,2016-04-01,2016-04-30,31,State,Indiana,7479,6.93,134900,3.85,81,-13,8162,-5.3,42385,-10.85,8233,9.22,78.3,4.92
2026-09-03,Monthly,2016-04-01,2016-04-30,33,State,Iowa,3152,11.29,143000,5.93,96,-1,3536,2.05,18824,-1.29,3053,11.24,103.23,6.67
2026-09-03,Monthly,2016-04-01,2016-04-30,35,State,Kansas,2867,4.24,163000,3.12,70,-13,3377,3.64,14525,-10.1,3082,14.98,87.17,4.42
2026-09-03,Monthly,2016-04-01,2016-04-30,37,State,Kentucky,3893,13.46,147500,7.66,64,-39,4789,4.14,20298,-15.31,4505,20.65,91.55,2.83
2026-09-03,Monthly,2016-04-01,2016-04-30,39,State,Louisiana,3049,5.19,178997,0.56,89,-30,3548,10.46,19045,-6.74,3237,18.44,104.83,4.34
2026-09-03,Monthly,2016-04-01,2016-04-30,41,State,Maine,1705,20.55,184000,2.22,91,-57,2322,-1.25,13476,-16.71,2338,32.78,126.53,4.78
2026-09-03,Monthly,2016-04-01,2016-04-30,43,State,Maryland,7165,13.16,255000,5.9,57,-2,9226,0.68,37606,-2.02,8853,9.55,156.81,2.34
2026-09-03,Monthly,2016-04-01,2016-04-30,45,State,Massachusetts,7093,18.91,342000,7.89,39,-51,8439,-7.25,32584,-6.6,9142,7.01,207.31,4.27
2026-09-03,Monthly,2016-04-01,2016-04-30,47,State,Michigan,12058,1.31,139900,11.03,62,-22,14641,-8.8,63453,-16.2,13741,16.26,88.87,10.03
2026-09-03,Monthly,2016-04-01,2016-04-30,49,State,Minnesota,7310,3.8,209500,9.11,55,-6,8335,-2.58,34172,-6.61,8438,-21.95,116.75,5.08
2026-09-03,Monthly,2016-04-01,2016-04-30,51,State,Mississippi,1703,10.91,146000,2.82,104,-9,2157,4.17,12778,0.78,1690,14.19,86.15,2.42
2026-09-03,Monthly,2016-04-01,2016-04-30,2,State,Missouri,7018,11.15,149900,4.31,75,-13,8024,-0.04,38147,-8,9210,19.07,92.19,4.21
2026-09-03,Monthly,2016-04-01,2016-04-30,4,State,Montana,1151,4.28,234250,4.11,97,-4,1462,2.84,7937,-1.64,1165,6.61,133.81,5.37
2026-09-03,Monthly,2016-04-01,2016-04-30,6,State,Nebraska,1949,7.34,154000,2.67,55,-7,2066,4.6,7605,-2.34,2063,5.72,91.02,3.71
2026-09-03,Monthly,2016-04-01,2016-04-30,8,State,Nevada,4305,4.92,219000,5.8,70,-3,5284,3.64,23801,2.34,5678,5.46,132.2,7.68
2026-09-03,Monthly,2016-04-01,2016-04-30,10,State,New Hampshire,1954,22.92,230000,5.5,90,-23,2373,-3.82,12851,-7.11,2607,-18.48,135.64,4.8
2026-09-03,Monthly,2016-04-01,2016-04-30,12,State,New Jersey,8787,14.44,265000,-2.12,109,-5,12611,-4.93,72049,3.62,12970,43.34,168.01,-0.94
2026-09-03,Monthly,2016-04-01,2016-04-30,14,State,New Mexico,1734,6.51,182000,4,102,-5,2313,10.45,11857,3.27,1860,16.4,112.44,2.26
2026-09-03,Monthly,2016-04-01,2016-04-30,16,State,New York,12632,14.37,245000,-2,115,-20,16839,-11.85,101321,-4.53,13614,41.9,147.63,1.65
2026-09-03,Monthly,2016-04-01,2016-04-30,18,State,North Carolina,11285,11.31,193000,6.04,90,-11,14018,4.37,69674,-2.67,13052,14.77,108.07,5.6
2026-09-03,Monthly,2016-04-01,2016-04-30,20,State,North Dakota,566,-9.71,214000,-0.42,94,17,642,-4.71,3220,3.59,527,-8.05,106.23,-9.83
2026-09-03,Monthly,2016-04-01,2016-04-30,22,State,Ohio,12540,12.08,132000,10,76,-10,14612,-4.76,69727,-7.93,15725,2.64,84.76,5.29
2026-09-03,Monthly,2016-04-01,2016-04-30,23,State,Oklahoma,3700,9.1,147000,0,55,-30,4612,7.36,20169,-8.73,4169,9.25,90.65,3.21
2026-09-03,Monthly,2016-04-01,2016-04-30,24,State,Oregon,5437,0.76,290000,9.48,35,-17,6443,2.99,21676,-12.61,6424,3.49,171.78,10.02
2026-09-03,Monthly,2016-04-01,2016-04-30,26,State,Pennsylvania,11997,12.52,164930,3.15,91,-9,14337,-3.87,80111,-4.63,12721,-13.41,108.86,1.28
2026-09-03,Monthly,2016-04-01,2016-04-30,28,State,Rhode Island,1244,23.34,227500,19.74,69,-16,1542,-13.3,7017,-2.65,1535,8.16,140.3,5.59
2026-09-03,Monthly,2016-04-01,2016-04-30,30,State,South Carolina,5882,11.82,184000,4.58,97,-7,7646,7.46,40919,-0.73,6039,5.69,105.4,4.25
2026-09-03,Monthly,2016-04-01,2016-04-30,32,State,South Dakota,808,-0.49,176400,7.73,90,7,899,0.88,4207,-0.88,759,-2.19,104.06,5.11
2026-09-03,Monthly,2016-04-01,2016-04-30,34,State,Tennessee,8353,15.46,177000,8.59,73,-11,9530,-0.92,43711,-2.98,10203,11.69,103.4,6.03
2026-09-03,Monthly,2016-04-01,2016-04-30,36,State,Texas,25250,6.29,210000,6.84,42,0,30971,4.09,115802,11.06,30825,5.47,107.2,6.14
2026-09-03,Monthly,2016-04-01,2016-04-30,38,State,Utah,3935,2.92,242900,7.96,41,-39,4637,4.66,15443,-30.45,4655,27.19,113.85,6.94
2026-09-03,Monthly,2016-04-01,2016-04-30,40,State,Vermont,621,-3.82,212000,0.71,120,-37,1074,0.65,7380,-8.42,908,-15.31,130.3,1.94
2026-09-03,Monthly,2016-04-01,2016-04-30,60,State,Virgin Islands of the U.S.,NA,NA,NA,NA,NA,NA,NA,NA,1,0,NA,NA,NA,NA
2026-09-03,Monthly,2016-04-01,2016-04-30,42,State,Virginia,9263,9.2,269988,1.88,61,-7,12226,-1.01,51349,-3.18,10415,6.96,139.12,1.26
2026-09-03,Monthly,2016-04-01,2016-04-30,44,State,Washington,10013,5.75,307840,8.01,25,-20,11484,7.27,35278,-10.06,14012,3.04,173.35,9.81
2026-09-03,Monthly,2016-04-01,2016-04-30,46,State,West Virginia,909,6.55,149995,4.16,126,13,1128,-2.98,6467,-4.94,996,5.95,90.88,2.94
2026-09-03,Monthly,2016-04-01,2016-04-30,48,State,Wisconsin,6750,8.65,160000,3.56,90,-9,8152,-2.37,40805,-11.91,8903,-32.2,100.83,5.07
2026-09-03,Monthly,2016-04-01,2016-04-30,50,State,Wyoming,603,80.24,210000,-8.3,98,21,850,58.08,4852,54.37,603,87.15,108.45,0.3
2026-09-03,Monthly,2016-03-01,2016-03-31,1,State,Alabama,3918,8.45,155192,2.66,110,-5,5075,21.26,28058,16.96,4330,26.2,91.71,4.25
2026-09-03,Monthly,2016-03-01,2016-03-31,3,State,Alaska,736,-9.45,261000,1.56,93,4,1061,1.35,5139,5.84,735,-7.31,161.7,1.39
2026-09-03,Monthly,2016-03-01,2016-03-31,5,State,Arizona,9595,5.33,211000,6.03,56,-9,11694,3.6,48584,0.24,14061,20.6,130.55,5.99
2026-09-03,Monthly,2016-03-01,2016-03-31,7,State,Arkansas,2553,9.77,139000,1.72,88,-16,3059,15.37,15713,2.87,2851,29.16,89.02,2.48
2026-09-03,Monthly,2016-03-01,2016-03-31,9,State,California,30103,-2.85,422000,5.5,39,0,37561,-0.18,121843,-2.4,38745,0.84,280.05,8.04
2026-09-03,Monthly,2016-03-01,2016-03-31,11,State,Colorado,7306,-12.69,325000,15.66,44,8,8540,-8.79,30456,-5.27,8766,-4.42,152.77,10.43
2026-09-03,Monthly,2016-03-01,2016-03-31,17,State,Columbia,695,8.15,490000,-2,22,1,991,18.9,2588,14.1,877,12.12,451.34,1.21
2026-09-03,Monthly,2016-03-01,2016-03-31,13,State,Connecticut,3845,13.9,200000,-0.99,104,3,6303,20.96,31700,8.93,3685,10.68,142.49,1.06
2026-09-03,Monthly,2016-03-01,2016-03-31,15,State,Delaware,1001,1.25,218000,-0.68,93,-2,1559,8.69,8131,-1.1,1012,-9.56,128.35,0.26
2026-09-03,Monthly,2016-03-01,2016-03-31,19,State,Florida,32345,-3.44,187500,7.14,70,-7,42901,0.9,204555,1.96,42986,5.24,130.05,9.87
2026-09-03,Monthly,2016-03-01,2016-03-31,21,State,Georgia,11943,9.64,182000,7.06,72,-8,16068,5.06,74579,-0.27,15650,-4.1,94.77,6.41
2026-09-03,Monthly,2016-03-01,2016-03-31,25,State,Hawaii,1278,18.13,480000,2.13,86,-4,1465,-1.85,7973,-0.96,1353,21.71,460.17,6.68
2026-09-03,Monthly,2016-03-01,2016-03-31,27,State,Idaho,2514,5.83,188565,7.75,80,-19,2802,-2.2,13135,-8.83,1176,5.02,116.62,6.17
2026-09-03,Monthly,2016-03-01,2016-03-31,29,State,Illinois,13266,1.98,172000,5.85,64,-6,17310,0.11,75623,-2.58,16253,2.63,117.41,3.78
2026-09-03,Monthly,2016-03-01,2016-03-31,31,State,Indiana,7388,7.2,130000,4.84,85,-9,8275,-0.14,43309,-10.12,7974,9.31,78.54,5.67
2026-09-03,Monthly,2016-03-01,2016-03-31,33,State,Iowa,3088,6.91,135000,-0.81,96,-4,3368,-0.58,18928,0.32,3041,8.58,100.89,3.1
2026-09-03,Monthly,2016-03-01,2016-03-31,35,State,Kansas,2878,6.85,157000,3.97,74,-8,3326,2.05,14640,-8.87,3177,23.31,88.15,5.42
2026-09-03,Monthly,2016-03-01,2016-03-31,37,State,Kentucky,3819,11.28,140000,0.07,67,-36,4775,12.89,20292,-14.25,4376,40.18,91.74,2.82
2026-09-03,Monthly,2016-03-01,2016-03-31,39,State,Louisiana,3085,-0.62,177900,4.65,88,-33,3541,2.8,19212,-6.79,3234,16.44,104.72,2.39
2026-09-03,Monthly,2016-03-01,2016-03-31,41,State,Maine,1619,13.16,182500,7.35,88,-50,2494,14.24,13754,-15.07,2293,40.74,127.13,6.7
2026-09-03,Monthly,2016-03-01,2016-03-31,43,State,Maryland,6675,5.12,249900,4.13,59,4,9725,14.43,37969,1.05,8733,11.02,156.96,3.26
2026-09-03,Monthly,2016-03-01,2016-03-31,45,State,Massachusetts,6952,15.52,322000,2.55,41,-50,9616,24.44,33699,-5.07,8884,29.47,208.41,5.57
2026-09-03,Monthly,2016-03-01,2016-03-31,47,State,Michigan,12178,3.73,133500,13.23,66,-22,14679,-8.94,64594,-11.86,13201,13.79,88.84,9.24
2026-09-03,Monthly,2016-03-01,2016-03-31,49,State,Minnesota,7096,1.88,198000,7.03,59,-11,8396,-1.94,30906,-5.97,8359,-12.52,116.43,4.87
2026-09-03,Monthly,2016-03-01,2016-03-31,51,State,Mississippi,1720,9.34,147750,5.61,110,-10,2153,9.05,12833,1.03,1675,10.4,85.98,4.28
2026-09-03,Monthly,2016-03-01,2016-03-31,2,State,Missouri,6809,7.93,143000,2.88,80,-8,8053,0.68,38089,-6.71,8839,20.09,91.88,5.1
2026-09-03,Monthly,2016-03-01,2016-03-31,4,State,Montana,1055,2,234900,2.17,102,1,1583,-1.47,7857,-1.63,1054,0.63,132.3,6.09
2026-09-03,Monthly,2016-03-01,2016-03-31,6,State,Nebraska,1864,4.37,156000,5.41,57,-11,2063,2.13,7665,-7.02,1992,1.1,90,3.47
2026-09-03,Monthly,2016-03-01,2016-03-31,8,State,Nevada,4065,0.99,214000,7,70,-5,5467,4.43,23507,1.7,5408,-2.01,131.4,7.65
2026-09-03,Monthly,2016-03-01,2016-03-31,10,State,New Hampshire,1838,21.4,220000,2.8,103,-10,2458,3.41,12959,-4.42,2642,-13.43,134.44,5.24
2026-09-03,Monthly,2016-03-01,2016-03-31,12,State,New Jersey,8876,17.24,250000,-3.38,112,-2,13590,18.78,73289,11.46,12672,43.57,167.5,0.83
2026-09-03,Monthly,2016-03-01,2016-03-31,14,State,New Mexico,1732,9.8,179500,1.41,109,5,2322,15.46,11684,6.28,1998,35.58,111.39,1.35
2026-09-03,Monthly,2016-03-01,2016-03-31,16,State,New York,12398,12.65,262000,0.77,112,-17,17300,12.54,102061,-0.48,13398,39.08,150.09,4.49
2026-09-03,Monthly,2016-03-01,2016-03-31,18,State,North Carolina,11050,6.88,186000,3.33,94,-11,13678,6.1,69430,-1.95,12864,18.79,107.98,5.88
2026-09-03,Monthly,2016-03-01,2016-03-31,20,State,North Dakota,557,-6.86,217700,3.42,91,15,649,-6.1,3180,3.2,530,-2.64,104.86,-10.33
2026-09-03,Monthly,2016-03-01,2016-03-31,22,State,Ohio,12064,7.29,125000,5.93,77,-20,14870,1.17,70406,-7.63,15542,14.69,85.21,6.29
2026-09-03,Monthly,2016-03-01,2016-03-31,23,State,Oklahoma,3615,5.16,145050,2.51,67,-34,4592,10.39,20202,-7.57,3966,29.03,90.18,3.04
2026-09-03,Monthly,2016-03-01,2016-03-31,24,State,Oregon,5429,3.53,282967,10.13,38,-13,6238,-5.18,21441,-13.99,6267,-1.28,170.21,9.55
2026-09-03,Monthly,2016-03-01,2016-03-31,26,State,Pennsylvania,11369,6.22,155000,0,92,-8,17003,17.08,80761,-2.43,12186,10.72,110.24,2.94
2026-09-03,Monthly,2016-03-01,2016-03-31,28,State,Rhode Island,1159,18.42,218500,15,75,-17,1616,23.63,7165,3.33,1593,28.29,139.7,9
2026-09-03,Monthly,2016-03-01,2016-03-31,30,State,South Carolina,5799,10.42,185000,4.23,102,-8,7584,7.97,40479,-2,6052,-17.64,105.24,3.6
2026-09-03,Monthly,2016-03-01,2016-03-31,32,State,South Dakota,764,-2.68,168000,1.04,86,2,924,3.02,4138,-0.47,742,-3.27,102.78,5.72
2026-09-03,Monthly,2016-03-01,2016-03-31,34,State,Tennessee,7922,10.65,171000,3.7,76,-8,9541,7.02,43910,-0.18,9899,-6.32,102.5,5.82
2026-09-03,Monthly,2016-03-01,2016-03-31,36,State,Texas,25124,4.55,205515,6.76,43,2,31356,7.92,116390,11.89,31220,9.36,106.83,6.91
2026-09-03,Monthly,2016-03-01,2016-03-31,38,State,Utah,3795,-3.94,236756,7.62,50,-30,4564,1.24,19675,-11.63,9206,153.21,112.73,7.1
2026-09-03,Monthly,2016-03-01,2016-03-31,40,State,Vermont,650,6.02,194000,-3,124,-34,1053,0.59,7412,-8.06,928,-8.28,128.96,-0.73
2026-09-03,Monthly,2016-03-01,2016-03-31,60,State,Virgin Islands of the U.S.,NA,NA,NA,NA,NA,NA,NA,NA,1,0,NA,NA,NA,NA
2026-09-03,Monthly,2016-03-01,2016-03-31,42,State,Virginia,9048,5.08,259900,0.35,69,-3,12672,10.13,51460,-1.15,10210,5.99,140.05,1.63
2026-09-03,Monthly,2016-03-01,2016-03-31,44,State,Washington,9745,5.78,300000,9.09,28,-19,11238,-0.17,34803,-12.49,14145,7.29,171.3,9.85
2026-09-03,Monthly,2016-03-01,2016-03-31,46,State,West Virginia,849,-9.17,140000,3.7,118,6,1071,-7.43,6501,-4.77,893,-5.13,90.41,2.8
2026-09-03,Monthly,2016-03-01,2016-03-31,48,State,Wisconsin,6520,4.63,155000,4.03,92,-8,7787,-11.38,40921,-12.21,8199,30.67,98.94,2.83
2026-09-03,Monthly,2016-03-01,2016-03-31,50,State,Wyoming,563,73.36,205350,-14.26,93,17,818,51.08,4726,56.23,570,74.77,108.03,-0.82
2026-09-03,Monthly,2016-02-01,2016-02-29,1,State,Alabama,3878,7.17,150283,1.64,110,2,4775,18.35,27848,16.67,4138,18.14,91.1,4.64
2026-09-03,Monthly,2016-02-01,2016-02-29,3,State,Alaska,726,-5.79,275000,7.84,91,0,1060,7.16,5000,4.5,747,-0.45,162.05,3.52
2026-09-03,Monthly,2016-02-01,2016-02-29,5,State,Arizona,9222,2.76,207100,6.48,60,-7,11922,6.57,48162,-1.07,12330,6.6,130.21,6.87
2026-09-03,Monthly,2016-02-01,2016-02-29,7,State,Arkansas,2449,3.33,135188,-3.09,89,-13,3163,18.86,15554,0.85,2722,21.29,88.97,3.1
2026-09-03,Monthly,2016-02-01,2016-02-29,9,State,California,29422,-1.39,400000,3.9,41,0,37975,2.05,120038,-2.55,38046,0.22,274.2,4.7
2026-09-03,Monthly,2016-02-01,2016-02-29,11,State,Colorado,7218,-10.47,310000,13.14,43,8,8539,-10.09,30606,-5.69,8470,-6.74,151.72,11.88
2026-09-03,Monthly,2016-02-01,2016-02-29,17,State,Columbia,635,-4.53,542500,11.74,24,3,864,6.83,2483,11.32,826,2.3,452.49,3.06
2026-09-03,Monthly,2016-02-01,2016-02-29,13,State,Connecticut,3813,10.97,200000,0.25,102,-3,5271,3.98,31204,5.06,3688,10.18,141.71,1.02
2026-09-03,Monthly,2016-02-01,2016-02-29,15,State,Delaware,1053,1.58,205784,2.89,89,-8,1418,0.59,8084,-2.34,1047,-12.13,128.24,-1.7
2026-09-03,Monthly,2016-02-01,2016-02-29,19,State,Florida,31743,-4.84,180000,9.09,71,-7,43399,4.08,202596,0.38,40683,-0.86,129.84,10.5
2026-09-03,Monthly,2016-02-01,2016-02-29,21,State,Georgia,11788,9.48,175000,6.71,72,-12,16019,5.32,73799,-2.3,15403,-7.07,94.06,5.54
2026-09-03,Monthly,2016-02-01,2016-02-29,25,State,Hawaii,1191,5.96,475000,5.56,89,-9,1512,3.25,7952,-0.99,1368,19.04,462.71,4.97
2026-09-03,Monthly,2016-02-01,2016-02-29,27,State,Idaho,2395,3.17,185250,11.42,84,-16,2627,-6.04,12970,-8.62,1104,-0.74,115.33,6.85
2026-09-03,Monthly,2016-02-01,2016-02-29,29,State,Illinois,13107,2.91,160000,8.84,64,-6,17095,3.56,75899,-2,15315,-1.99,115.84,3.01
2026-09-03,Monthly,2016-02-01,2016-02-29,31,State,Indiana,7310,5.38,122000,4.27,86,-6,8133,-0.27,43268,-12.62,7737,3.59,76.41,2.04
2026-09-03,Monthly,2016-02-01,2016-02-29,33,State,Iowa,2998,3.72,135000,5.22,94,-5,3287,-1.13,18841,-0.13,2866,-0.61,101.62,4.9
2026-09-03,Monthly,2016-02-01,2016-02-29,35,State,Kansas,2694,0.13,145000,1.4,77,-8,3248,-4.76,14685,-7.85,3026,17.78,85.65,5.33
2026-09-03,Monthly,2016-02-01,2016-02-29,37,State,Kentucky,3803,13.71,133700,1.29,70,-29,4443,11.69,20143,-14.8,4142,32.96,90.81,1.7
2026-09-03,Monthly,2016-02-01,2016-02-29,39,State,Louisiana,3174,6.75,171000,1.24,92,-27,3735,12.02,19128,-7.08,3267,18.58,104.85,4.5
2026-09-03,Monthly,2016-02-01,2016-02-29,41,State,Maine,1584,7.32,165000,-1.64,92,-56,2373,25.3,13435,-17.21,2029,34.96,122.17,0.85
2026-09-03,Monthly,2016-02-01,2016-02-29,43,State,Maryland,6920,12.27,235000,2.17,55,0,8408,-0.57,37050,-3.09,8594,8.58,154.88,1.5
2026-09-03,Monthly,2016-02-01,2016-02-29,45,State,Massachusetts,6920,13.27,305000,-1.61,41,-46,8058,40.31,32891,-12.52,8495,39.69,205.45,7.01
2026-09-03,Monthly,2016-02-01,2016-02-29,47,State,Michigan,12060,3.14,123600,20,67,-19,14696,1.9,65251,-9.3,13072,12.15,88.94,10.55
2026-09-03,Monthly,2016-02-01,2016-02-29,49,State,Minnesota,6921,1.41,184876,4.16,59,-11,8235,-3.08,26225,-7.79,7860,8.78,115.59,4.68
2026-09-03,Monthly,2016-02-01,2016-02-29,51,State,Mississippi,1636,8.28,139500,0.36,115,4,2145,3.24,12756,-0.36,1567,6.83,87.13,3.82
2026-09-03,Monthly,2016-02-01,2016-02-29,2,State,Missouri,6783,7.89,135000,3.85,81,-9,8020,0.29,37762,-6.84,8223,14.54,89.74,1.81
2026-09-03,Monthly,2016-02-01,2016-02-29,4,State,Montana,1030,6.67,235000,6.87,95,-14,1450,-6.84,7723,0.18,1046,7.97,128.74,4.09
2026-09-03,Monthly,2016-02-01,2016-02-29,6,State,Nebraska,1792,2.88,153000,7.75,56,-20,2024,1.11,7625,-10.65,1945,2.06,88.91,3.35
2026-09-03,Monthly,2016-02-01,2016-02-29,8,State,Nevada,3826,1.33,215000,8.04,73,-1,5451,8.64,23095,1.74,5213,1.52,130.2,7.86
2026-09-03,Monthly,2016-02-01,2016-02-29,10,State,New Hampshire,1854,25.36,210000,-2.28,93,-5,2405,5.76,12807,-6.52,2566,-37.71,134.11,5.22
2026-09-03,Monthly,2016-02-01,2016-02-29,12,State,New Jersey,8811,15.11,247500,-4.81,111,-3,12680,19,73532,15.31,12728,45.12,164.2,-0.35
2026-09-03,Monthly,2016-02-01,2016-02-29,14,State,New Mexico,1608,5.76,172000,1.24,104,-6,2164,6.05,11263,8.13,1920,34.36,111.56,1.65
2026-09-03,Monthly,2016-02-01,2016-02-29,16,State,New York,12479,13.24,260000,-4.59,110,-18,16629,8.04,101352,-1.08,13132,28.59,146.31,-2.25
2026-09-03,Monthly,2016-02-01,2016-02-29,18,State,North Carolina,10846,7.16,178000,3.49,90,-12,13050,8.63,69461,-1.16,12201,11.99,106.6,4.42
2026-09-03,Monthly,2016-02-01,2016-02-29,20,State,North Dakota,585,3.71,201948,3.56,89,13,621,-7.41,3174,5.21,547,1.69,108.08,-6.82
2026-09-03,Monthly,2016-02-01,2016-02-29,22,State,Ohio,11776,6.72,115000,5.5,76,-14,14796,5.36,70618,-7.53,15221,42.95,84.2,4.94
2026-09-03,Monthly,2016-02-01,2016-02-29,23,State,Oklahoma,3341,-2.26,141000,0.71,72,-35,4647,6.77,19986,-8.11,3903,22.98,90.23,3.85
2026-09-03,Monthly,2016-02-01,2016-02-29,24,State,Oregon,5437,12.81,268000,9.39,40,-18,6296,-3.99,21530,-12.72,6120,-2.99,167.71,8.37
2026-09-03,Monthly,2016-02-01,2016-02-29,26,State,Pennsylvania,11566,7.43,148950,1.33,90,-7,14288,-0.86,79023,-5.37,12354,9.61,107.85,0.95
2026-09-03,Monthly,2016-02-01,2016-02-29,58,State,Puerto Rico,NA,NA,NA,NA,NA,NA,NA,NA,NA,NA,NA,NA,NA,NA
2026-09-03,Monthly,2016-02-01,2016-02-29,28,State,Rhode Island,1146,12.96,204500,10.54,67,-14,1448,15.8,7052,-0.79,1552,28.64,139.12,7.99
2026-09-03,Monthly,2016-02-01,2016-02-29,30,State,South Carolina,5737,14.27,179000,2.14,98,-14,7467,7.44,40320,-3.07,5960,15.14,104.27,4.11
2026-09-03,Monthly,2016-02-01,2016-02-29,32,State,South Dakota,781,1.44,169813,2.92,83,-4,880,-7.59,4035,-0.39,777,2.82,103.01,5.12
2026-09-03,Monthly,2016-02-01,2016-02-29,34,State,Tennessee,7716,7.06,168500,6.65,76,-12,9440,20.02,43646,-1.34,9590,11.45,102.16,5.31
2026-09-03,Monthly,2016-02-01,2016-02-29,36,State,Texas,24595,4.6,197500,5.05,43,2,30991,5.61,115809,10.29,30664,6.18,106.01,5.91
2026-09-03,Monthly,2016-02-01,2016-02-29,38,State,Utah,3339,-10.92,235000,8.8,71,-15,4492,-4.67,19169,-13.54,2826,-20.63,110.48,5.49
2026-09-03,Monthly,2016-02-01,2016-02-29,40,State,Vermont,660,3.19,181115,-8.06,139,-10,1024,10.4,7454,-8.06,913,-33.89,129.57,6.04
2026-09-03,Monthly,2016-02-01,2016-02-29,60,State,Virgin Islands of the U.S.,NA,NA,NA,NA,NA,NA,1,NA,1,0,NA,NA,1221.78,NA
2026-09-03,Monthly,2016-02-01,2016-02-29,42,State,Virginia,9015,7.51,249000,-1.19,67,-4,11322,4.21,50636,-4.34,9698,-0.79,138.94,0.25
2026-09-03,Monthly,2016-02-01,2016-02-29,44,State,Washington,9368,5.24,289900,7.97,32,-16,10754,-5.05,34477,-13.07,13417,3.02,169.66,8.65
2026-09-03,Monthly,2016-02-01,2016-02-29,46,State,West Virginia,858,-2.34,136550,3.06,113,7,957,1.91,6621,-4.03,896,-5.11,90.21,3.1
2026-09-03,Monthly,2016-02-01,2016-02-29,48,State,Wisconsin,6473,6.77,145050,5.11,90,-13,7658,-10.69,41419,-10.54,5980,0.15,99.81,3.94
2026-09-03,Monthly,2016-02-01,2016-02-29,50,State,Wyoming,543,64.38,199000,-9.34,100,16,819,63.47,4580,57.43,557,68.96,106.64,-3.64
2026-09-03,Monthly,2016-01-01,2016-01-31,1,State,Alabama,4015,13.05,150000,5.63,108,-5,4960,19.24,27918,17.48,4265,23.09,90.88,2.49
2026-09-03,Monthly,2016-01-01,2016-01-31,3,State,Alaska,776,1.94,257000,4.47,100,11,1050,11.61,4989,5.59,753,0.64,163.86,4.68
2026-09-03,Monthly,2016-01-01,2016-01-31,5,State,Arizona,9653,12.06,207000,8.95,58,-7,11901,6.65,47298,-2.52,11423,3.98,129.64,6.7
2026-09-03,Monthly,2016-01-01,2016-01-31,7,State,Arkansas,2594,17.64,138000,8.24,88,-14,2963,7.2,15449,0.54,2773,32.61,90.29,6.76
2026-09-03,Monthly,2016-01-01,2016-01-31,9,State,California,31872,11.36,405000,8,38,-4,37691,2.64,118790,-2.56,37008,1.42,274.08,5.79
2026-09-03,Monthly,2016-01-01,2016-01-31,11,State,Colorado,7995,5.4,300000,13.21,46,12,8806,-2.53,31004,-3.59,8710,-0.2,151.62,12.9
2026-09-03,Monthly,2016-01-01,2016-01-31,17,State,Columbia,697,-0.81,499000,2.89,22,-1,890,14.66,2421,8.38,772,-7.86,454.91,1.4
2026-09-03,Monthly,2016-01-01,2016-01-31,13,State,Connecticut,3767,16.35,205000,-0.12,100,-6,5500,6.59,31411,4.41,3753,16.23,142.97,1.83
2026-09-03,Monthly,2016-01-01,2016-01-31,15,State,Delaware,1071,3.84,210000,0.72,87,-7,1488,3.79,8142,-1.39,1093,-1.53,130.1,4.04
2026-09-03,Monthly,2016-01-01,2016-01-31,19,State,Florida,34310,5.56,179900,12.44,72,-9,43350,3.05,200581,-1.27,41095,0.83,128.74,11.36
2026-09-03,Monthly,2016-01-01,2016-01-31,21,State,Georgia,12021,14.5,170000,8.87,73,-9,16217,2.62,73989,-2.67,15456,-21.89,94,6.65
2026-09-03,Monthly,2016-01-01,2016-01-31,25,State,Hawaii,1240,9.73,460007,-3.32,87,-11,1560,4.3,7936,0.19,1375,27.04,444.92,-0.03
2026-09-03,Monthly,2016-01-01,2016-01-31,27,State,Idaho,2427,12.88,184000,8.24,88,-8,2521,3.04,12919,-7.07,1134,13.12,115.14,6.75
2026-09-03,Monthly,2016-01-01,2016-01-31,29,State,Illinois,13670,8.87,163000,8.99,65,-2,17186,2.87,76628,-1.41,15171,-1.59,116.14,5.98
2026-09-03,Monthly,2016-01-01,2016-01-31,31,State,Indiana,7369,7.65,120000,5.36,83,-12,8106,-3.87,44015,-12.28,7768,6.82,76.93,5.59
2026-09-03,Monthly,2016-01-01,2016-01-31,33,State,Iowa,3139,17.85,135000,7.06,97,-3,3283,-0.42,19045,2.11,3122,20.31,99.73,5.33
2026-09-03,Monthly,2016-01-01,2016-01-31,35,State,Kansas,2695,9.55,147000,1.38,77,-9,3091,-3.3,14792,-5.12,3134,29.11,85.91,2.31
2026-09-03,Monthly,2016-01-01,2016-01-31,37,State,Kentucky,3677,9.59,139900,7.66,71,-25,4359,-1.56,20330,-14.59,4109,34.88,90.95,3.9
2026-09-03,Monthly,2016-01-01,2016-01-31,39,State,Louisiana,3293,12.24,167950,3.67,91,-28,3638,7.57,19058,-6.99,3315,24.07,105.38,5.28
2026-09-03,Monthly,2016-01-01,2016-01-31,41,State,Maine,1633,13.06,177000,10.01,111,-33,2324,13.06,14469,-12.62,3384,117.28,122.88,3.92
2026-09-03,Monthly,2016-01-01,2016-01-31,43,State,Maryland,7181,17.68,239000,5.29,53,-4,8150,-6.02,37672,-1.92,8479,7.62,152.82,1.76
2026-09-03,Monthly,2016-01-01,2016-01-31,45,State,Massachusetts,7044,18.8,325000,0.93,40,-50,8974,17.14,33382,-15.52,8559,17.35,208.29,4.76
2026-09-03,Monthly,2016-01-01,2016-01-31,47,State,Michigan,12454,9.59,122000,16.19,71,-16,14901,3.24,70582,-2.46,15113,33.12,88.43,9.53
2026-09-03,Monthly,2016-01-01,2016-01-31,49,State,Minnesota,7330,13.56,189500,9.86,56,-14,8178,3.7,23989,-10.59,7915,18.42,115.05,4.65
2026-09-03,Monthly,2016-01-01,2016-01-31,51,State,Mississippi,1712,15.89,135000,1.5,111,-5,2105,0.44,12787,-0.07,1672,17.09,85.63,2.16
2026-09-03,Monthly,2016-01-01,2016-01-31,2,State,Missouri,6875,12.93,135000,8,84,-6,7905,-7.87,38171,-3.42,8397,19.11,90.89,5.14
2026-09-03,Monthly,2016-01-01,2016-01-31,4,State,Montana,1119,20.59,229900,9.53,97,-7,1406,6.6,7719,2.37,1114,19.88,131.67,11.15
2026-09-03,Monthly,2016-01-01,2016-01-31,6,State,Nebraska,1799,9.42,155000,9.93,50,-36,2093,11.94,7614,-9,1892,26.75,88.22,3
2026-09-03,Monthly,2016-01-01,2016-01-31,8,State,Nevada,4185,14.49,210000,7.69,73,-4,5467,10.18,22517,-0.45,5140,1.16,128.92,8.05
2026-09-03,Monthly,2016-01-01,2016-01-31,10,State,New Hampshire,1924,29.06,215050,3.51,95,-19,2375,2.15,13359,1.14,2568,69.16,134.5,4.99
2026-09-03,Monthly,2016-01-01,2016-01-31,12,State,New Jersey,9099,22.98,265000,-2.93,109,-6,12276,15.7,73446,16.91,12461,45.98,163.21,-0.06
2026-09-03,Monthly,2016-01-01,2016-01-31,14,State,New Mexico,1737,15.75,175000,2.94,104,-12,2004,0.99,11182,18.45,1916,31.95,111.65,1.11
2026-09-03,Monthly,2016-01-01,2016-01-31,16,State,New York,12240,7.99,264999,-16.4,116,-14,16916,4.75,102007,-1.38,12911,19.55,144.93,-2.49
2026-09-03,Monthly,2016-01-01,2016-01-31,18,State,North Carolina,10932,9.11,180000,6.82,91,-13,13067,2.11,70217,-0.25,12106,10.93,106.28,4.85
2026-09-03,Monthly,2016-01-01,2016-01-31,20,State,North Dakota,585,2.1,206289,3.2,90,9,681,10.24,3181,6.26,547,1.61,109.46,-8.09
2026-09-03,Monthly,2016-01-01,2016-01-31,22,State,Ohio,12482,16.49,115000,9,76,-16,14995,4.52,71294,-6.94,15067,39.98,84.51,6.02
2026-09-03,Monthly,2016-01-01,2016-01-31,23,State,Oklahoma,3581,7.4,143000,3.62,70,-36,4452,4.99,19967,-5.37,4005,27.52,89.25,2.3
2026-09-03,Monthly,2016-01-01,2016-01-31,24,State,Oregon,6014,30.55,267000,8.98,41,-17,6348,7.04,21659,-10.47,6214,4.63,167.08,9.74
2026-09-03,Monthly,2016-01-01,2016-01-31,26,State,Pennsylvania,11993,16.75,155000,4.03,90,-6,14361,-0.56,80000,-4.48,12429,14.43,108.3,3.21
2026-09-03,Monthly,2016-01-01,2016-01-31,28,State,Rhode Island,1131,12.09,206000,7.43,73,-6,1567,13.89,7135,-2.32,1438,17.36,136.63,2.35
2026-09-03,Monthly,2016-01-01,2016-01-31,30,State,South Carolina,6319,28.13,180000,5.88,101,-12,7546,-12.01,40704,-0.8,6048,18.36,104.89,9.56
2026-09-03,Monthly,2016-01-01,2016-01-31,32,State,South Dakota,732,-1.42,174900,8.13,84,-6,897,6.75,3946,0.93,730,-1.35,104.64,5.59
2026-09-03,Monthly,2016-01-01,2016-01-31,34,State,Tennessee,8077,12.14,165500,6.77,76,-15,8915,-2.38,43022,-7.86,9710,-31.12,101.46,5.3
2026-09-03,Monthly,2016-01-01,2016-01-31,36,State,Texas,25802,9.77,190000,5.56,43,0,31327,8.6,114595,9.84,30641,7.13,105.86,5.99
2026-09-03,Monthly,2016-01-01,2016-01-31,38,State,Utah,3797,16.81,227027,5.59,69,-19,4449,0.12,18895,-12.44,3654,10.15,111.35,6.39
2026-09-03,Monthly,2016-01-01,2016-01-31,40,State,Vermont,822,51.06,199000,11.8,135,-20,1078,-2.6,7592,-4.02,887,87.02,129.54,2.89
2026-09-03,Monthly,2016-01-01,2016-01-31,42,State,Virginia,8979,7.39,250000,0.04,64,-5,10812,-4.81,51203,-5.39,9728,-1.55,137.95,1.97
2026-09-03,Monthly,2016-01-01,2016-01-31,44,State,Washington,9841,13.42,281250,6.94,31,-15,10956,8.5,34266,-12.64,13471,9.14,169.15,9.28
2026-09-03,Monthly,2016-01-01,2016-01-31,46,State,West Virginia,911,6.32,136750,9.4,112,1,1029,-13.32,6829,-3.46,926,1.14,89.43,2.56
2026-09-03,Monthly,2016-01-01,2016-01-31,48,State,Wisconsin,6631,12.83,147600,9.33,92,-12,7999,2.1,42374,-8.05,6482,10.4,100.15,6.76
2026-09-03,Monthly,2016-01-01,2016-01-31,50,State,Wyoming,547,64.48,220000,7.32,97,17,772,60.99,4403,56.45,559,69.71,107.54,-0.18
